id,faction,name,type,rarity,cost,keywords,ability_ru,flavor_ru,art_prompt,negative_prompt,size,save_as,template,zone_note
aur_31,Aurites,Рассветный клирик,Creature,Common,6,Battlecry,Боевой клич: Восстановите 5 здоровья (ваш герой); Все ваши существа получают Щит. Боевой клич.,Между ударами сердца есть дверь. Я видел её.,"intricate detailing, dark fantasy trading card game illustration, a single heroic creature character: ""Первосвященник Ауры"", radiant white marble citadel, golden filigree, soft god-rays, pale blue holy light, feathered wings, polished brass armor, luminous runes floating in air, erupting war cry shockwave at arrival, gentle restorative golden light knitting wounds, centered composition, key subject inside the central safe band (vertical 10%-70% of frame, focus at 50%/38%), keep top 10% and bottom 30% calm and uncluttered for card name and text plates, rich color grading, painterly brushwork, high detail --ar 3:4 --style raw --v 6","text, letters, watermark, signature, ui, frame, border, extra limbs, deformed hands, lowres, blurry, jpeg artifacts, modern clothing, photograph, 3d render plastic look",512x720,art_raw/aur_31.png,_processed/templates/card_template_512x720.png,"видимое окно y72-504; безопасная зона x41-471 y101-475; фокус (256,274)"
aur_32,Aurites,Храмовый монолит,Creature,Common,2,Battlecry,Боевой клич: Возьмите 1 карт(у). Боевой клич.,"Цена силы — след, который она оставляет.","dark fantasy trading card game illustration, a single heroic creature character: ""Хранитель реликвий"", radiant white marble citadel, golden filigree, soft god-rays, pale blue holy light, feathered wings, polished brass armor, luminous runes floating in air, erupting war cry shockwave at arrival, streams of knowledge runes flying into an open hand, centered composition, key subject inside the central safe band (vertical 10%-70% of frame, focus at 50%/38%), keep top 10% and bottom 30% calm and uncluttered for card name and text plates, rich color grading, painterly brushwork, high detail --ar 3:4 --style raw --v 6","text, letters, watermark, signature, ui, frame, border, extra limbs, deformed hands, lowres, blurry, jpeg artifacts, modern clothing, photograph, 3d render plastic look",512x720,art_raw/aur_32.png,_processed/templates/card_template_512x720.png,"видимое окно y72-504; безопасная зона x41-471 y101-475; фокус (256,274)"
aur_33,Aurites,Рассветный герольд,Creature,Common,5,Taunt,Провокация.,Между ударами сердца есть дверь. Я видел её.,"dark fantasy trading card game illustration, a single heroic creature character: ""Гранитный бастион"", radiant white marble citadel, golden filigree, soft god-rays, pale blue holy light, feathered wings, polished brass armor, luminous runes floating in air, imposing guardian stance shielding allies behind, centered composition, key subject inside the central safe band (vertical 10%-70% of frame, focus at 50%/38%), keep top 10% and bottom 30% calm and uncluttered for card name and text plates, rich color grading, painterly brushwork, high detail --ar 3:4 --style raw --v 6","text, letters, watermark, signature, ui, frame, border, extra limbs, deformed hands, lowres, blurry, jpeg artifacts, modern clothing, photograph, 3d render plastic look",512x720,art_raw/aur_33.png,_processed/templates/card_template_512x720.png,"видимое окно y72-504; безопасная зона x41-471 y101-475; фокус (256,274)"
aur_34,Aurites,Лучезарный клирик,Creature,Rare,7,Taunt,В начале вашего хода: Восстановите 3 здоровья (ваш герой). Провокация.,Пепел честнее золота: он не притворяется.,"epic cinematic composition, volumetric light, dark fantasy trading card game illustration, a single heroic creature character: ""Престол Вечного Света"", radiant white marble citadel, golden filigree, soft god-rays, pale blue holy light, feathered wings, polished brass armor, luminous runes floating in air, imposing guardian stance shielding allies behind, centered composition, key subject inside the central safe band (vertical 10%-70% of frame, focus at 50%/38%), keep top 10% and bottom 30% calm and uncluttered for card name and text plates, rich color grading, painterly brushwork, high detail --ar 3:4 --style raw --v 6","text, letters, watermark, signature, ui, frame, border, extra limbs, deformed hands, lowres, blurry, jpeg artifacts, modern clothing, photograph, 3d render plastic look",512x720,art_raw/aur_34.png,_processed/templates/card_template_512x720.png,"видимое окно y72-504; безопасная зона x41-471 y101-475; фокус (256,274)"
aur_35,Aurites,Клятвенный оракул,Creature,Rare,5,Taunt,Провокация.,"Эхо помнит даже то, что Цитадель предпочла забыть.","dark fantasy trading card game illustration, a single heroic creature character: ""Гранитный бастион"", radiant white marble citadel, golden filigree, soft god-rays, pale blue holy light, feathered wings, polished brass armor, luminous runes floating in air, imposing guardian stance shielding allies behind, centered composition, key subject inside the central safe band (vertical 10%-70% of frame, focus at 50%/38%), keep top 10% and bottom 30% calm and uncluttered for card name and text plates, rich color grading, painterly brushwork, high detail --ar 3:4 --style raw --v 6","text, letters, watermark, signature, ui, frame, border, extra limbs, deformed hands, lowres, blurry, jpeg artifacts, modern clothing, photograph, 3d render plastic look",512x720,art_raw/aur_35.png,_processed/templates/card_template_512x720.png,"видимое окно y72-504; безопасная зона x41-471 y101-475; фокус (256,274)"
aur_36,Aurites,Храмовый герольд,Creature,Rare,6,Battlecry,Боевой клич: Все ваши существа получают Щит. Боевой клич.,Руины — это не конец. Это черновик.,"dark fantasy trading card game illustration, a single heroic creature character: ""Серафим Зари"", radiant white marble citadel, golden filigree, soft god-rays, pale blue holy light, feathered wings, polished brass armor, luminous runes floating in air, air element, erupting war cry shockwave at arrival, a domed shimmering barrier rising over allies, centered composition, key subject inside the central safe band (vertical 10%-70% of frame, focus at 50%/38%), keep top 10% and bottom 30% calm and uncluttered for card name and text plates, rich color grading, painterly brushwork, high detail --ar 3:4 --style raw --v 6","text, letters, watermark, signature, ui, frame, border, extra limbs, deformed hands, lowres, blurry, jpeg artifacts, modern clothing, photograph, 3d render plastic look",512x720,art_raw/aur_36.png,_processed/templates/card_template_512x720.png,"видимое окно y72-504; безопасная зона x41-471 y101-475; фокус (256,274)"
aur_37,Aurites,Светоносный хранитель,Creature,Common,2,Battlecry,Боевой клич: Возьмите 1 карт(у). Боевой клич.,Тишина перед бурей — это тоже буря.,"dark fantasy trading card game illustration, a single heroic creature character: ""Хранитель реликвий"", radiant white marble citadel, golden filigree, soft god-rays, pale blue holy light, feathered wings, polished brass armor, luminous runes floating in air, erupting war cry shockwave at arrival, streams of knowledge runes flying into an open hand, centered composition, key subject inside the central safe band (vertical 10%-70% of frame, focus at 50%/38%), keep top 10% and bottom 30% calm and uncluttered for card name and text plates, rich color grading, painterly brushwork, high detail --ar 3:4 --style raw --v 6","text, letters, watermark, signature, ui, frame, border, extra limbs, deformed hands, lowres, blurry, jpeg artifacts, modern clothing, photograph, 3d render plastic look",512x720,art_raw/aur_37.png,_processed/templates/card_template_512x720.png,"видимое окно y72-504; безопасная зона x41-471 y101-475; фокус (256,274)"
aur_38,Aurites,Лучезарный грифон,Creature,Common,2,Battlecry,Боевой клич: Возьмите 1 карт(у). Боевой клич.,Пепел честнее золота: он не притворяется.,"dark fantasy trading card game illustration, a single heroic creature character: ""Хранитель реликвий"", radiant white marble citadel, golden filigree, soft god-rays, pale blue holy light, feathered wings, polished brass armor, luminous runes floating in air, erupting war cry shockwave at arrival, streams of knowledge runes flying into an open hand, centered composition, key subject inside the central safe band (vertical 10%-70% of frame, focus at 50%/38%), keep top 10% and bottom 30% calm and uncluttered for card name and text plates, rich color grading, painterly brushwork, high detail --ar 3:4 --style raw --v 6","text, letters, watermark, signature, ui, frame, border, extra limbs, deformed hands, lowres, blurry, jpeg artifacts, modern clothing, photograph, 3d render plastic look",512x720,art_raw/aur_38.png,_processed/templates/card_template_512x720.png,"видимое окно y72-504; безопасная зона x41-471 y101-475; фокус (256,274)"
aur_39,Aurites,Обетный герольд,Creature,Legendary,2,Battlecry,Боевой клич: Восстановите 3 здоровья (ваш герой). Боевой клич.,Корни глубже стен. Всегда глубже.,"dark fantasy trading card game illustration, a single heroic creature character: ""Рассветный капеллан"", radiant white marble citadel, golden filigree, soft god-rays, pale blue holy light, feathered wings, polished brass armor, luminous runes floating in air, erupting war cry shockwave at arrival, gentle restorative golden light knitting wounds, centered composition, key subject inside the central safe band (vertical 10%-70% of frame, focus at 50%/38%), keep top 10% and bottom 30% calm and uncluttered for card name and text plates, rich color grading, painterly brushwork, high detail --ar 3:4 --style raw --v 6","text, letters, watermark, signature, ui, frame, border, extra limbs, deformed hands, lowres, blurry, jpeg artifacts, modern clothing, photograph, 3d render plastic look",512x720,art_raw/aur_39.png,_processed/templates/card_template_512x720.png,"видимое окно y72-504; безопасная зона x41-471 y101-475; фокус (256,274)"
aur_40,Aurites,Лучезарный пилгрим,Creature,Rare,6,Battlecry,Боевой клич: Все ваши существа получают Щит. Боевой клич.,Между ударами сердца есть дверь. Я видел её.,"dark fantasy trading card game illustration, a single heroic creature character: ""Серафим Зари"", radiant white marble citadel, golden filigree, soft god-rays, pale blue holy light, feathered wings, polished brass armor, luminous runes floating in air, air element, erupting war cry shockwave at arrival, a domed shimmering barrier rising over allies, centered composition, key subject inside the central safe band (vertical 10%-70% of frame, focus at 50%/38%), keep top 10% and bottom 30% calm and uncluttered for card name and text plates, rich color grading, painterly brushwork, high detail --ar 3:4 --style raw --v 6","text, letters, watermark, signature, ui, frame, border, extra limbs, deformed hands, lowres, blurry, jpeg artifacts, modern clothing, photograph, 3d render plastic look",512x720,art_raw/aur_40.png,_processed/templates/card_template_512x720.png,"видимое окно y72-504; безопасная зона x41-471 y101-475; фокус (256,274)"
aur_41,Aurites,Обетный оракул,Creature,Common,5,Taunt Lifesteal,Провокация / Вампиризм.,Корни глубже стен. Всегда глубже.,"intricate detailing, dark fantasy trading card game illustration, a single heroic creature character: ""Архангел Завета"", radiant white marble citadel, golden filigree, soft god-rays, pale blue holy light, feathered wings, polished brass armor, luminous runes floating in air, air element, imposing guardian stance shielding allies behind, wisps of drained essence flowing toward it, centered composition, key subject inside the central safe band (vertical 10%-70% of frame, focus at 50%/38%), keep top 10% and bottom 30% calm and uncluttered for card name and text plates, rich color grading, painterly brushwork, high detail --ar 3:4 --style raw --v 6","text, letters, watermark, signature, ui, frame, border, extra limbs, deformed hands, lowres, blurry, jpeg artifacts, modern clothing, photograph, 3d render plastic look",512x720,art_raw/aur_41.png,_processed/templates/card_template_512x720.png,"видимое окно y72-504; безопасная зона x41-471 y101-475; фокус (256,274)"
aur_42,Aurites,Храмовый пилгрим,Creature,Rare,6,Battlecry,Боевой клич: Все ваши существа получают Щит. Боевой клич.,Свет не спорит с тьмой. Он просто приходит.,"dark fantasy trading card game illustration, a single heroic creature character: ""Серафим Зари"", radiant white marble citadel, golden filigree, soft god-rays, pale blue holy light, feathered wings, polished brass armor, luminous runes floating in air, air element, erupting war cry shockwave at arrival, a domed shimmering barrier rising over allies, centered composition, key subject inside the central safe band (vertical 10%-70% of frame, focus at 50%/38%), keep top 10% and bottom 30% calm and uncluttered for card name and text plates, rich color grading, painterly brushwork, high detail --ar 3:4 --style raw --v 6","text, letters, watermark, signature, ui, frame, border, extra limbs, deformed hands, lowres, blurry, jpeg artifacts, modern clothing, photograph, 3d render plastic look",512x720,art_raw/aur_42.png,_processed/templates/card_template_512x720.png,"видимое окно y72-504; безопасная зона x41-471 y101-475; фокус (256,274)"
aur_43,Aurites,Рассветный бастион,Creature,Rare,7,Battlecry,Боевой клич: Восстановите 5 здоровья (ваш герой); Все ваши существа получают Щит. Боевой клич.,Между ударами сердца есть дверь. Я видел её.,"intricate detailing, dark fantasy trading card game illustration, a single heroic creature character: ""Первосвященник Ауры"", radiant white marble citadel, golden filigree, soft god-rays, pale blue holy light, feathered wings, polished brass armor, luminous runes floating in air, erupting war cry shockwave at arrival, gentle restorative golden light knitting wounds, centered composition, key subject inside the central safe band (vertical 10%-70% of frame, focus at 50%/38%), keep top 10% and bottom 30% calm and uncluttered for card name and text plates, rich color grading, painterly brushwork, high detail --ar 3:4 --style raw --v 6","text, letters, watermark, signature, ui, frame, border, extra limbs, deformed hands, lowres, blurry, jpeg artifacts, modern clothing, photograph, 3d render plastic look",512x720,art_raw/aur_43.png,_processed/templates/card_template_512x720.png,"видимое окно y72-504; безопасная зона x41-471 y101-475; фокус (256,274)"
aur_44,Aurites,Сияющий пилгрим,Creature,Legendary,6,Taunt Lifesteal,Провокация / Вампиризм.,Свет не спорит с тьмой. Он просто приходит.,"intricate detailing, dark fantasy trading card game illustration, a single heroic creature character: ""Архангел Завета"", radiant white marble citadel, golden filigree, soft god-rays, pale blue holy light, feathered wings, polished brass armor, luminous runes floating in air, air element, imposing guardian stance shielding allies behind, wisps of drained essence flowing toward it, centered composition, key subject inside the central safe band (vertical 10%-70% of frame, focus at 50%/38%), keep top 10% and bottom 30% calm and uncluttered for card name and text plates, rich color grading, painterly brushwork, high detail --ar 3:4 --style raw --v 6","text, letters, watermark, signature, ui, frame, border, extra limbs, deformed hands, lowres, blurry, jpeg artifacts, modern clothing, photograph, 3d render plastic look",512x720,art_raw/aur_44.png,_processed/templates/card_template_512x720.png,"видимое окно y72-504; безопасная зона x41-471 y101-475; фокус (256,274)"
aur_s10,Pyromancer,Обетный пилгрим,Spell·Instant,Epic,2,,Наносит 2 урона (вражеский герой); Нанесите 1 урона всем вражеским существам.,"Цена силы — след, который она оставляет.","dark fantasy trading card game illustration, a burst of magical energy: ""Раскалённые угли"", molten lava cracks, ember storm, scorched obsidian, orange-red fire magic, smoke and ash, glowing forge runes, fire element, a focused burst of destructive energy lancing toward a single foe, a destruction wave rolling over enemy ranks only, centered composition, key subject inside the central safe band (vertical 10%-70% of frame, focus at 50%/38%), keep top 10% and bottom 30% calm and uncluttered for card name and text plates, rich color grading, painterly brushwork, high detail --ar 3:4 --style raw --v 6","text, letters, watermark, signature, ui, frame, border, extra limbs, deformed hands, lowres, blurry, jpeg artifacts, modern clothing, photograph, 3d render plastic look",512x720,art_raw/aur_s10.png,_processed/templates/card_template_512x720.png,"видимое окно y72-504; безопасная зона x41-471 y101-475; фокус (256,274)"
aur_s11,Aurites,Золотопёрый клирик,Spell·Instant,Common,1,,Наносит 4 урона (вражеское существо).,Руины — это не конец. Это черновик.,"dark fantasy trading card game illustration, a burst of magical energy: ""Приговор Света"", radiant white marble citadel, golden filigree, soft god-rays, pale blue holy light, feathered wings, polished brass armor, luminous runes floating in air, a focused burst of destructive energy lancing toward a single foe, centered composition, key subject inside the central safe band (vertical 10%-70% of frame, focus at 50%/38%), keep top 10% and bottom 30% calm and uncluttered for card name and text plates, rich color grading, painterly brushwork, high detail --ar 3:4 --style raw --v 6","text, letters, watermark, signature, ui, frame, border, extra limbs, deformed hands, lowres, blurry, jpeg artifacts, modern clothing, photograph, 3d render plastic look",512x720,art_raw/aur_s11.png,_processed/templates/card_template_512x720.png,"видимое окно y72-504; безопасная зона x41-471 y101-475; фокус (256,274)"
aur_s12,Ethereal,Светоносный герольд,Spell·Instant,Rare,1,,Украдите 2 случайную(ых) карту(ы) из руки противника.,Свет не спорит с тьмой. Он просто приходит.,"dark fantasy trading card game illustration, a burst of magical energy: ""Похищение разума"", silver mist and teal aurora, translucent ghostly forms, floating silk veils, moonlit sky, mirror shards, weightless particles, air element, centered composition, key subject inside the central safe band (vertical 10%-70% of frame, focus at 50%/38%), keep top 10% and bottom 30% calm and uncluttered for card name and text plates, rich color grading, painterly brushwork, high detail --ar 3:4 --style raw --v 6","text, letters, watermark, signature, ui, frame, border, extra limbs, deformed hands, lowres, blurry, jpeg artifacts, modern clothing, photograph, 3d render plastic look",512x720,art_raw/aur_s12.png,_processed/templates/card_template_512x720.png,"видимое окно y72-504; безопасная зона x41-471 y101-475; фокус (256,274)"
aur_s13,Ethereal,Обетный клирик,Spell·Instant,Common,1,,Верните в руку (вражеское существо).,Руины — это не конец. Это черновик.,"dark fantasy trading card game illustration, a burst of magical energy: ""Вуаль тумана"", silver mist and teal aurora, translucent ghostly forms, floating silk veils, moonlit sky, mirror shards, weightless particles, air element, a recall whirlwind lifting a warrior off the field, centered composition, key subject inside the central safe band (vertical 10%-70% of frame, focus at 50%/38%), keep top 10% and bottom 30% calm and uncluttered for card name and text plates, rich color grading, painterly brushwork, high detail --ar 3:4 --style raw --v 6","text, letters, watermark, signature, ui, frame, border, extra limbs, deformed hands, lowres, blurry, jpeg artifacts, modern clothing, photograph, 3d render plastic look",512x720,art_raw/aur_s13.png,_processed/templates/card_template_512x720.png,"видимое окно y72-504; безопасная зона x41-471 y101-475; фокус (256,274)"
aur_s14,Aurites,Светоносный бастион,Spell·Ritual,Common,2,,Нанесите 2 урона всем вражеским существам; Восстановите 2 здоровья (ваш герой).,Тишина перед бурей — это тоже буря.,"dark fantasy trading card game illustration, a burst of magical energy: ""Небесный суд"", radiant white marble citadel, golden filigree, soft god-rays, pale blue holy light, feathered wings, polished brass armor, luminous runes floating in air, a destruction wave rolling over enemy ranks only, gentle restorative golden light knitting wounds, centered composition, key subject inside the central safe band (vertical 10%-70% of frame, focus at 50%/38%), keep top 10% and bottom 30% calm and uncluttered for card name and text plates, rich color grading, painterly brushwork, high detail --ar 3:4 --style raw --v 6","text, letters, watermark, signature, ui, frame, border, extra limbs, deformed hands, lowres, blurry, jpeg artifacts, modern clothing, photograph, 3d render plastic look",512x720,art_raw/aur_s14.png,_processed/templates/card_template_512x720.png,"видимое окно y72-504; безопасная зона x41-471 y101-475; фокус (256,274)"
aur_s15,Aurites,Обетный хранитель,Spell·Ritual,Epic,3,,Нанесите 2 урона всем вражеским существам; Восстановите 2 здоровья (ваш герой).,Пепел честнее золота: он не притворяется.,"dark fantasy trading card game illustration, a burst of magical energy: ""Небесный суд"", radiant white marble citadel, golden filigree, soft god-rays, pale blue holy light, feathered wings, polished brass armor, luminous runes floating in air, a destruction wave rolling over enemy ranks only, gentle restorative golden light knitting wounds, centered composition, key subject inside the central safe band (vertical 10%-70% of frame, focus at 50%/38%), keep top 10% and bottom 30% calm and uncluttered for card name and text plates, rich color grading, painterly brushwork, high detail --ar 3:4 --style raw --v 6","text, letters, watermark, signature, ui, frame, border, extra limbs, deformed hands, lowres, blurry, jpeg artifacts, modern clothing, photograph, 3d render plastic look",512x720,art_raw/aur_s15.png,_processed/templates/card_template_512x720.png,"видимое окно y72-504; безопасная зона x41-471 y101-475; фокус (256,274)"
aur_s16,Aurites,Золотопёрый грифон,Spell·Ritual,Rare,5,,Ритуал: разрешается в начале вашего следующего хода. Возьмите 3 карт(у); Восстановите 4 здоровья (ваш герой); Снижение входящего урона героя на 1.,Свет не спорит с тьмой. Он просто приходит.,"epic cinematic composition, volumetric light, dark fantasy trading card game illustration, a burst of magical energy: ""Откровение Вечности"", radiant white marble citadel, golden filigree, soft god-rays, pale blue holy light, feathered wings, polished brass armor, luminous runes floating in air, streams of knowledge runes flying into an open hand, gentle restorative golden light knitting wounds, centered composition, key subject inside the central safe band (vertical 10%-70% of frame, focus at 50%/38%), keep top 10% and bottom 30% calm and uncluttered for card name and text plates, rich color grading, painterly brushwork, high detail --ar 3:4 --style raw --v 6","text, letters, watermark, signature, ui, frame, border, extra limbs, deformed hands, lowres, blurry, jpeg artifacts, modern clothing, photograph, 3d render plastic look",512x720,art_raw/aur_s16.png,_processed/templates/card_template_512x720.png,"видимое окно y72-504; безопасная зона x41-471 y101-475; фокус (256,274)"
aur_s17,Aurites,Лучезарный хранитель,Spell·Ritual,Common,1,,Нанесите 1 урона всем вражеским существам.,Руины — это не конец. Это черновик.,"dark fantasy trading card game illustration, a burst of magical energy: ""Освящение"", radiant white marble citadel, golden filigree, soft god-rays, pale blue holy light, feathered wings, polished brass armor, luminous runes floating in air, a destruction wave rolling over enemy ranks only, centered composition, key subject inside the central safe band (vertical 10%-70% of frame, focus at 50%/38%), keep top 10% and bottom 30% calm and uncluttered for card name and text plates, rich color grading, painterly brushwork, high detail --ar 3:4 --style raw --v 6","text, letters, watermark, signature, ui, frame, border, extra limbs, deformed hands, lowres, blurry, jpeg artifacts, modern clothing, photograph, 3d render plastic look",512x720,art_raw/aur_s17.png,_processed/templates/card_template_512x720.png,"видимое окно y72-504; безопасная зона x41-471 y101-475; фокус (256,274)"
aur_s18,Aurites,Клятвенный бастион,Spell·Instant,Epic,3,,Ритуал: разрешается в начале вашего следующего хода. Возьмите 3 карт(у); Восстановите 4 здоровья (ваш герой); Снижение входящего урона героя на 1.,"Эхо помнит даже то, что Цитадель предпочла забыть.","epic cinematic composition, volumetric light, dark fantasy trading card game illustration, a burst of magical energy: ""Откровение Вечности"", radiant white marble citadel, golden filigree, soft god-rays, pale blue holy light, feathered wings, polished brass armor, luminous runes floating in air, streams of knowledge runes flying into an open hand, gentle restorative golden light knitting wounds, centered composition, key subject inside the central safe band (vertical 10%-70% of frame, focus at 50%/38%), keep top 10% and bottom 30% calm and uncluttered for card name and text plates, rich color grading, painterly brushwork, high detail --ar 3:4 --style raw --v 6","text, letters, watermark, signature, ui, frame, border, extra limbs, deformed hands, lowres, blurry, jpeg artifacts, modern clothing, photograph, 3d render plastic look",512x720,art_raw/aur_s18.png,_processed/templates/card_template_512x720.png,"видимое окно y72-504; безопасная зона x41-471 y101-475; фокус (256,274)"
aur_r07,Aurites,Обетный монолит,Rune,Rare,1,,Аура: входящий урон вашему герою снижен на 2. Действует до конца игры. Руну нельзя уничтожить обычными заклинаниями.,"Эхо помнит даже то, что Цитадель предпочла забыть.","dark fantasy trading card game illustration, an ancient glowing rune sigil carved on stone: ""Руна Небесного Покрова"", radiant white marble citadel, golden filigree, soft god-rays, pale blue holy light, feathered wings, polished brass armor, luminous runes floating in air, air element, centered composition, key subject inside the central safe band (vertical 10%-70% of frame, focus at 50%/38%), keep top 10% and bottom 30% calm and uncluttered for card name and text plates, rich color grading, painterly brushwork, high detail --ar 3:4 --style raw --v 6","text, letters, watermark, signature, ui, frame, border, extra limbs, deformed hands, lowres, blurry, jpeg artifacts, modern clothing, photograph, 3d render plastic look",512x720,art_raw/aur_r07.png,_processed/templates/card_template_512x720.png,"видимое окно y72-504; безопасная зона x41-471 y101-475; фокус (256,274)"
aur_r08,Aurites,Сияющий монолит,Rune,Epic,1,,Аура: +0 к максимуму маны. Действует до конца игры. Руну нельзя уничтожить обычными заклинаниями.,Пепел честнее золота: он не притворяется.,"dark fantasy trading card game illustration, an ancient glowing rune sigil carved on stone: ""Руна Рассвета"", radiant white marble citadel, golden filigree, soft god-rays, pale blue holy light, feathered wings, polished brass armor, luminous runes floating in air, centered composition, key subject inside the central safe band (vertical 10%-70% of frame, focus at 50%/38%), keep top 10% and bottom 30% calm and uncluttered for card name and text plates, rich color grading, painterly brushwork, high detail --ar 3:4 --style raw --v 6","text, letters, watermark, signature, ui, frame, border, extra limbs, deformed hands, lowres, blurry, jpeg artifacts, modern clothing, photograph, 3d render plastic look",512x720,art_raw/aur_r08.png,_processed/templates/card_template_512x720.png,"видимое окно y72-504; безопасная зона x41-471 y101-475; фокус (256,274)"
aur_r09,Aurites,Лучезарный монолит,Rune,Epic,1,,Аура: входящий урон вашему герою снижен на 2. В начале вашего хода: Восстановите 3 здоровья (ваш герой); Все ваши существа получают Щит. Действует до конца игры. Руну нельзя уничтожить обычными заклинаниями.,Тишина перед бурей — это тоже буря.,"epic cinematic composition, volumetric light, dark fantasy trading card game illustration, an ancient glowing rune sigil carved on stone: ""Руна Последнего Света"", radiant white marble citadel, golden filigree, soft god-rays, pale blue holy light, feathered wings, polished brass armor, luminous runes floating in air, centered composition, key subject inside the central safe band (vertical 10%-70% of frame, focus at 50%/38%), keep top 10% and bottom 30% calm and uncluttered for card name and text plates, rich color grading, painterly brushwork, high detail --ar 3:4 --style raw --v 6","text, letters, watermark, signature, ui, frame, border, extra limbs, deformed hands, lowres, blurry, jpeg artifacts, modern clothing, photograph, 3d render plastic look",512x720,art_raw/aur_r09.png,_processed/templates/card_template_512x720.png,"видимое окно y72-504; безопасная зона x41-471 y101-475; фокус (256,274)"
aur_r10,Aurites,Клятвенный клирик,Rune,Common,1,,Аура: входящий урон вашему герою снижен на 2. В начале вашего хода: Восстановите 3 здоровья (ваш герой); Все ваши существа получают Щит. Действует до конца игры. Руну нельзя уничтожить обычными заклинаниями.,Свет не спорит с тьмой. Он просто приходит.,"epic cinematic composition, volumetric light, dark fantasy trading card game illustration, an ancient glowing rune sigil carved on stone: ""Руна Последнего Света"", radiant white marble citadel, golden filigree, soft god-rays, pale blue holy light, feathered wings, polished brass armor, luminous runes floating in air, centered composition, key subject inside the central safe band (vertical 10%-70% of frame, focus at 50%/38%), keep top 10% and bottom 30% calm and uncluttered for card name and text plates, rich color grading, painterly brushwork, high detail --ar 3:4 --style raw --v 6","text, letters, watermark, signature, ui, frame, border, extra limbs, deformed hands, lowres, blurry, jpeg artifacts, modern clothing, photograph, 3d render plastic look",512x720,art_raw/aur_r10.png,_processed/templates/card_template_512x720.png,"видимое окно y72-504; безопасная зона x41-471 y101-475; фокус (256,274)"
aur_r11,Aurites,Лучезарный бастион,Rune,Common,1,,Аура: входящий урон вашему герою снижен на 2. Действует до конца игры. Руну нельзя уничтожить обычными заклинаниями.,Пепел честнее золота: он не притворяется.,"dark fantasy trading card game illustration, an ancient glowing rune sigil carved on stone: ""Руна Небесного Покрова"", radiant white marble citadel, golden filigree, soft god-rays, pale blue holy light, feathered wings, polished brass armor, luminous runes floating in air, air element, centered composition, key subject inside the central safe band (vertical 10%-70% of frame, focus at 50%/38%), keep top 10% and bottom 30% calm and uncluttered for card name and text plates, rich color grading, painterly brushwork, high detail --ar 3:4 --style raw --v 6","text, letters, watermark, signature, ui, frame, border, extra limbs, deformed hands, lowres, blurry, jpeg artifacts, modern clothing, photograph, 3d render plastic look",512x720,art_raw/aur_r11.png,_processed/templates/card_template_512x720.png,"видимое окно y72-504; безопасная зона x41-471 y101-475; фокус (256,274)"
nec_31,Necrus,Гниющий упырь,Creature,Epic,4,Rush,Боевой клич: Наносит 1 урона (ваш герой). Рывок.,"Цена силы — след, который она оставляет.","dark fantasy trading card game illustration, a single heroic creature character: ""Пожиратель праха"", decaying gothic crypt, deep purple and blood red, black mist, bone reliquaries, green necrotic glow, tattered burial shrouds, iron chains, chaos/void element, lunging forward in mid-charge, motion blur, a focused burst of destructive energy lancing toward a single foe, centered composition, key subject inside the central safe band (vertical 10%-70% of frame, focus at 50%/38%), keep top 10% and bottom 30% calm and uncluttered for card name and text plates, rich color grading, painterly brushwork, high detail --ar 3:4 --style raw --v 6","text, letters, watermark, signature, ui, frame, border, extra limbs, deformed hands, lowres, blurry, jpeg artifacts, modern clothing, photograph, 3d render plastic look",512x720,art_raw/nec_31.png,_processed/templates/card_template_512x720.png,"видимое окно y72-504; безопасная зона x41-471 y101-475; фокус (256,274)"
nec_32,Necrus,Костяной упырь,Creature,Common,4,Lifesteal,Вампиризм.,Пепел честнее золота: он не притворяется.,"dark fantasy trading card game illustration, a single heroic creature character: ""Кровавый архонт"", decaying gothic crypt, deep purple and blood red, black mist, bone reliquaries, green necrotic glow, tattered burial shrouds, iron chains, chaos/void element, wisps of drained essence flowing toward it, centered composition, key subject inside the central safe band (vertical 10%-70% of frame, focus at 50%/38%), keep top 10% and bottom 30% calm and uncluttered for card name and text plates, rich color grading, painterly brushwork, high detail --ar 3:4 --style raw --v 6","text, letters, watermark, signature, ui, frame, border, extra limbs, deformed hands, lowres, blurry, jpeg artifacts, modern clothing, photograph, 3d render plastic look",512x720,art_raw/nec_32.png,_processed/templates/card_template_512x720.png,"видимое окно y72-504; безопасная зона x41-471 y101-475; фокус (256,274)"
nec_33,Necrus,Тленний саркофаг,Creature,Epic,5,Deathrattle,Предсмертный хрип: Нанесите 2 урона всем вражеским существам. Предсмертный хрип.,"Цена силы — след, который она оставляет.","intricate detailing, dark fantasy trading card game illustration, a single heroic creature character: ""Лихо Болотное"", decaying gothic crypt, deep purple and blood red, black mist, bone reliquaries, green necrotic glow, tattered burial shrouds, iron chains, chaos/void element, ominous death-omen aura ready to burst, centered composition, key subject inside the central safe band (vertical 10%-70% of frame, focus at 50%/38%), keep top 10% and bottom 30% calm and uncluttered for card name and text plates, rich color grading, painterly brushwork, high detail --ar 3:4 --style raw --v 6","text, letters, watermark, signature, ui, frame, border, extra limbs, deformed hands, lowres, blurry, jpeg artifacts, modern clothing, photograph, 3d render plastic look",512x720,art_raw/nec_33.png,_processed/templates/card_template_512x720.png,"видимое окно y72-504; безопасная зона x41-471 y101-475; фокус (256,274)"
nec_34,Necrus,Могильный саркофаг,Creature,Common,7,Lifesteal Rush,В начале вашего хода: Украдите 1 случайную(ых) карту(ы) из руки противника. Вампиризм / Рывок.,"Эхо помнит даже то, что Цитадель предпочла забыть.","legendary masterpiece composition, dramatic rim light, particle effects, dark fantasy trading card game illustration, a single heroic creature character: ""Жнец Тысячи Голосов"", decaying gothic crypt, deep purple and blood red, black mist, bone reliquaries, green necrotic glow, tattered burial shrouds, iron chains, chaos/void element, wisps of drained essence flowing toward it, lunging forward in mid-charge, motion blur, centered composition, key subject inside the central safe band (vertical 10%-70% of frame, focus at 50%/38%), keep top 10% and bottom 30% calm and uncluttered for card name and text plates, rich color grading, painterly brushwork, high detail --ar 3:4 --style raw --v 6","text, letters, watermark, signature, ui, frame, border, extra limbs, deformed hands, lowres, blurry, jpeg artifacts, modern clothing, photograph, 3d render plastic look",512x720,art_raw/nec_34.png,_processed/templates/card_template_512x720.png,"видимое окно y72-504; безопасная зона x41-471 y101-475; фокус (256,274)"
nec_35,Necrus,Могильный мародёр,Creature,Rare,5,Battlecry,Боевой клич: Наносит 3 урона (вражеское существо); Восстановите 3 здоровья (ваш герой). Боевой клич.,Тишина перед бурей — это тоже буря.,"intricate detailing, dark fantasy trading card game illustration, a single heroic creature character: ""Костяной дракон"", decaying gothic crypt, deep purple and blood red, black mist, bone reliquaries, green necrotic glow, tattered burial shrouds, iron chains, chaos/void element, erupting war cry shockwave at arrival, a focused burst of destructive energy lancing toward a single foe, centered composition, key subject inside the central safe band (vertical 10%-70% of frame, focus at 50%/38%), keep top 10% and bottom 30% calm and uncluttered for card name and text plates, rich color grading, painterly brushwork, high detail --ar 3:4 --style raw --v 6","text, letters, watermark, signature, ui, frame, border, extra limbs, deformed hands, lowres, blurry, jpeg artifacts, modern clothing, photograph, 3d render plastic look",512x720,art_raw/nec_35.png,_processed/templates/card_template_512x720.png,"видимое окно y72-504; безопасная зона x41-471 y101-475; фокус (256,274)"
nec_36,Necrus,Могильный некромант,Creature,Common,4,Battlecry,Боевой клич: Призовите «Скелет-прислужник» 1/1. Боевой клич.,Пепел честнее золота: он не притворяется.,"dark fantasy trading card game illustration, a single heroic creature character: ""Некромант Склепа"", decaying gothic crypt, deep purple and blood red, black mist, bone reliquaries, green necrotic glow, tattered burial shrouds, iron chains, chaos/void element, erupting war cry shockwave at arrival, centered composition, key subject inside the central safe band (vertical 10%-70% of frame, focus at 50%/38%), keep top 10% and bottom 30% calm and uncluttered for card name and text plates, rich color grading, painterly brushwork, high detail --ar 3:4 --style raw --v 6","text, letters, watermark, signature, ui, frame, border, extra limbs, deformed hands, lowres, blurry, jpeg artifacts, modern clothing, photograph, 3d render plastic look",512x720,art_raw/nec_36.png,_processed/templates/card_template_512x720.png,"видимое окно y72-504; безопасная зона x41-471 y101-475; фокус (256,274)"
nec_37,Necrus,Тленний фетиш,Creature,Legendary,4,Battlecry,Боевой клич: Призовите «Скелет-прислужник» 1/1. Боевой клич.,Свет не спорит с тьмой. Он просто приходит.,"dark fantasy trading card game illustration, a single heroic creature character: ""Некромант Склепа"", decaying gothic crypt, deep purple and blood red, black mist, bone reliquaries, green necrotic glow, tattered burial shrouds, iron chains, chaos/void element, erupting war cry shockwave at arrival, centered composition, key subject inside the central safe band (vertical 10%-70% of frame, focus at 50%/38%), keep top 10% and bottom 30% calm and uncluttered for card name and text plates, rich color grading, painterly brushwork, high detail --ar 3:4 --style raw --v 6","text, letters, watermark, signature, ui, frame, border, extra limbs, deformed hands, lowres, blurry, jpeg artifacts, modern clothing, photograph, 3d render plastic look",512x720,art_raw/nec_37.png,_processed/templates/card_template_512x720.png,"видимое окно y72-504; безопасная зона x41-471 y101-475; фокус (256,274)"
nec_38,Necrus,Гниющий фетиш,Creature,Common,6,Lifesteal,Вампиризм.,Руины — это не конец. Это черновик.,"intricate detailing, dark fantasy trading card game illustration, a single heroic creature character: ""Вурдалак-охотник"", decaying gothic crypt, deep purple and blood red, black mist, bone reliquaries, green necrotic glow, tattered burial shrouds, iron chains, chaos/void element, wisps of drained essence flowing toward it, centered composition, key subject inside the central safe band (vertical 10%-70% of frame, focus at 50%/38%), keep top 10% and bottom 30% calm and uncluttered for card name and text plates, rich color grading, painterly brushwork, high detail --ar 3:4 --style raw --v 6","text, letters, watermark, signature, ui, frame, border, extra limbs, deformed hands, lowres, blurry, jpeg artifacts, modern clothing, photograph, 3d render plastic look",512x720,art_raw/nec_38.png,_processed/templates/card_template_512x720.png,"видимое окно y72-504; безопасная зона x41-471 y101-475; фокус (256,274)"
nec_39,Necrus,Вороний призрак,Creature,Epic,2,Deathrattle,Предсмертный хрип: Возьмите 1 карт(у). Предсмертный хрип.,Пепел честнее золота: он не притворяется.,"dark fantasy trading card game illustration, a single heroic creature character: ""Ламия Скорби"", decaying gothic crypt, deep purple and blood red, black mist, bone reliquaries, green necrotic glow, tattered burial shrouds, iron chains, chaos/void element, ominous death-omen aura ready to burst, centered composition, key subject inside the central safe band (vertical 10%-70% of frame, focus at 50%/38%), keep top 10% and bottom 30% calm and uncluttered for card name and text plates, rich color grading, painterly brushwork, high detail --ar 3:4 --style raw --v 6","text, letters, watermark, signature, ui, frame, border, extra limbs, deformed hands, lowres, blurry, jpeg artifacts, modern clothing, photograph, 3d render plastic look",512x720,art_raw/nec_39.png,_processed/templates/card_template_512x720.png,"видимое окно y72-504; безопасная зона x41-471 y101-475; фокус (256,274)"
nec_40,Necrus,Костяной саркофаг,Creature,Common,2,Lifesteal,Вампиризм.,"Эхо помнит даже то, что Цитадель предпочла забыть.","dark fantasy trading card game illustration, a single heroic creature character: ""Упырь-мародёр"", decaying gothic crypt, deep purple and blood red, black mist, bone reliquaries, green necrotic glow, tattered burial shrouds, iron chains, chaos/void element, wisps of drained essence flowing toward it, centered composition, key subject inside the central safe band (vertical 10%-70% of frame, focus at 50%/38%), keep top 10% and bottom 30% calm and uncluttered for card name and text plates, rich color grading, painterly brushwork, high detail --ar 3:4 --style raw --v 6","text, letters, watermark, signature, ui, frame, border, extra limbs, deformed hands, lowres, blurry, jpeg artifacts, modern clothing, photograph, 3d render plastic look",512x720,art_raw/nec_40.png,_processed/templates/card_template_512x720.png,"видимое окно y72-504; безопасная зона x41-471 y101-475; фокус (256,274)"
nec_41,Necrus,Чумной фетиш,Creature,Common,1,Deathrattle,Предсмертный хрип: Возьмите 1 карт(у). Предсмертный хрип.,"Эхо помнит даже то, что Цитадель предпочла забыть.","dark fantasy trading card game illustration, a single heroic creature character: ""Ламия Скорби"", decaying gothic crypt, deep purple and blood red, black mist, bone reliquaries, green necrotic glow, tattered burial shrouds, iron chains, chaos/void element, ominous death-omen aura ready to burst, centered composition, key subject inside the central safe band (vertical 10%-70% of frame, focus at 50%/38%), keep top 10% and bottom 30% calm and uncluttered for card name and text plates, rich color grading, painterly brushwork, high detail --ar 3:4 --style raw --v 6","text, letters, watermark, signature, ui, frame, border, extra limbs, deformed hands, lowres, blurry, jpeg artifacts, modern clothing, photograph, 3d render plastic look",512x720,art_raw/nec_41.png,_processed/templates/card_template_512x720.png,"видимое окно y72-504; безопасная зона x41-471 y101-475; фокус (256,274)"
nec_42,Necrus,Тленний червь,Creature,Common,3,,,"Эхо помнит даже то, что Цитадель предпочла забыть.","dark fantasy trading card game illustration, a single heroic creature character: ""Полуночный душитель"", decaying gothic crypt, deep purple and blood red, black mist, bone reliquaries, green necrotic glow, tattered burial shrouds, iron chains, chaos/void element, centered composition, key subject inside the central safe band (vertical 10%-70% of frame, focus at 50%/38%), keep top 10% and bottom 30% calm and uncluttered for card name and text plates, rich color grading, painterly brushwork, high detail --ar 3:4 --style raw --v 6","text, letters, watermark, signature, ui, frame, border, extra limbs, deformed hands, lowres, blurry, jpeg artifacts, modern clothing, photograph, 3d render plastic look",512x720,art_raw/nec_42.png,_processed/templates/card_template_512x720.png,"видимое окно y72-504; безопасная зона x41-471 y101-475; фокус (256,274)"
nec_43,Necrus,Вороний некромант,Creature,Rare,7,Battlecry,Боевой клич: Наносит 3 урона (вражеское существо); Восстановите 3 здоровья (ваш герой). Боевой клич.,Между ударами сердца есть дверь. Я видел её.,"intricate detailing, dark fantasy trading card game illustration, a single heroic creature character: ""Костяной дракон"", decaying gothic crypt, deep purple and blood red, black mist, bone reliquaries, green necrotic glow, tattered burial shrouds, iron chains, chaos/void element, erupting war cry shockwave at arrival, a focused burst of destructive energy lancing toward a single foe, centered composition, key subject inside the central safe band (vertical 10%-70% of frame, focus at 50%/38%), keep top 10% and bottom 30% calm and uncluttered for card name and text plates, rich color grading, painterly brushwork, high detail --ar 3:4 --style raw --v 6","text, letters, watermark, signature, ui, frame, border, extra limbs, deformed hands, lowres, blurry, jpeg artifacts, modern clothing, photograph, 3d render plastic look",512x720,art_raw/nec_43.png,_processed/templates/card_template_512x720.png,"видимое окно y72-504; безопасная зона x41-471 y101-475; фокус (256,274)"
nec_44,Necrus,Могильный червь,Creature,Common,5,Deathrattle,Предсмертный хрип: Нанесите 2 урона всем вражеским существам. Предсмертный хрип.,Тишина перед бурей — это тоже буря.,"intricate detailing, dark fantasy trading card game illustration, a single heroic creature character: ""Лихо Болотное"", decaying gothic crypt, deep purple and blood red, black mist, bone reliquaries, green necrotic glow, tattered burial shrouds, iron chains, chaos/void element, ominous death-omen aura ready to burst, centered composition, key subject inside the central safe band (vertical 10%-70% of frame, focus at 50%/38%), keep top 10% and bottom 30% calm and uncluttered for card name and text plates, rich color grading, painterly brushwork, high detail --ar 3:4 --style raw --v 6","text, letters, watermark, signature, ui, frame, border, extra limbs, deformed hands, lowres, blurry, jpeg artifacts, modern clothing, photograph, 3d render plastic look",512x720,art_raw/nec_44.png,_processed/templates/card_template_512x720.png,"видимое окно y72-504; безопасная зона x41-471 y101-475; фокус (256,274)"
nec_s10,Terramorph,Тленний некромант,Spell·Instant,Epic,3,,Нанесите 2 урона всем вражеским существам; Заморозка на 1 ход(а) (всех врагов).,Руины — это не конец. Это черновик.,"dark fantasy trading card game illustration, a burst of magical energy: ""Сейсмический толчок"", ancient moss-covered stone, amber crystals growing from rock, giant roots, emerald forest light, weathered granite, prehistoric trees, earth element, a destruction wave rolling over enemy ranks only, centered composition, key subject inside the central safe band (vertical 10%-70% of frame, focus at 50%/38%), keep top 10% and bottom 30% calm and uncluttered for card name and text plates, rich color grading, painterly brushwork, high detail --ar 3:4 --style raw --v 6","text, letters, watermark, signature, ui, frame, border, extra limbs, deformed hands, lowres, blurry, jpeg artifacts, modern clothing, photograph, 3d render plastic look",512x720,art_raw/nec_s10.png,_processed/templates/card_template_512x720.png,"видимое окно y72-504; безопасная зона x41-471 y101-475; фокус (256,274)"
nec_s11,Aurites,Тленний мародёр,Spell·Instant,Rare,2,,Нанесите 1 урона всем вражеским существам.,Свет не спорит с тьмой. Он просто приходит.,"dark fantasy trading card game illustration, a burst of magical energy: ""Освящение"", radiant white marble citadel, golden filigree, soft god-rays, pale blue holy light, feathered wings, polished brass armor, luminous runes floating in air, a destruction wave rolling over enemy ranks only, centered composition, key subject inside the central safe band (vertical 10%-70% of frame, focus at 50%/38%), keep top 10% and bottom 30% calm and uncluttered for card name and text plates, rich color grading, painterly brushwork, high detail --ar 3:4 --style raw --v 6","text, letters, watermark, signature, ui, frame, border, extra limbs, deformed hands, lowres, blurry, jpeg artifacts, modern clothing, photograph, 3d render plastic look",512x720,art_raw/nec_s11.png,_processed/templates/card_template_512x720.png,"видимое окно y72-504; безопасная зона x41-471 y101-475; фокус (256,274)"
nec_s12,Necrus,Чумной жнец,Spell·Instant,Common,3,,Уничтожьте с наименьшим здоровьем (любое существо); Возьмите 2 карт(у); Восстановите 4 здоровья (ваш герой).,"Цена силы — след, который она оставляет.","intricate detailing, dark fantasy trading card game illustration, a burst of magical energy: ""Пир Праха"", decaying gothic crypt, deep purple and blood red, black mist, bone reliquaries, green necrotic glow, tattered burial shrouds, iron chains, chaos/void element, an annihilation beam erasing a single foe, streams of knowledge runes flying into an open hand, centered composition, key subject inside the central safe band (vertical 10%-70% of frame, focus at 50%/38%), keep top 10% and bottom 30% calm and uncluttered for card name and text plates, rich color grading, painterly brushwork, high detail --ar 3:4 --style raw --v 6","text, letters, watermark, signature, ui, frame, border, extra limbs, deformed hands, lowres, blurry, jpeg artifacts, modern clothing, photograph, 3d render plastic look",512x720,art_raw/nec_s12.png,_processed/templates/card_template_512x720.png,"видимое окно y72-504; безопасная зона x41-471 y101-475; фокус (256,274)"
nec_s13,Ethereal,Костяной призрак,Spell·Instant,Rare,1,,Украдите 2 случайную(ых) карту(ы) из руки противника.,Свет не спорит с тьмой. Он просто приходит.,"dark fantasy trading card game illustration, a burst of magical energy: ""Похищение разума"", silver mist and teal aurora, translucent ghostly forms, floating silk veils, moonlit sky, mirror shards, weightless particles, air element, centered composition, key subject inside the central safe band (vertical 10%-70% of frame, focus at 50%/38%), keep top 10% and bottom 30% calm and uncluttered for card name and text plates, rich color grading, painterly brushwork, high detail --ar 3:4 --style raw --v 6","text, letters, watermark, signature, ui, frame, border, extra limbs, deformed hands, lowres, blurry, jpeg artifacts, modern clothing, photograph, 3d render plastic look",512x720,art_raw/nec_s13.png,_processed/templates/card_template_512x720.png,"видимое окно y72-504; безопасная зона x41-471 y101-475; фокус (256,274)"
nec_s14,Necrus,Чумной некромант,Spell·Ritual,Common,5,,Ритуал: разрешается в начале вашего следующего хода. Нанесите 2 урона всем вражеским существам; Возьмите 2 карт(у).,Свет не спорит с тьмой. Он просто приходит.,"epic cinematic composition, volumetric light, dark fantasy trading card game illustration, a burst of magical energy: ""Полночный реквием"", decaying gothic crypt, deep purple and blood red, black mist, bone reliquaries, green necrotic glow, tattered burial shrouds, iron chains, chaos/void element, a destruction wave rolling over enemy ranks only, streams of knowledge runes flying into an open hand, centered composition, key subject inside the central safe band (vertical 10%-70% of frame, focus at 50%/38%), keep top 10% and bottom 30% calm and uncluttered for card name and text plates, rich color grading, painterly brushwork, high detail --ar 3:4 --style raw --v 6","text, letters, watermark, signature, ui, frame, border, extra limbs, deformed hands, lowres, blurry, jpeg artifacts, modern clothing, photograph, 3d render plastic look",512x720,art_raw/nec_s14.png,_processed/templates/card_template_512x720.png,"видимое окно y72-504; безопасная зона x41-471 y101-475; фокус (256,274)"
nec_s15,Necrus,Могильный упырь,Spell·Instant,Common,2,,Наносит 2 урона (вражеское существо); Восстановите 3 здоровья (ваш герой).,Тишина перед бурей — это тоже буря.,"dark fantasy trading card game illustration, a burst of magical energy: ""Кража души"", decaying gothic crypt, deep purple and blood red, black mist, bone reliquaries, green necrotic glow, tattered burial shrouds, iron chains, chaos/void element, a focused burst of destructive energy lancing toward a single foe, gentle restorative golden light knitting wounds, centered composition, key subject inside the central safe band (vertical 10%-70% of frame, focus at 50%/38%), keep top 10% and bottom 30% calm and uncluttered for card name and text plates, rich color grading, painterly brushwork, high detail --ar 3:4 --style raw --v 6","text, letters, watermark, signature, ui, frame, border, extra limbs, deformed hands, lowres, blurry, jpeg artifacts, modern clothing, photograph, 3d render plastic look",512x720,art_raw/nec_s15.png,_processed/templates/card_template_512x720.png,"видимое окно y72-504; безопасная зона x41-471 y101-475; фокус (256,274)"
nec_s16,Necrus,Пепельный червь,Spell·Ritual,Common,4,,Уничтожьте с наименьшим здоровьем (любое существо); Возьмите 2 карт(у); Восстановите 4 здоровья (ваш герой).,"Цена силы — след, который она оставляет.","intricate detailing, dark fantasy trading card game illustration, a burst of magical energy: ""Пир Праха"", decaying gothic crypt, deep purple and blood red, black mist, bone reliquaries, green necrotic glow, tattered burial shrouds, iron chains, chaos/void element, an annihilation beam erasing a single foe, streams of knowledge runes flying into an open hand, centered composition, key subject inside the central safe band (vertical 10%-70% of frame, focus at 50%/38%), keep top 10% and bottom 30% calm and uncluttered for card name and text plates, rich color grading, painterly brushwork, high detail --ar 3:4 --style raw --v 6","text, letters, watermark, signature, ui, frame, border, extra limbs, deformed hands, lowres, blurry, jpeg artifacts, modern clothing, photograph, 3d render plastic look",512x720,art_raw/nec_s16.png,_processed/templates/card_template_512x720.png,"видимое окно y72-504; безопасная зона x41-471 y101-475; фокус (256,274)"
nec_s17,Necrus,Склепный червь,Spell·Ritual,Common,2,,Наносит 2 урона (вражеское существо); Восстановите 3 здоровья (ваш герой).,Между ударами сердца есть дверь. Я видел её.,"dark fantasy trading card game illustration, a burst of magical energy: ""Кража души"", decaying gothic crypt, deep purple and blood red, black mist, bone reliquaries, green necrotic glow, tattered burial shrouds, iron chains, chaos/void element, a focused burst of destructive energy lancing toward a single foe, gentle restorative golden light knitting wounds, centered composition, key subject inside the central safe band (vertical 10%-70% of frame, focus at 50%/38%), keep top 10% and bottom 30% calm and uncluttered for card name and text plates, rich color grading, painterly brushwork, high detail --ar 3:4 --style raw --v 6","text, letters, watermark, signature, ui, frame, border, extra limbs, deformed hands, lowres, blurry, jpeg artifacts, modern clothing, photograph, 3d render plastic look",512x720,art_raw/nec_s17.png,_processed/templates/card_template_512x720.png,"видимое окно y72-504; безопасная зона x41-471 y101-475; фокус (256,274)"
nec_s18,Necrus,Пепельный саркофаг,Spell·Ritual,Rare,3,,Уничтожьте (всех врагов); Восстановите 6 здоровья (ваш герой).,"Цена силы — след, который она оставляет.","intricate detailing, dark fantasy trading card game illustration, a burst of magical energy: ""Абсолютная Тьма"", decaying gothic crypt, deep purple and blood red, black mist, bone reliquaries, green necrotic glow, tattered burial shrouds, iron chains, chaos/void element, an annihilation beam erasing a single foe, gentle restorative golden light knitting wounds, centered composition, key subject inside the central safe band (vertical 10%-70% of frame, focus at 50%/38%), keep top 10% and bottom 30% calm and uncluttered for card name and text plates, rich color grading, painterly brushwork, high detail --ar 3:4 --style raw --v 6","text, letters, watermark, signature, ui, frame, border, extra limbs, deformed hands, lowres, blurry, jpeg artifacts, modern clothing, photograph, 3d render plastic look",512x720,art_raw/nec_s18.png,_processed/templates/card_template_512x720.png,"видимое окно y72-504; безопасная зона x41-471 y101-475; фокус (256,274)"
nec_r07,Necrus,Гниющий жнец,Rune,Epic,1,,В начале вашего хода: Наносит 1 урона (вражеский герой). Действует до конца игры. Руну нельзя уничтожить обычными заклинаниями.,Свет не спорит с тьмой. Он просто приходит.,"dark fantasy trading card game illustration, an ancient glowing rune sigil carved on stone: ""Руна Тлена"", decaying gothic crypt, deep purple and blood red, black mist, bone reliquaries, green necrotic glow, tattered burial shrouds, iron chains, chaos/void element, centered composition, key subject inside the central safe band (vertical 10%-70% of frame, focus at 50%/38%), keep top 10% and bottom 30% calm and uncluttered for card name and text plates, rich color grading, painterly brushwork, high detail --ar 3:4 --style raw --v 6","text, letters, watermark, signature, ui, frame, border, extra limbs, deformed hands, lowres, blurry, jpeg artifacts, modern clothing, photograph, 3d render plastic look",512x720,art_raw/nec_r07.png,_processed/templates/card_template_512x720.png,"видимое окно y72-504; безопасная зона x41-471 y101-475; фокус (256,274)"
nec_r08,Necrus,Чумной червь,Rune,Common,1,,Аура: +1 к атаке ваших существ. Действует до конца игры. Руну нельзя уничтожить обычными заклинаниями.,Тишина перед бурей — это тоже буря.,"dark fantasy trading card game illustration, an ancient glowing rune sigil carved on stone: ""Руна Крови"", decaying gothic crypt, deep purple and blood red, black mist, bone reliquaries, green necrotic glow, tattered burial shrouds, iron chains, chaos/void element, centered composition, key subject inside the central safe band (vertical 10%-70% of frame, focus at 50%/38%), keep top 10% and bottom 30% calm and uncluttered for card name and text plates, rich color grading, painterly brushwork, high detail --ar 3:4 --style raw --v 6","text, letters, watermark, signature, ui, frame, border, extra limbs, deformed hands, lowres, blurry, jpeg artifacts, modern clothing, photograph, 3d render plastic look",512x720,art_raw/nec_r08.png,_processed/templates/card_template_512x720.png,"видимое окно y72-504; безопасная зона x41-471 y101-475; фокус (256,274)"
nec_r09,Necrus,Склепный некромант,Rune,Rare,1,,"В начале вашего хода: Подожгите всех врагов (2 урона, 2 ход(а)). Действует до конца игры. Руну нельзя уничтожить обычными заклинаниями.",Свет не спорит с тьмой. Он просто приходит.,"intricate detailing, dark fantasy trading card game illustration, an ancient glowing rune sigil carved on stone: ""Руна Некроза"", decaying gothic crypt, deep purple and blood red, black mist, bone reliquaries, green necrotic glow, tattered burial shrouds, iron chains, chaos/void element, centered composition, key subject inside the central safe band (vertical 10%-70% of frame, focus at 50%/38%), keep top 10% and bottom 30% calm and uncluttered for card name and text plates, rich color grading, painterly brushwork, high detail --ar 3:4 --style raw --v 6","text, letters, watermark, signature, ui, frame, border, extra limbs, deformed hands, lowres, blurry, jpeg artifacts, modern clothing, photograph, 3d render plastic look",512x720,art_raw/nec_r09.png,_processed/templates/card_template_512x720.png,"видимое окно y72-504; безопасная зона x41-471 y101-475; фокус (256,274)"
nec_r10,Necrus,Вороний червь,Rune,Common,1,,Аура: +1 карта в начале вашего хода. Действует до конца игры. Руну нельзя уничтожить обычными заклинаниями.,"Эхо помнит даже то, что Цитадель предпочла забыть.","intricate detailing, dark fantasy trading card game illustration, an ancient glowing rune sigil carved on stone: ""Руна Вечной Жатвы"", decaying gothic crypt, deep purple and blood red, black mist, bone reliquaries, green necrotic glow, tattered burial shrouds, iron chains, chaos/void element, centered composition, key subject inside the central safe band (vertical 10%-70% of frame, focus at 50%/38%), keep top 10% and bottom 30% calm and uncluttered for card name and text plates, rich color grading, painterly brushwork, high detail --ar 3:4 --style raw --v 6","text, letters, watermark, signature, ui, frame, border, extra limbs, deformed hands, lowres, blurry, jpeg artifacts, modern clothing, photograph, 3d render plastic look",512x720,art_raw/nec_r10.png,_processed/templates/card_template_512x720.png,"видимое окно y72-504; безопасная зона x41-471 y101-475; фокус (256,274)"
nec_r11,Necrus,Вороний жнец,Rune,Common,1,,Аура: +1 карта в начале вашего хода. Действует до конца игры. Руну нельзя уничтожить обычными заклинаниями.,Свет не спорит с тьмой. Он просто приходит.,"intricate detailing, dark fantasy trading card game illustration, an ancient glowing rune sigil carved on stone: ""Руна Вечной Жатвы"", decaying gothic crypt, deep purple and blood red, black mist, bone reliquaries, green necrotic glow, tattered burial shrouds, iron chains, chaos/void element, centered composition, key subject inside the central safe band (vertical 10%-70% of frame, focus at 50%/38%), keep top 10% and bottom 30% calm and uncluttered for card name and text plates, rich color grading, painterly brushwork, high detail --ar 3:4 --style raw --v 6","text, letters, watermark, signature, ui, frame, border, extra limbs, deformed hands, lowres, blurry, jpeg artifacts, modern clothing, photograph, 3d render plastic look",512x720,art_raw/nec_r11.png,_processed/templates/card_template_512x720.png,"видимое окно y72-504; безопасная зона x41-471 y101-475; фокус (256,274)"
ter_31,Terramorph,Корневой панцирь,Creature,Common,1,Battlecry,Боевой клич: Заморозка на 1 ход(а) (вражеское существо). Боевой клич.,Свет не спорит с тьмой. Он просто приходит.,"dark fantasy trading card game illustration, a single heroic creature character: ""Корневой опутыватель"", ancient moss-covered stone, amber crystals growing from rock, giant roots, emerald forest light, weathered granite, prehistoric trees, earth element, erupting war cry shockwave at arrival, centered composition, key subject inside the central safe band (vertical 10%-70% of frame, focus at 50%/38%), keep top 10% and bottom 30% calm and uncluttered for card name and text plates, rich color grading, painterly brushwork, high detail --ar 3:4 --style raw --v 6","text, letters, watermark, signature, ui, frame, border, extra limbs, deformed hands, lowres, blurry, jpeg artifacts, modern clothing, photograph, 3d render plastic look",512x720,art_raw/ter_31.png,_processed/templates/card_template_512x720.png,"видимое окно y72-504; безопасная зона x41-471 y101-475; фокус (256,274)"
ter_32,Terramorph,Гранитный голем,Creature,Common,6,Taunt,Боевой клич: Нанесите 2 урона всем вражеским существам. Провокация.,Руины — это не конец. Это черновик.,"intricate detailing, dark fantasy trading card game illustration, a single heroic creature character: ""Сердце Горы"", ancient moss-covered stone, amber crystals growing from rock, giant roots, emerald forest light, weathered granite, prehistoric trees, earth element, imposing guardian stance shielding allies behind, a destruction wave rolling over enemy ranks only, centered composition, key subject inside the central safe band (vertical 10%-70% of frame, focus at 50%/38%), keep top 10% and bottom 30% calm and uncluttered for card name and text plates, rich color grading, painterly brushwork, high detail --ar 3:4 --style raw --v 6","text, letters, watermark, signature, ui, frame, border, extra limbs, deformed hands, lowres, blurry, jpeg artifacts, modern clothing, photograph, 3d render plastic look",512x720,art_raw/ter_32.png,_processed/templates/card_template_512x720.png,"видимое окно y72-504; безопасная зона x41-471 y101-475; фокус (256,274)"
ter_33,Terramorph,Железняковый панцирь,Creature,Rare,6,Taunt Trample,В начале вашего хода: Получите 1 маны. Провокация / Прорыв.,"Цена силы — след, который она оставляет.","legendary masterpiece composition, dramatic rim light, particle effects, dark fantasy trading card game illustration, a single heroic creature character: ""Владыка Недр"", ancient moss-covered stone, amber crystals growing from rock, giant roots, emerald forest light, weathered granite, prehistoric trees, earth element, imposing guardian stance shielding allies behind, crushing through broken defenses, debris flying, centered composition, key subject inside the central safe band (vertical 10%-70% of frame, focus at 50%/38%), keep top 10% and bottom 30% calm and uncluttered for card name and text plates, rich color grading, painterly brushwork, high detail --ar 3:4 --style raw --v 6","text, letters, watermark, signature, ui, frame, border, extra limbs, deformed hands, lowres, blurry, jpeg artifacts, modern clothing, photograph, 3d render plastic look",512x720,art_raw/ter_33.png,_processed/templates/card_template_512x720.png,"видимое окно y72-504; безопасная зона x41-471 y101-475; фокус (256,274)"
ter_34,Terramorph,Каменный грибник,Creature,Epic,4,Taunt,В начале вашего хода: +1 к здоровью (ваше существо). Провокация.,Свет не спорит с тьмой. Он просто приходит.,"dark fantasy trading card game illustration, a single heroic creature character: ""Матёрый древень"", ancient moss-covered stone, amber crystals growing from rock, giant roots, emerald forest light, weathered granite, prehistoric trees, earth element, imposing guardian stance shielding allies behind, centered composition, key subject inside the central safe band (vertical 10%-70% of frame, focus at 50%/38%), keep top 10% and bottom 30% calm and uncluttered for card name and text plates, rich color grading, painterly brushwork, high detail --ar 3:4 --style raw --v 6","text, letters, watermark, signature, ui, frame, border, extra limbs, deformed hands, lowres, blurry, jpeg artifacts, modern clothing, photograph, 3d render plastic look",512x720,art_raw/ter_34.png,_processed/templates/card_template_512x720.png,"видимое окно y72-504; безопасная зона x41-471 y101-475; фокус (256,274)"
ter_35,Terramorph,Корневой древень,Creature,Rare,2,Battlecry,Боевой клич: Заморозка на 1 ход(а) (вражеское существо). Боевой клич.,Между ударами сердца есть дверь. Я видел её.,"dark fantasy trading card game illustration, a single heroic creature character: ""Корневой опутыватель"", ancient moss-covered stone, amber crystals growing from rock, giant roots, emerald forest light, weathered granite, prehistoric trees, earth element, erupting war cry shockwave at arrival, centered composition, key subject inside the central safe band (vertical 10%-70% of frame, focus at 50%/38%), keep top 10% and bottom 30% calm and uncluttered for card name and text plates, rich color grading, painterly brushwork, high detail --ar 3:4 --style raw --v 6","text, letters, watermark, signature, ui, frame, border, extra limbs, deformed hands, lowres, blurry, jpeg artifacts, modern clothing, photograph, 3d render plastic look",512x720,art_raw/ter_35.png,_processed/templates/card_template_512x720.png,"видимое окно y72-504; безопасная зона x41-471 y101-475; фокус (256,274)"
ter_36,Terramorph,Каменный голем,Creature,Common,4,Taunt,Провокация.,"Эхо помнит даже то, что Цитадель предпочла забыть.","dark fantasy trading card game illustration, a single heroic creature character: ""Гранитный колосс"", ancient moss-covered stone, amber crystals growing from rock, giant roots, emerald forest light, weathered granite, prehistoric trees, earth element, imposing guardian stance shielding allies behind, centered composition, key subject inside the central safe band (vertical 10%-70% of frame, focus at 50%/38%), keep top 10% and bottom 30% calm and uncluttered for card name and text plates, rich color grading, painterly brushwork, high detail --ar 3:4 --style raw --v 6","text, letters, watermark, signature, ui, frame, border, extra limbs, deformed hands, lowres, blurry, jpeg artifacts, modern clothing, photograph, 3d render plastic look",512x720,art_raw/ter_36.png,_processed/templates/card_template_512x720.png,"видимое окно y72-504; безопасная зона x41-471 y101-475; фокус (256,274)"
ter_37,Terramorph,Железняковый валун,Creature,Common,4,,,Руины — это не конец. Это черновик.,"dark fantasy trading card game illustration, a single heroic creature character: ""Мшистый великан"", ancient moss-covered stone, amber crystals growing from rock, giant roots, emerald forest light, weathered granite, prehistoric trees, earth element, centered composition, key subject inside the central safe band (vertical 10%-70% of frame, focus at 50%/38%), keep top 10% and bottom 30% calm and uncluttered for card name and text plates, rich color grading, painterly brushwork, high detail --ar 3:4 --style raw --v 6","text, letters, watermark, signature, ui, frame, border, extra limbs, deformed hands, lowres, blurry, jpeg artifacts, modern clothing, photograph, 3d render plastic look",512x720,art_raw/ter_37.png,_processed/templates/card_template_512x720.png,"видимое окно y72-504; безопасная зона x41-471 y101-475; фокус (256,274)"
ter_38,Terramorph,Тектонический корнеплёт,Creature,Rare,3,Taunt,В начале вашего хода: +1 к здоровью (ваше существо). Провокация.,Тишина перед бурей — это тоже буря.,"dark fantasy trading card game illustration, a single heroic creature character: ""Матёрый древень"", ancient moss-covered stone, amber crystals growing from rock, giant roots, emerald forest light, weathered granite, prehistoric trees, earth element, imposing guardian stance shielding allies behind, centered composition, key subject inside the central safe band (vertical 10%-70% of frame, focus at 50%/38%), keep top 10% and bottom 30% calm and uncluttered for card name and text plates, rich color grading, painterly brushwork, high detail --ar 3:4 --style raw --v 6","text, letters, watermark, signature, ui, frame, border, extra limbs, deformed hands, lowres, blurry, jpeg artifacts, modern clothing, photograph, 3d render plastic look",512x720,art_raw/ter_38.png,_processed/templates/card_template_512x720.png,"видимое окно y72-504; безопасная зона x41-471 y101-475; фокус (256,274)"
ter_39,Terramorph,Тектонический голем,Creature,Rare,4,Taunt Trample,Провокация / Прорыв.,"Цена силы — след, который она оставляет.","dark fantasy trading card game illustration, a single heroic creature character: ""Тектонический страж"", ancient moss-covered stone, amber crystals growing from rock, giant roots, emerald forest light, weathered granite, prehistoric trees, earth element, imposing guardian stance shielding allies behind, crushing through broken defenses, debris flying, centered composition, key subject inside the central safe band (vertical 10%-70% of frame, focus at 50%/38%), keep top 10% and bottom 30% calm and uncluttered for card name and text plates, rich color grading, painterly brushwork, high detail --ar 3:4 --style raw --v 6","text, letters, watermark, signature, ui, frame, border, extra limbs, deformed hands, lowres, blurry, jpeg artifacts, modern clothing, photograph, 3d render plastic look",512x720,art_raw/ter_39.png,_processed/templates/card_template_512x720.png,"видимое окно y72-504; безопасная зона x41-471 y101-475; фокус (256,274)"
ter_40,Terramorph,Дубравный древень,Creature,Rare,3,,,Руины — это не конец. Это черновик.,"dark fantasy trading card game illustration, a single heroic creature character: ""Янтарный жук"", ancient moss-covered stone, amber crystals growing from rock, giant roots, emerald forest light, weathered granite, prehistoric trees, earth element, centered composition, key subject inside the central safe band (vertical 10%-70% of frame, focus at 50%/38%), keep top 10% and bottom 30% calm and uncluttered for card name and text plates, rich color grading, painterly brushwork, high detail --ar 3:4 --style raw --v 6","text, letters, watermark, signature, ui, frame, border, extra limbs, deformed hands, lowres, blurry, jpeg artifacts, modern clothing, photograph, 3d render plastic look",512x720,art_raw/ter_40.png,_processed/templates/card_template_512x720.png,"видимое окно y72-504; безопасная зона x41-471 y101-475; фокус (256,274)"
ter_41,Terramorph,Каменный корнеплёт,Creature,Common,4,,,Свет не спорит с тьмой. Он просто приходит.,"dark fantasy trading card game illustration, a single heroic creature character: ""Древний энт"", ancient moss-covered stone, amber crystals growing from rock, giant roots, emerald forest light, weathered granite, prehistoric trees, earth element, centered composition, key subject inside the central safe band (vertical 10%-70% of frame, focus at 50%/38%), keep top 10% and bottom 30% calm and uncluttered for card name and text plates, rich color grading, painterly brushwork, high detail --ar 3:4 --style raw --v 6","text, letters, watermark, signature, ui, frame, border, extra limbs, deformed hands, lowres, blurry, jpeg artifacts, modern clothing, photograph, 3d render plastic look",512x720,art_raw/ter_41.png,_processed/templates/card_template_512x720.png,"видимое окно y72-504; безопасная зона x41-471 y101-475; фокус (256,274)"
ter_42,Terramorph,Железняковый грибник,Creature,Common,6,Taunt,Боевой клич: Нанесите 2 урона всем вражеским существам. Провокация.,Тишина перед бурей — это тоже буря.,"intricate detailing, dark fantasy trading card game illustration, a single heroic creature character: ""Сердце Горы"", ancient moss-covered stone, amber crystals growing from rock, giant roots, emerald forest light, weathered granite, prehistoric trees, earth element, imposing guardian stance shielding allies behind, a destruction wave rolling over enemy ranks only, centered composition, key subject inside the central safe band (vertical 10%-70% of frame, focus at 50%/38%), keep top 10% and bottom 30% calm and uncluttered for card name and text plates, rich color grading, painterly brushwork, high detail --ar 3:4 --style raw --v 6","text, letters, watermark, signature, ui, frame, border, extra limbs, deformed hands, lowres, blurry, jpeg artifacts, modern clothing, photograph, 3d render plastic look",512x720,art_raw/ter_42.png,_processed/templates/card_template_512x720.png,"видимое окно y72-504; безопасная зона x41-471 y101-475; фокус (256,274)"
ter_43,Terramorph,Железняковый корнеплёт,Creature,Common,4,Trample,Прорыв.,Корни глубже стен. Всегда глубже.,"intricate detailing, dark fantasy trading card game illustration, a single heroic creature character: ""Первозданный титан"", ancient moss-covered stone, amber crystals growing from rock, giant roots, emerald forest light, weathered granite, prehistoric trees, earth element, crushing through broken defenses, debris flying, centered composition, key subject inside the central safe band (vertical 10%-70% of frame, focus at 50%/38%), keep top 10% and bottom 30% calm and uncluttered for card name and text plates, rich color grading, painterly brushwork, high detail --ar 3:4 --style raw --v 6","text, letters, watermark, signature, ui, frame, border, extra limbs, deformed hands, lowres, blurry, jpeg artifacts, modern clothing, photograph, 3d render plastic look",512x720,art_raw/ter_43.png,_processed/templates/card_template_512x720.png,"видимое окно y72-504; безопасная зона x41-471 y101-475; фокус (256,274)"
ter_44,Terramorph,Глиняный панцирь,Creature,Common,4,Taunt,Провокация.,Корни глубже стен. Всегда глубже.,"dark fantasy trading card game illustration, a single heroic creature character: ""Гранитный колосс"", ancient moss-covered stone, amber crystals growing from rock, giant roots, emerald forest light, weathered granite, prehistoric trees, earth element, imposing guardian stance shielding allies behind, centered composition, key subject inside the central safe band (vertical 10%-70% of frame, focus at 50%/38%), keep top 10% and bottom 30% calm and uncluttered for card name and text plates, rich color grading, painterly brushwork, high detail --ar 3:4 --style raw --v 6","text, letters, watermark, signature, ui, frame, border, extra limbs, deformed hands, lowres, blurry, jpeg artifacts, modern clothing, photograph, 3d render plastic look",512x720,art_raw/ter_44.png,_processed/templates/card_template_512x720.png,"видимое окно y72-504; безопасная зона x41-471 y101-475; фокус (256,274)"
ter_s10,Pyromancer,Споровый голем,Spell·Instant,Epic,3,Rush Trample,Боевой клич: Нанесите 2 урона всем вражеским существам. Выжигание: входящее лечение противника снижено на 1. Рывок / Прорыв.,"Цена силы — след, который она оставляет.","epic cinematic composition, volumetric light, dark fantasy trading card game illustration, a single heroic creature character: ""Вулканический колосс"", molten lava cracks, ember storm, scorched obsidian, orange-red fire magic, smoke and ash, glowing forge runes, fire element, lunging forward in mid-charge, motion blur, crushing through broken defenses, debris flying, centered composition, key subject inside the central safe band (vertical 10%-70% of frame, focus at 50%/38%), keep top 10% and bottom 30% calm and uncluttered for card name and text plates, rich color grading, painterly brushwork, high detail --ar 3:4 --style raw --v 6","text, letters, watermark, signature, ui, frame, border, extra limbs, deformed hands, lowres, blurry, jpeg artifacts, modern clothing, photograph, 3d render plastic look",512x720,art_raw/ter_s10.png,_processed/templates/card_template_512x720.png,"видимое окно y72-504; безопасная зона x41-471 y101-475; фокус (256,274)"
ter_s11,Necrus,Споровый колосс,Spell·Instant,Rare,1,,Наносит 3 урона (вражеское существо); Яд на 1 ход(а) (вражеское существо).,Свет не спорит с тьмой. Он просто приходит.,"dark fantasy trading card game illustration, a burst of magical energy: ""Тлетворное касание"", decaying gothic crypt, deep purple and blood red, black mist, bone reliquaries, green necrotic glow, tattered burial shrouds, iron chains, chaos/void element, a focused burst of destructive energy lancing toward a single foe, centered composition, key subject inside the central safe band (vertical 10%-70% of frame, focus at 50%/38%), keep top 10% and bottom 30% calm and uncluttered for card name and text plates, rich color grading, painterly brushwork, high detail --ar 3:4 --style raw --v 6","text, letters, watermark, signature, ui, frame, border, extra limbs, deformed hands, lowres, blurry, jpeg artifacts, modern clothing, photograph, 3d render plastic look",512x720,art_raw/ter_s11.png,_processed/templates/card_template_512x720.png,"видимое окно y72-504; безопасная зона x41-471 y101-475; фокус (256,274)"
ter_s12,Ethereal,Споровый рудокоп,Spell·Instant,Legendary,1,,Возьмите 1 карт(у); Противник берёт 1 карт(у).,Свет не спорит с тьмой. Он просто приходит.,"dark fantasy trading card game illustration, a burst of magical energy: ""Шёпот"", silver mist and teal aurora, translucent ghostly forms, floating silk veils, moonlit sky, mirror shards, weightless particles, air element, streams of knowledge runes flying into an open hand, centered composition, key subject inside the central safe band (vertical 10%-70% of frame, focus at 50%/38%), keep top 10% and bottom 30% calm and uncluttered for card name and text plates, rich color grading, painterly brushwork, high detail --ar 3:4 --style raw --v 6","text, letters, watermark, signature, ui, frame, border, extra limbs, deformed hands, lowres, blurry, jpeg artifacts, modern clothing, photograph, 3d render plastic look",512x720,art_raw/ter_s12.png,_processed/templates/card_template_512x720.png,"видимое окно y72-504; безопасная зона x41-471 y101-475; фокус (256,274)"
ter_s13,Necrus,Споровый корнеплёт,Spell·Instant,Common,2,,Наносит 2 урона (вражеское существо); Восстановите 3 здоровья (ваш герой).,Пепел честнее золота: он не притворяется.,"dark fantasy trading card game illustration, a burst of magical energy: ""Кража души"", decaying gothic crypt, deep purple and blood red, black mist, bone reliquaries, green necrotic glow, tattered burial shrouds, iron chains, chaos/void element, a focused burst of destructive energy lancing toward a single foe, gentle restorative golden light knitting wounds, centered composition, key subject inside the central safe band (vertical 10%-70% of frame, focus at 50%/38%), keep top 10% and bottom 30% calm and uncluttered for card name and text plates, rich color grading, painterly brushwork, high detail --ar 3:4 --style raw --v 6","text, letters, watermark, signature, ui, frame, border, extra limbs, deformed hands, lowres, blurry, jpeg artifacts, modern clothing, photograph, 3d render plastic look",512x720,art_raw/ter_s13.png,_processed/templates/card_template_512x720.png,"видимое окно y72-504; безопасная зона x41-471 y101-475; фокус (256,274)"
ter_s14,Terramorph,Тектонический грибник,Spell·Instant,Epic,2,,Нанесите 2 урона всем вражеским существам; Заморозка на 1 ход(а) (всех врагов).,"Цена силы — след, который она оставляет.","dark fantasy trading card game illustration, a burst of magical energy: ""Сейсмический толчок"", ancient moss-covered stone, amber crystals growing from rock, giant roots, emerald forest light, weathered granite, prehistoric trees, earth element, a destruction wave rolling over enemy ranks only, centered composition, key subject inside the central safe band (vertical 10%-70% of frame, focus at 50%/38%), keep top 10% and bottom 30% calm and uncluttered for card name and text plates, rich color grading, painterly brushwork, high detail --ar 3:4 --style raw --v 6","text, letters, watermark, signature, ui, frame, border, extra limbs, deformed hands, lowres, blurry, jpeg artifacts, modern clothing, photograph, 3d render plastic look",512x720,art_raw/ter_s14.png,_processed/templates/card_template_512x720.png,"видимое окно y72-504; безопасная зона x41-471 y101-475; фокус (256,274)"
ter_s15,Terramorph,Корневой голем,Spell·Ritual,Rare,4,,Ритуал: разрешается в начале вашего следующего хода. Нанесите 3 урона всем вражеским существам; Восстановите 3 здоровья (ваш герой).,"Эхо помнит даже то, что Цитадель предпочла забыть.","epic cinematic composition, volumetric light, dark fantasy trading card game illustration, a burst of magical energy: ""Гнев Недр"", ancient moss-covered stone, amber crystals growing from rock, giant roots, emerald forest light, weathered granite, prehistoric trees, earth element, a destruction wave rolling over enemy ranks only, gentle restorative golden light knitting wounds, centered composition, key subject inside the central safe band (vertical 10%-70% of frame, focus at 50%/38%), keep top 10% and bottom 30% calm and uncluttered for card name and text plates, rich color grading, painterly brushwork, high detail --ar 3:4 --style raw --v 6","text, letters, watermark, signature, ui, frame, border, extra limbs, deformed hands, lowres, blurry, jpeg artifacts, modern clothing, photograph, 3d render plastic look",512x720,art_raw/ter_s15.png,_processed/templates/card_template_512x720.png,"видимое окно y72-504; безопасная зона x41-471 y101-475; фокус (256,274)"
ter_s16,Terramorph,Каменный рудокоп,Spell·Ritual,Common,2,,Возьмите 3 карт(у).,"Цена силы — след, который она оставляет.","dark fantasy trading card game illustration, a burst of magical energy: ""Зов Предков"", ancient moss-covered stone, amber crystals growing from rock, giant roots, emerald forest light, weathered granite, prehistoric trees, earth element, streams of knowledge runes flying into an open hand, centered composition, key subject inside the central safe band (vertical 10%-70% of frame, focus at 50%/38%), keep top 10% and bottom 30% calm and uncluttered for card name and text plates, rich color grading, painterly brushwork, high detail --ar 3:4 --style raw --v 6","text, letters, watermark, signature, ui, frame, border, extra limbs, deformed hands, lowres, blurry, jpeg artifacts, modern clothing, photograph, 3d render plastic look",512x720,art_raw/ter_s16.png,_processed/templates/card_template_512x720.png,"видимое окно y72-504; безопасная зона x41-471 y101-475; фокус (256,274)"
ter_s17,Terramorph,Дубравный колосс,Spell·Ritual,Epic,3,,Ритуал: разрешается в начале вашего следующего хода. Нанесите 3 урона всем вражеским существам; Восстановите 3 здоровья (ваш герой).,"Эхо помнит даже то, что Цитадель предпочла забыть.","epic cinematic composition, volumetric light, dark fantasy trading card game illustration, a burst of magical energy: ""Гнев Недр"", ancient moss-covered stone, amber crystals growing from rock, giant roots, emerald forest light, weathered granite, prehistoric trees, earth element, a destruction wave rolling over enemy ranks only, gentle restorative golden light knitting wounds, centered composition, key subject inside the central safe band (vertical 10%-70% of frame, focus at 50%/38%), keep top 10% and bottom 30% calm and uncluttered for card name and text plates, rich color grading, painterly brushwork, high detail --ar 3:4 --style raw --v 6","text, letters, watermark, signature, ui, frame, border, extra limbs, deformed hands, lowres, blurry, jpeg artifacts, modern clothing, photograph, 3d render plastic look",512x720,art_raw/ter_s17.png,_processed/templates/card_template_512x720.png,"видимое окно y72-504; безопасная зона x41-471 y101-475; фокус (256,274)"
ter_s18,Terramorph,Дубравный грибник,Spell·Ritual,Common,2,,Нанесите 2 урона всем вражеским существам; Заморозка на 1 ход(а) (всех врагов).,Свет не спорит с тьмой. Он просто приходит.,"dark fantasy trading card game illustration, a burst of magical energy: ""Сейсмический толчок"", ancient moss-covered stone, amber crystals growing from rock, giant roots, emerald forest light, weathered granite, prehistoric trees, earth element, a destruction wave rolling over enemy ranks only, centered composition, key subject inside the central safe band (vertical 10%-70% of frame, focus at 50%/38%), keep top 10% and bottom 30% calm and uncluttered for card name and text plates, rich color grading, painterly brushwork, high detail --ar 3:4 --style raw --v 6","text, letters, watermark, signature, ui, frame, border, extra limbs, deformed hands, lowres, blurry, jpeg artifacts, modern clothing, photograph, 3d render plastic look",512x720,art_raw/ter_s18.png,_processed/templates/card_template_512x720.png,"видимое окно y72-504; безопасная зона x41-471 y101-475; фокус (256,274)"
ter_r07,Terramorph,Глиняный валун,Rune,Rare,1,,Аура: +1 к максимуму маны. В начале вашего хода: Возьмите 1 карт(у). Действует до конца игры. Руну нельзя уничтожить обычными заклинаниями.,Корни глубже стен. Всегда глубже.,"intricate detailing, dark fantasy trading card game illustration, an ancient glowing rune sigil carved on stone: ""Руна Глубинных Корней"", ancient moss-covered stone, amber crystals growing from rock, giant roots, emerald forest light, weathered granite, prehistoric trees, earth element, centered composition, key subject inside the central safe band (vertical 10%-70% of frame, focus at 50%/38%), keep top 10% and bottom 30% calm and uncluttered for card name and text plates, rich color grading, painterly brushwork, high detail --ar 3:4 --style raw --v 6","text, letters, watermark, signature, ui, frame, border, extra limbs, deformed hands, lowres, blurry, jpeg artifacts, modern clothing, photograph, 3d render plastic look",512x720,art_raw/ter_r07.png,_processed/templates/card_template_512x720.png,"видимое окно y72-504; безопасная зона x41-471 y101-475; фокус (256,274)"
ter_r08,Terramorph,Корневой корнеплёт,Rune,Common,1,,Аура: -1 к атаке вражеских существ. Действует до конца игры. Руну нельзя уничтожить обычными заклинаниями.,Корни глубже стен. Всегда глубже.,"dark fantasy trading card game illustration, an ancient glowing rune sigil carved on stone: ""Руна Тяжести"", ancient moss-covered stone, amber crystals growing from rock, giant roots, emerald forest light, weathered granite, prehistoric trees, earth element, centered composition, key subject inside the central safe band (vertical 10%-70% of frame, focus at 50%/38%), keep top 10% and bottom 30% calm and uncluttered for card name and text plates, rich color grading, painterly brushwork, high detail --ar 3:4 --style raw --v 6","text, letters, watermark, signature, ui, frame, border, extra limbs, deformed hands, lowres, blurry, jpeg artifacts, modern clothing, photograph, 3d render plastic look",512x720,art_raw/ter_r08.png,_processed/templates/card_template_512x720.png,"видимое окно y72-504; безопасная зона x41-471 y101-475; фокус (256,274)"
ter_r09,Terramorph,Глиняный древень,Rune,Common,1,,Аура: ваши существа получают +2/+2. Действует до конца игры. Руну нельзя уничтожить обычными заклинаниями.,Между ударами сердца есть дверь. Я видел её.,"intricate detailing, dark fantasy trading card game illustration, an ancient glowing rune sigil carved on stone: ""Руна Первозданной Земли"", ancient moss-covered stone, amber crystals growing from rock, giant roots, emerald forest light, weathered granite, prehistoric trees, earth element, centered composition, key subject inside the central safe band (vertical 10%-70% of frame, focus at 50%/38%), keep top 10% and bottom 30% calm and uncluttered for card name and text plates, rich color grading, painterly brushwork, high detail --ar 3:4 --style raw --v 6","text, letters, watermark, signature, ui, frame, border, extra limbs, deformed hands, lowres, blurry, jpeg artifacts, modern clothing, photograph, 3d render plastic look",512x720,art_raw/ter_r09.png,_processed/templates/card_template_512x720.png,"видимое окно y72-504; безопасная зона x41-471 y101-475; фокус (256,274)"
ter_r10,Terramorph,Корневой валун,Rune,Common,1,,Аура: ваши существа получают +1/+1. Действует до конца игры. Руну нельзя уничтожить обычными заклинаниями.,Тишина перед бурей — это тоже буря.,"intricate detailing, dark fantasy trading card game illustration, an ancient glowing rune sigil carved on stone: ""Руна Янтаря"", ancient moss-covered stone, amber crystals growing from rock, giant roots, emerald forest light, weathered granite, prehistoric trees, earth element, centered composition, key subject inside the central safe band (vertical 10%-70% of frame, focus at 50%/38%), keep top 10% and bottom 30% calm and uncluttered for card name and text plates, rich color grading, painterly brushwork, high detail --ar 3:4 --style raw --v 6","text, letters, watermark, signature, ui, frame, border, extra limbs, deformed hands, lowres, blurry, jpeg artifacts, modern clothing, photograph, 3d render plastic look",512x720,art_raw/ter_r10.png,_processed/templates/card_template_512x720.png,"видимое окно y72-504; безопасная зона x41-471 y101-475; фокус (256,274)"
ter_r11,Terramorph,Дубравный валун,Rune,Common,1,,Аура: +1 к здоровью ваших существ. Действует до конца игры. Руну нельзя уничтожить обычными заклинаниями.,Тишина перед бурей — это тоже буря.,"dark fantasy trading card game illustration, an ancient glowing rune sigil carved on stone: ""Руна Коры"", ancient moss-covered stone, amber crystals growing from rock, giant roots, emerald forest light, weathered granite, prehistoric trees, earth element, centered composition, key subject inside the central safe band (vertical 10%-70% of frame, focus at 50%/38%), keep top 10% and bottom 30% calm and uncluttered for card name and text plates, rich color grading, painterly brushwork, high detail --ar 3:4 --style raw --v 6","text, letters, watermark, signature, ui, frame, border, extra limbs, deformed hands, lowres, blurry, jpeg artifacts, modern clothing, photograph, 3d render plastic look",512x720,art_raw/ter_r11.png,_processed/templates/card_template_512x720.png,"видимое окно y72-504; безопасная зона x41-471 y101-475; фокус (256,274)"
pyr_31,Pyromancer,Огнерождённый элементаль,Creature,Common,3,Rush,Рывок.,Пепел честнее золота: он не притворяется.,"dark fantasy trading card game illustration, a single heroic creature character: ""Факельщик"", molten lava cracks, ember storm, scorched obsidian, orange-red fire magic, smoke and ash, glowing forge runes, fire element, lunging forward in mid-charge, motion blur, centered composition, key subject inside the central safe band (vertical 10%-70% of frame, focus at 50%/38%), keep top 10% and bottom 30% calm and uncluttered for card name and text plates, rich color grading, painterly brushwork, high detail --ar 3:4 --style raw --v 6","text, letters, watermark, signature, ui, frame, border, extra limbs, deformed hands, lowres, blurry, jpeg artifacts, modern clothing, photograph, 3d render plastic look",512x720,art_raw/pyr_31.png,_processed/templates/card_template_512x720.png,"видимое окно y72-504; безопасная зона x41-471 y101-475; фокус (256,274)"
pyr_32,Pyromancer,Угольный жернов,Creature,Legendary,7,Rush Lifesteal,Боевой клич: Нанесите 3 урона всем вражеским существам. Рывок / Вампиризм.,Корни глубже стен. Всегда глубже.,"legendary masterpiece composition, dramatic rim light, particle effects, dark fantasy trading card game illustration, a single heroic creature character: ""Избранник Огня"", molten lava cracks, ember storm, scorched obsidian, orange-red fire magic, smoke and ash, glowing forge runes, fire element, lunging forward in mid-charge, motion blur, wisps of drained essence flowing toward it, centered composition, key subject inside the central safe band (vertical 10%-70% of frame, focus at 50%/38%), keep top 10% and bottom 30% calm and uncluttered for card name and text plates, rich color grading, painterly brushwork, high detail --ar 3:4 --style raw --v 6","text, letters, watermark, signature, ui, frame, border, extra limbs, deformed hands, lowres, blurry, jpeg artifacts, modern clothing, photograph, 3d render plastic look",512x720,art_raw/pyr_32.png,_processed/templates/card_template_512x720.png,"видимое окно y72-504; безопасная зона x41-471 y101-475; фокус (256,274)"
pyr_33,Pyromancer,Пылающий вимпел,Creature,Epic,2,Battlecry,Боевой клич: Наносит 1 урона (вражеский герой). Боевой клич.,Руины — это не конец. Это черновик.,"dark fantasy trading card game illustration, a single heroic creature character: ""Саламандра-поджигатель"", molten lava cracks, ember storm, scorched obsidian, orange-red fire magic, smoke and ash, glowing forge runes, fire element, erupting war cry shockwave at arrival, a focused burst of destructive energy lancing toward a single foe, centered composition, key subject inside the central safe band (vertical 10%-70% of frame, focus at 50%/38%), keep top 10% and bottom 30% calm and uncluttered for card name and text plates, rich color grading, painterly brushwork, high detail --ar 3:4 --style raw --v 6","text, letters, watermark, signature, ui, frame, border, extra limbs, deformed hands, lowres, blurry, jpeg artifacts, modern clothing, photograph, 3d render plastic look",512x720,art_raw/pyr_33.png,_processed/templates/card_template_512x720.png,"видимое окно y72-504; безопасная зона x41-471 y101-475; фокус (256,274)"
pyr_34,Pyromancer,Огнерождённый жернов,Creature,Rare,7,SpellDamage,Когда вы разыгрываете заклинание: Наносит 2 урона (вражеский герой). Ваши заклинания наносят на 1 урон больше. Урон заклинаний +1.,Руины — это не конец. Это черновик.,"intricate detailing, dark fantasy trading card game illustration, a single heroic creature character: ""Пепельный титан"", molten lava cracks, ember storm, scorched obsidian, orange-red fire magic, smoke and ash, glowing forge runes, fire element, floating amplification runes circling it, centered composition, key subject inside the central safe band (vertical 10%-70% of frame, focus at 50%/38%), keep top 10% and bottom 30% calm and uncluttered for card name and text plates, rich color grading, painterly brushwork, high detail --ar 3:4 --style raw --v 6","text, letters, watermark, signature, ui, frame, border, extra limbs, deformed hands, lowres, blurry, jpeg artifacts, modern clothing, photograph, 3d render plastic look",512x720,art_raw/pyr_34.png,_processed/templates/card_template_512x720.png,"видимое окно y72-504; безопасная зона x41-471 y101-475; фокус (256,274)"
pyr_35,Pyromancer,Дымный факельщик,Creature,Common,7,Rush Lifesteal,Боевой клич: Нанесите 3 урона всем вражеским существам. Рывок / Вампиризм.,Между ударами сердца есть дверь. Я видел её.,"legendary masterpiece composition, dramatic rim light, particle effects, dark fantasy trading card game illustration, a single heroic creature character: ""Избранник Огня"", molten lava cracks, ember storm, scorched obsidian, orange-red fire magic, smoke and ash, glowing forge runes, fire element, lunging forward in mid-charge, motion blur, wisps of drained essence flowing toward it, centered composition, key subject inside the central safe band (vertical 10%-70% of frame, focus at 50%/38%), keep top 10% and bottom 30% calm and uncluttered for card name and text plates, rich color grading, painterly brushwork, high detail --ar 3:4 --style raw --v 6","text, letters, watermark, signature, ui, frame, border, extra limbs, deformed hands, lowres, blurry, jpeg artifacts, modern clothing, photograph, 3d render plastic look",512x720,art_raw/pyr_35.png,_processed/templates/card_template_512x720.png,"видимое окно y72-504; безопасная зона x41-471 y101-475; фокус (256,274)"
pyr_36,Pyromancer,Искровой вулкан,Creature,Common,6,Rush Trample,Боевой клич: Нанесите 2 урона всем вражеским существам. Выжигание: входящее лечение противника снижено на 1. Рывок / Прорыв.,Свет не спорит с тьмой. Он просто приходит.,"epic cinematic composition, volumetric light, dark fantasy trading card game illustration, a single heroic creature character: ""Вулканический колосс"", molten lava cracks, ember storm, scorched obsidian, orange-red fire magic, smoke and ash, glowing forge runes, fire element, lunging forward in mid-charge, motion blur, crushing through broken defenses, debris flying, centered composition, key subject inside the central safe band (vertical 10%-70% of frame, focus at 50%/38%), keep top 10% and bottom 30% calm and uncluttered for card name and text plates, rich color grading, painterly brushwork, high detail --ar 3:4 --style raw --v 6","text, letters, watermark, signature, ui, frame, border, extra limbs, deformed hands, lowres, blurry, jpeg artifacts, modern clothing, photograph, 3d render plastic look",512x720,art_raw/pyr_36.png,_processed/templates/card_template_512x720.png,"видимое окно y72-504; безопасная зона x41-471 y101-475; фокус (256,274)"
pyr_37,Pyromancer,Угольный саламандр,Creature,Legendary,6,Rush Trample,Боевой клич: Нанесите 2 урона всем вражеским существам. Выжигание: входящее лечение противника снижено на 1. Рывок / Прорыв.,Тишина перед бурей — это тоже буря.,"epic cinematic composition, volumetric light, dark fantasy trading card game illustration, a single heroic creature character: ""Вулканический колосс"", molten lava cracks, ember storm, scorched obsidian, orange-red fire magic, smoke and ash, glowing forge runes, fire element, lunging forward in mid-charge, motion blur, crushing through broken defenses, debris flying, centered composition, key subject inside the central safe band (vertical 10%-70% of frame, focus at 50%/38%), keep top 10% and bottom 30% calm and uncluttered for card name and text plates, rich color grading, painterly brushwork, high detail --ar 3:4 --style raw --v 6","text, letters, watermark, signature, ui, frame, border, extra limbs, deformed hands, lowres, blurry, jpeg artifacts, modern clothing, photograph, 3d render plastic look",512x720,art_raw/pyr_37.png,_processed/templates/card_template_512x720.png,"видимое окно y72-504; безопасная зона x41-471 y101-475; фокус (256,274)"
pyr_38,Pyromancer,Искровой жернов,Creature,Epic,5,Deathrattle,Предсмертный хрип: Призовите «Пепельный дух» 2/2. Предсмертный хрип.,Пепел честнее золота: он не притворяется.,"intricate detailing, dark fantasy trading card game illustration, a single heroic creature character: ""Феникс-птенцы"", molten lava cracks, ember storm, scorched obsidian, orange-red fire magic, smoke and ash, glowing forge runes, fire element, ominous death-omen aura ready to burst, centered composition, key subject inside the central safe band (vertical 10%-70% of frame, focus at 50%/38%), keep top 10% and bottom 30% calm and uncluttered for card name and text plates, rich color grading, painterly brushwork, high detail --ar 3:4 --style raw --v 6","text, letters, watermark, signature, ui, frame, border, extra limbs, deformed hands, lowres, blurry, jpeg artifacts, modern clothing, photograph, 3d render plastic look",512x720,art_raw/pyr_38.png,_processed/templates/card_template_512x720.png,"видимое окно y72-504; безопасная зона x41-471 y101-475; фокус (256,274)"
pyr_39,Pyromancer,Лавовый факельщик,Creature,Rare,5,Battlecry,Боевой клич: Нанесите 2 урона всем вражеским существам. Боевой клич.,Руины — это не конец. Это черновик.,"intricate detailing, dark fantasy trading card game illustration, a single heroic creature character: ""Магматический голем"", molten lava cracks, ember storm, scorched obsidian, orange-red fire magic, smoke and ash, glowing forge runes, fire element, erupting war cry shockwave at arrival, a destruction wave rolling over enemy ranks only, centered composition, key subject inside the central safe band (vertical 10%-70% of frame, focus at 50%/38%), keep top 10% and bottom 30% calm and uncluttered for card name and text plates, rich color grading, painterly brushwork, high detail --ar 3:4 --style raw --v 6","text, letters, watermark, signature, ui, frame, border, extra limbs, deformed hands, lowres, blurry, jpeg artifacts, modern clothing, photograph, 3d render plastic look",512x720,art_raw/pyr_39.png,_processed/templates/card_template_512x720.png,"видимое окно y72-504; безопасная зона x41-471 y101-475; фокус (256,274)"
pyr_40,Pyromancer,Пиромантийный вимпел,Creature,Epic,7,Rush Trample,Боевой клич: Нанесите 2 урона всем вражеским существам. Выжигание: входящее лечение противника снижено на 1. Рывок / Прорыв.,Свет не спорит с тьмой. Он просто приходит.,"epic cinematic composition, volumetric light, dark fantasy trading card game illustration, a single heroic creature character: ""Вулканический колосс"", molten lava cracks, ember storm, scorched obsidian, orange-red fire magic, smoke and ash, glowing forge runes, fire element, lunging forward in mid-charge, motion blur, crushing through broken defenses, debris flying, centered composition, key subject inside the central safe band (vertical 10%-70% of frame, focus at 50%/38%), keep top 10% and bottom 30% calm and uncluttered for card name and text plates, rich color grading, painterly brushwork, high detail --ar 3:4 --style raw --v 6","text, letters, watermark, signature, ui, frame, border, extra limbs, deformed hands, lowres, blurry, jpeg artifacts, modern clothing, photograph, 3d render plastic look",512x720,art_raw/pyr_40.png,_processed/templates/card_template_512x720.png,"видимое окно y72-504; безопасная зона x41-471 y101-475; фокус (256,274)"
pyr_41,Pyromancer,Пылающий саламандр,Creature,Common,3,Rush,Выжигание: входящее лечение противника снижено на 1. Рывок.,Свет не спорит с тьмой. Он просто приходит.,"intricate detailing, dark fantasy trading card game illustration, a single heroic creature character: ""Ифрит Пепла"", molten lava cracks, ember storm, scorched obsidian, orange-red fire magic, smoke and ash, glowing forge runes, fire element, lunging forward in mid-charge, motion blur, centered composition, key subject inside the central safe band (vertical 10%-70% of frame, focus at 50%/38%), keep top 10% and bottom 30% calm and uncluttered for card name and text plates, rich color grading, painterly brushwork, high detail --ar 3:4 --style raw --v 6","text, letters, watermark, signature, ui, frame, border, extra limbs, deformed hands, lowres, blurry, jpeg artifacts, modern clothing, photograph, 3d render plastic look",512x720,art_raw/pyr_41.png,_processed/templates/card_template_512x720.png,"видимое окно y72-504; безопасная зона x41-471 y101-475; фокус (256,274)"
pyr_42,Pyromancer,Пиромантийный поджигатель,Creature,Common,3,Rush,Рывок.,Руины — это не конец. Это черновик.,"dark fantasy trading card game illustration, a single heroic creature character: ""Факельщик"", molten lava cracks, ember storm, scorched obsidian, orange-red fire magic, smoke and ash, glowing forge runes, fire element, lunging forward in mid-charge, motion blur, centered composition, key subject inside the central safe band (vertical 10%-70% of frame, focus at 50%/38%), keep top 10% and bottom 30% calm and uncluttered for card name and text plates, rich color grading, painterly brushwork, high detail --ar 3:4 --style raw --v 6","text, letters, watermark, signature, ui, frame, border, extra limbs, deformed hands, lowres, blurry, jpeg artifacts, modern clothing, photograph, 3d render plastic look",512x720,art_raw/pyr_42.png,_processed/templates/card_template_512x720.png,"видимое окно y72-504; безопасная зона x41-471 y101-475; фокус (256,274)"
pyr_43,Pyromancer,Факельный факельщик,Creature,Epic,3,Rush,Выжигание: входящее лечение противника снижено на 1. Рывок.,Корни глубже стен. Всегда глубже.,"intricate detailing, dark fantasy trading card game illustration, a single heroic creature character: ""Ифрит Пепла"", molten lava cracks, ember storm, scorched obsidian, orange-red fire magic, smoke and ash, glowing forge runes, fire element, lunging forward in mid-charge, motion blur, centered composition, key subject inside the central safe band (vertical 10%-70% of frame, focus at 50%/38%), keep top 10% and bottom 30% calm and uncluttered for card name and text plates, rich color grading, painterly brushwork, high detail --ar 3:4 --style raw --v 6","text, letters, watermark, signature, ui, frame, border, extra limbs, deformed hands, lowres, blurry, jpeg artifacts, modern clothing, photograph, 3d render plastic look",512x720,art_raw/pyr_43.png,_processed/templates/card_template_512x720.png,"видимое окно y72-504; безопасная зона x41-471 y101-475; фокус (256,274)"
pyr_44,Pyromancer,Огнерождённый вулкан,Creature,Common,3,SpellDamage,Ваши заклинания наносят на 1 урон больше. Выжигание: входящее лечение противника снижено на 1. Урон заклинаний +1.,Руины — это не конец. Это черновик.,"dark fantasy trading card game illustration, a single heroic creature character: ""Горнильный мастер"", molten lava cracks, ember storm, scorched obsidian, orange-red fire magic, smoke and ash, glowing forge runes, fire element, floating amplification runes circling it, centered composition, key subject inside the central safe band (vertical 10%-70% of frame, focus at 50%/38%), keep top 10% and bottom 30% calm and uncluttered for card name and text plates, rich color grading, painterly brushwork, high detail --ar 3:4 --style raw --v 6","text, letters, watermark, signature, ui, frame, border, extra limbs, deformed hands, lowres, blurry, jpeg artifacts, modern clothing, photograph, 3d render plastic look",512x720,art_raw/pyr_44.png,_processed/templates/card_template_512x720.png,"видимое окно y72-504; безопасная зона x41-471 y101-475; фокус (256,274)"
pyr_s11,Terramorph,Угольный поджигатель,Spell·Instant,Epic,5,,Ритуал: разрешается в начале вашего следующего хода. Нанесите 2 урона всем существам; +2 к максимуму маны; Возьмите 2 карт(у).,"Эхо помнит даже то, что Цитадель предпочла забыть.","legendary masterpiece composition, dramatic rim light, particle effects, dark fantasy trading card game illustration, a burst of magical energy: ""Сердце Мира"", ancient moss-covered stone, amber crystals growing from rock, giant roots, emerald forest light, weathered granite, prehistoric trees, earth element, a cataclysm sweeping the ENTIRE battlefield, all ranks engulfed, streams of knowledge runes flying into an open hand, centered composition, key subject inside the central safe band (vertical 10%-70% of frame, focus at 50%/38%), keep top 10% and bottom 30% calm and uncluttered for card name and text plates, rich color grading, painterly brushwork, high detail --ar 3:4 --style raw --v 6","text, letters, watermark, signature, ui, frame, border, extra limbs, deformed hands, lowres, blurry, jpeg artifacts, modern clothing, photograph, 3d render plastic look",512x720,art_raw/pyr_s11.png,_processed/templates/card_template_512x720.png,"видимое окно y72-504; безопасная зона x41-471 y101-475; фокус (256,274)"
pyr_s12,Necrus,Дымный вулкан,Spell·Instant,Epic,4,,Уничтожьте с наименьшим здоровьем (любое существо); Возьмите 2 карт(у); Восстановите 4 здоровья (ваш герой).,Тишина перед бурей — это тоже буря.,"intricate detailing, dark fantasy trading card game illustration, a burst of magical energy: ""Пир Праха"", decaying gothic crypt, deep purple and blood red, black mist, bone reliquaries, green necrotic glow, tattered burial shrouds, iron chains, chaos/void element, an annihilation beam erasing a single foe, streams of knowledge runes flying into an open hand, centered composition, key subject inside the central safe band (vertical 10%-70% of frame, focus at 50%/38%), keep top 10% and bottom 30% calm and uncluttered for card name and text plates, rich color grading, painterly brushwork, high detail --ar 3:4 --style raw --v 6","text, letters, watermark, signature, ui, frame, border, extra limbs, deformed hands, lowres, blurry, jpeg artifacts, modern clothing, photograph, 3d render plastic look",512x720,art_raw/pyr_s12.png,_processed/templates/card_template_512x720.png,"видимое окно y72-504; безопасная зона x41-471 y101-475; фокус (256,274)"
pyr_s13,Ethereal,Пиромантийный вулкан,Spell·Instant,Common,1,,Украдите 2 случайную(ых) карту(ы) из руки противника.,Между ударами сердца есть дверь. Я видел её.,"dark fantasy trading card game illustration, a burst of magical energy: ""Похищение разума"", silver mist and teal aurora, translucent ghostly forms, floating silk veils, moonlit sky, mirror shards, weightless particles, air element, centered composition, key subject inside the central safe band (vertical 10%-70% of frame, focus at 50%/38%), keep top 10% and bottom 30% calm and uncluttered for card name and text plates, rich color grading, painterly brushwork, high detail --ar 3:4 --style raw --v 6","text, letters, watermark, signature, ui, frame, border, extra limbs, deformed hands, lowres, blurry, jpeg artifacts, modern clothing, photograph, 3d render plastic look",512x720,art_raw/pyr_s13.png,_processed/templates/card_template_512x720.png,"видимое окно y72-504; безопасная зона x41-471 y101-475; фокус (256,274)"
pyr_s14,Aurites,Лавовый элементаль,Spell·Instant,Common,2,,Нанесите 2 урона всем вражеским существам; Восстановите 2 здоровья (ваш герой).,Пепел честнее золота: он не притворяется.,"dark fantasy trading card game illustration, a burst of magical energy: ""Небесный суд"", radiant white marble citadel, golden filigree, soft god-rays, pale blue holy light, feathered wings, polished brass armor, luminous runes floating in air, a destruction wave rolling over enemy ranks only, gentle restorative golden light knitting wounds, centered composition, key subject inside the central safe band (vertical 10%-70% of frame, focus at 50%/38%), keep top 10% and bottom 30% calm and uncluttered for card name and text plates, rich color grading, painterly brushwork, high detail --ar 3:4 --style raw --v 6","text, letters, watermark, signature, ui, frame, border, extra limbs, deformed hands, lowres, blurry, jpeg artifacts, modern clothing, photograph, 3d render plastic look",512x720,art_raw/pyr_s14.png,_processed/templates/card_template_512x720.png,"видимое окно y72-504; безопасная зона x41-471 y101-475; фокус (256,274)"
pyr_s15,Pyromancer,Лавовый саламандр,Spell·Ritual,Common,2,,Наносит 2 урона (вражеское существо); Горение 1 на 2 ход(а) (вражеское существо).,Руины — это не конец. Это черновик.,"dark fantasy trading card game illustration, a burst of magical energy: ""Поджог"", molten lava cracks, ember storm, scorched obsidian, orange-red fire magic, smoke and ash, glowing forge runes, fire element, a focused burst of destructive energy lancing toward a single foe, centered composition, key subject inside the central safe band (vertical 10%-70% of frame, focus at 50%/38%), keep top 10% and bottom 30% calm and uncluttered for card name and text plates, rich color grading, painterly brushwork, high detail --ar 3:4 --style raw --v 6","text, letters, watermark, signature, ui, frame, border, extra limbs, deformed hands, lowres, blurry, jpeg artifacts, modern clothing, photograph, 3d render plastic look",512x720,art_raw/pyr_s15.png,_processed/templates/card_template_512x720.png,"видимое окно y72-504; безопасная зона x41-471 y101-475; фокус (256,274)"
pyr_s16,Pyromancer,Лавовый жернов,Spell·Instant,Epic,1,,Наносит 2 урона (вражеское существо); Горение 1 на 2 ход(а) (вражеское существо).,"Цена силы — след, который она оставляет.","dark fantasy trading card game illustration, a burst of magical energy: ""Поджог"", molten lava cracks, ember storm, scorched obsidian, orange-red fire magic, smoke and ash, glowing forge runes, fire element, a focused burst of destructive energy lancing toward a single foe, centered composition, key subject inside the central safe band (vertical 10%-70% of frame, focus at 50%/38%), keep top 10% and bottom 30% calm and uncluttered for card name and text plates, rich color grading, painterly brushwork, high detail --ar 3:4 --style raw --v 6","text, letters, watermark, signature, ui, frame, border, extra limbs, deformed hands, lowres, blurry, jpeg artifacts, modern clothing, photograph, 3d render plastic look",512x720,art_raw/pyr_s16.png,_processed/templates/card_template_512x720.png,"видимое окно y72-504; безопасная зона x41-471 y101-475; фокус (256,274)"
pyr_s17,Pyromancer,Дымный жернов,Spell·Ritual,Rare,1,,Наносит 2 урона (вражеский герой); Нанесите 1 урона всем вражеским существам.,"Цена силы — след, который она оставляет.","dark fantasy trading card game illustration, a burst of magical energy: ""Раскалённые угли"", molten lava cracks, ember storm, scorched obsidian, orange-red fire magic, smoke and ash, glowing forge runes, fire element, a focused burst of destructive energy lancing toward a single foe, a destruction wave rolling over enemy ranks only, centered composition, key subject inside the central safe band (vertical 10%-70% of frame, focus at 50%/38%), keep top 10% and bottom 30% calm and uncluttered for card name and text plates, rich color grading, painterly brushwork, high detail --ar 3:4 --style raw --v 6","text, letters, watermark, signature, ui, frame, border, extra limbs, deformed hands, lowres, blurry, jpeg artifacts, modern clothing, photograph, 3d render plastic look",512x720,art_raw/pyr_s17.png,_processed/templates/card_template_512x720.png,"видимое окно y72-504; безопасная зона x41-471 y101-475; фокус (256,274)"
pyr_s18,Pyromancer,Огнерождённый феникс,Spell·Instant,Common,1,,Наносит 3 урона (вражеский герой).,Пепел честнее золота: он не притворяется.,"dark fantasy trading card game illustration, a burst of magical energy: ""Вспышка"", molten lava cracks, ember storm, scorched obsidian, orange-red fire magic, smoke and ash, glowing forge runes, fire element, a focused burst of destructive energy lancing toward a single foe, centered composition, key subject inside the central safe band (vertical 10%-70% of frame, focus at 50%/38%), keep top 10% and bottom 30% calm and uncluttered for card name and text plates, rich color grading, painterly brushwork, high detail --ar 3:4 --style raw --v 6","text, letters, watermark, signature, ui, frame, border, extra limbs, deformed hands, lowres, blurry, jpeg artifacts, modern clothing, photograph, 3d render plastic look",512x720,art_raw/pyr_s18.png,_processed/templates/card_template_512x720.png,"видимое окно y72-504; безопасная зона x41-471 y101-475; фокус (256,274)"
pyr_s19,Pyromancer,Факельный феникс,Spell·Instant,Common,4,,Ритуал: разрешается в начале вашего следующего хода. Нанесите 4 урона всем существам; Наносит 3 урона (вражеский герой).,Между ударами сердца есть дверь. Я видел её.,"epic cinematic composition, volumetric light, dark fantasy trading card game illustration, a burst of magical energy: ""Инферно"", molten lava cracks, ember storm, scorched obsidian, orange-red fire magic, smoke and ash, glowing forge runes, fire element, a cataclysm sweeping the ENTIRE battlefield, all ranks engulfed, a focused burst of destructive energy lancing toward a single foe, centered composition, key subject inside the central safe band (vertical 10%-70% of frame, focus at 50%/38%), keep top 10% and bottom 30% calm and uncluttered for card name and text plates, rich color grading, painterly brushwork, high detail --ar 3:4 --style raw --v 6","text, letters, watermark, signature, ui, frame, border, extra limbs, deformed hands, lowres, blurry, jpeg artifacts, modern clothing, photograph, 3d render plastic look",512x720,art_raw/pyr_s19.png,_processed/templates/card_template_512x720.png,"видимое окно y72-504; безопасная зона x41-471 y101-475; фокус (256,274)"
pyr_r07,Pyromancer,Искровой поджигатель,Rune,Rare,1,,Аура: ваши заклинания наносят на 1 урона больше. Действует до конца игры. Руну нельзя уничтожить обычными заклинаниями. Выжигание: входящее лечение противника снижено на 1.,Руины — это не конец. Это черновик.,"intricate detailing, dark fantasy trading card game illustration, an ancient glowing rune sigil carved on stone: ""Руна Великого Горна"", molten lava cracks, ember storm, scorched obsidian, orange-red fire magic, smoke and ash, glowing forge runes, fire element, centered composition, key subject inside the central safe band (vertical 10%-70% of frame, focus at 50%/38%), keep top 10% and bottom 30% calm and uncluttered for card name and text plates, rich color grading, painterly brushwork, high detail --ar 3:4 --style raw --v 6","text, letters, watermark, signature, ui, frame, border, extra limbs, deformed hands, lowres, blurry, jpeg artifacts, modern clothing, photograph, 3d render plastic look",512x720,art_raw/pyr_r07.png,_processed/templates/card_template_512x720.png,"видимое окно y72-504; безопасная зона x41-471 y101-475; фокус (256,274)"
pyr_r08,Pyromancer,Пиромантийный элементаль,Rune,Rare,1,,В начале вашего хода: Нанесите 2 урона всем вражеским существам. Действует до конца игры. Руну нельзя уничтожить обычными заклинаниями.,Тишина перед бурей — это тоже буря.,"epic cinematic composition, volumetric light, dark fantasy trading card game illustration, an ancient glowing rune sigil carved on stone: ""Руна Извержения"", molten lava cracks, ember storm, scorched obsidian, orange-red fire magic, smoke and ash, glowing forge runes, fire element, centered composition, key subject inside the central safe band (vertical 10%-70% of frame, focus at 50%/38%), keep top 10% and bottom 30% calm and uncluttered for card name and text plates, rich color grading, painterly brushwork, high detail --ar 3:4 --style raw --v 6","text, letters, watermark, signature, ui, frame, border, extra limbs, deformed hands, lowres, blurry, jpeg artifacts, modern clothing, photograph, 3d render plastic look",512x720,art_raw/pyr_r08.png,_processed/templates/card_template_512x720.png,"видимое окно y72-504; безопасная зона x41-471 y101-475; фокус (256,274)"
pyr_r09,Pyromancer,Пылающий вулкан,Rune,Rare,1,,Аура: ваши заклинания наносят на 1 урона больше. Действует до конца игры. Руну нельзя уничтожить обычными заклинаниями. Выжигание: входящее лечение противника снижено на 1.,Свет не спорит с тьмой. Он просто приходит.,"intricate detailing, dark fantasy trading card game illustration, an ancient glowing rune sigil carved on stone: ""Руна Великого Горна"", molten lava cracks, ember storm, scorched obsidian, orange-red fire magic, smoke and ash, glowing forge runes, fire element, centered composition, key subject inside the central safe band (vertical 10%-70% of frame, focus at 50%/38%), keep top 10% and bottom 30% calm and uncluttered for card name and text plates, rich color grading, painterly brushwork, high detail --ar 3:4 --style raw --v 6","text, letters, watermark, signature, ui, frame, border, extra limbs, deformed hands, lowres, blurry, jpeg artifacts, modern clothing, photograph, 3d render plastic look",512x720,art_raw/pyr_r09.png,_processed/templates/card_template_512x720.png,"видимое окно y72-504; безопасная зона x41-471 y101-475; фокус (256,274)"
pyr_r10,Pyromancer,Пылающий феникс,Rune,Common,1,,"В начале вашего хода: Подожгите всех врагов (1 урона, 2 ход(а)). Действует до конца игры. Руну нельзя уничтожить обычными заклинаниями.","Цена силы — след, который она оставляет.","dark fantasy trading card game illustration, an ancient glowing rune sigil carved on stone: ""Руна Горения"", molten lava cracks, ember storm, scorched obsidian, orange-red fire magic, smoke and ash, glowing forge runes, fire element, centered composition, key subject inside the central safe band (vertical 10%-70% of frame, focus at 50%/38%), keep top 10% and bottom 30% calm and uncluttered for card name and text plates, rich color grading, painterly brushwork, high detail --ar 3:4 --style raw --v 6","text, letters, watermark, signature, ui, frame, border, extra limbs, deformed hands, lowres, blurry, jpeg artifacts, modern clothing, photograph, 3d render plastic look",512x720,art_raw/pyr_r10.png,_processed/templates/card_template_512x720.png,"видимое окно y72-504; безопасная зона x41-471 y101-475; фокус (256,274)"
pyr_r11,Pyromancer,Огнерождённый факельщик,Rune,Common,1,,Аура: ваши заклинания наносят на 1 урона больше. Действует до конца игры. Руну нельзя уничтожить обычными заклинаниями.,Тишина перед бурей — это тоже буря.,"dark fantasy trading card game illustration, an ancient glowing rune sigil carved on stone: ""Руна Жара"", molten lava cracks, ember storm, scorched obsidian, orange-red fire magic, smoke and ash, glowing forge runes, fire element, centered composition, key subject inside the central safe band (vertical 10%-70% of frame, focus at 50%/38%), keep top 10% and bottom 30% calm and uncluttered for card name and text plates, rich color grading, painterly brushwork, high detail --ar 3:4 --style raw --v 6","text, letters, watermark, signature, ui, frame, border, extra limbs, deformed hands, lowres, blurry, jpeg artifacts, modern clothing, photograph, 3d render plastic look",512x720,art_raw/pyr_r11.png,_processed/templates/card_template_512x720.png,"видимое окно y72-504; безопасная зона x41-471 y101-475; фокус (256,274)"
eth_31,Ethereal,Лунный портал,Creature,Rare,5,Unblockable Windfury,Неуловимость / Буря.,"Цена силы — след, который она оставляет.","epic cinematic composition, volumetric light, dark fantasy trading card game illustration, a single heroic creature character: ""Фантомный колосс"", silver mist and teal aurora, translucent ghostly forms, floating silk veils, moonlit sky, mirror shards, weightless particles, air element, phasing half-transparent through shadows, twin blurred strikes in a single swing, centered composition, key subject inside the central safe band (vertical 10%-70% of frame, focus at 50%/38%), keep top 10% and bottom 30% calm and uncluttered for card name and text plates, rich color grading, painterly brushwork, high detail --ar 3:4 --style raw --v 6","text, letters, watermark, signature, ui, frame, border, extra limbs, deformed hands, lowres, blurry, jpeg artifacts, modern clothing, photograph, 3d render plastic look",512x720,art_raw/eth_31.png,_processed/templates/card_template_512x720.png,"видимое окно y72-504; безопасная зона x41-471 y101-475; фокус (256,274)"
eth_32,Ethereal,Туманный осколок,Creature,Epic,5,Rush,Боевой клич: Немота на с наибольшей атакой (вражеское существо). Рывок.,Корни глубже стен. Всегда глубже.,"intricate detailing, dark fantasy trading card game illustration, a single heroic creature character: ""Призрачный ассасин"", silver mist and teal aurora, translucent ghostly forms, floating silk veils, moonlit sky, mirror shards, weightless particles, air element, lunging forward in mid-charge, motion blur, sealing runes clamping shut over a mouthed scream, centered composition, key subject inside the central safe band (vertical 10%-70% of frame, focus at 50%/38%), keep top 10% and bottom 30% calm and uncluttered for card name and text plates, rich color grading, painterly brushwork, high detail --ar 3:4 --style raw --v 6","text, letters, watermark, signature, ui, frame, border, extra limbs, deformed hands, lowres, blurry, jpeg artifacts, modern clothing, photograph, 3d render plastic look",512x720,art_raw/eth_32.png,_processed/templates/card_template_512x720.png,"видимое окно y72-504; безопасная зона x41-471 y101-475; фокус (256,274)"
eth_33,Ethereal,Звёздный сонм,Creature,Common,1,Unblockable,Неуловимость.,Между ударами сердца есть дверь. Я видел её.,"dark fantasy trading card game illustration, a single heroic creature character: ""Эфирный разведчик"", silver mist and teal aurora, translucent ghostly forms, floating silk veils, moonlit sky, mirror shards, weightless particles, air element, phasing half-transparent through shadows, centered composition, key subject inside the central safe band (vertical 10%-70% of frame, focus at 50%/38%), keep top 10% and bottom 30% calm and uncluttered for card name and text plates, rich color grading, painterly brushwork, high detail --ar 3:4 --style raw --v 6","text, letters, watermark, signature, ui, frame, border, extra limbs, deformed hands, lowres, blurry, jpeg artifacts, modern clothing, photograph, 3d render plastic look",512x720,art_raw/eth_33.png,_processed/templates/card_template_512x720.png,"видимое окно y72-504; безопасная зона x41-471 y101-475; фокус (256,274)"
eth_34,Ethereal,Фантомный мираж,Creature,Rare,5,Rush,Боевой клич: Немота на с наибольшей атакой (вражеское существо). Рывок.,"Эхо помнит даже то, что Цитадель предпочла забыть.","intricate detailing, dark fantasy trading card game illustration, a single heroic creature character: ""Призрачный ассасин"", silver mist and teal aurora, translucent ghostly forms, floating silk veils, moonlit sky, mirror shards, weightless particles, air element, lunging forward in mid-charge, motion blur, sealing runes clamping shut over a mouthed scream, centered composition, key subject inside the central safe band (vertical 10%-70% of frame, focus at 50%/38%), keep top 10% and bottom 30% calm and uncluttered for card name and text plates, rich color grading, painterly brushwork, high detail --ar 3:4 --style raw --v 6","text, letters, watermark, signature, ui, frame, border, extra limbs, deformed hands, lowres, blurry, jpeg artifacts, modern clothing, photograph, 3d render plastic look",512x720,art_raw/eth_34.png,_processed/templates/card_template_512x720.png,"видимое окно y72-504; безопасная зона x41-471 y101-475; фокус (256,274)"
eth_35,Ethereal,Фантомный портал,Creature,Legendary,4,SpellDamage,Ваши заклинания наносят на 1 урон больше. Урон заклинаний +1.,Свет не спорит с тьмой. Он просто приходит.,"dark fantasy trading card game illustration, a single heroic creature character: ""Шёпот тумана"", silver mist and teal aurora, translucent ghostly forms, floating silk veils, moonlit sky, mirror shards, weightless particles, air element, floating amplification runes circling it, centered composition, key subject inside the central safe band (vertical 10%-70% of frame, focus at 50%/38%), keep top 10% and bottom 30% calm and uncluttered for card name and text plates, rich color grading, painterly brushwork, high detail --ar 3:4 --style raw --v 6","text, letters, watermark, signature, ui, frame, border, extra limbs, deformed hands, lowres, blurry, jpeg artifacts, modern clothing, photograph, 3d render plastic look",512x720,art_raw/eth_35.png,_processed/templates/card_template_512x720.png,"видимое окно y72-504; безопасная зона x41-471 y101-475; фокус (256,274)"
eth_36,Ethereal,Сумеречный сонм,Creature,Common,4,Rush,Боевой клич: Немота на с наибольшей атакой (вражеское существо). Рывок.,Между ударами сердца есть дверь. Я видел её.,"intricate detailing, dark fantasy trading card game illustration, a single heroic creature character: ""Призрачный ассасин"", silver mist and teal aurora, translucent ghostly forms, floating silk veils, moonlit sky, mirror shards, weightless particles, air element, lunging forward in mid-charge, motion blur, sealing runes clamping shut over a mouthed scream, centered composition, key subject inside the central safe band (vertical 10%-70% of frame, focus at 50%/38%), keep top 10% and bottom 30% calm and uncluttered for card name and text plates, rich color grading, painterly brushwork, high detail --ar 3:4 --style raw --v 6","text, letters, watermark, signature, ui, frame, border, extra limbs, deformed hands, lowres, blurry, jpeg artifacts, modern clothing, photograph, 3d render plastic look",512x720,art_raw/eth_36.png,_processed/templates/card_template_512x720.png,"видимое окно y72-504; безопасная зона x41-471 y101-475; фокус (256,274)"
eth_37,Ethereal,Туманный сонм,Creature,Common,5,SpellDamage,Когда вы разыгрываете заклинание: Возьмите 1 карт(у). Ваши заклинания наносят на 1 урон больше. Урон заклинаний +1.,Между ударами сердца есть дверь. Я видел её.,"epic cinematic composition, volumetric light, dark fantasy trading card game illustration, a single heroic creature character: ""Эхо-повелитель"", silver mist and teal aurora, translucent ghostly forms, floating silk veils, moonlit sky, mirror shards, weightless particles, air element, floating amplification runes circling it, centered composition, key subject inside the central safe band (vertical 10%-70% of frame, focus at 50%/38%), keep top 10% and bottom 30% calm and uncluttered for card name and text plates, rich color grading, painterly brushwork, high detail --ar 3:4 --style raw --v 6","text, letters, watermark, signature, ui, frame, border, extra limbs, deformed hands, lowres, blurry, jpeg artifacts, modern clothing, photograph, 3d render plastic look",512x720,art_raw/eth_37.png,_processed/templates/card_template_512x720.png,"видимое окно y72-504; безопасная зона x41-471 y101-475; фокус (256,274)"
eth_38,Ethereal,Сумеречный портал,Creature,Common,5,SpellDamage,Когда вы разыгрываете заклинание: Возьмите 1 карт(у). Ваши заклинания наносят на 1 урон больше. Урон заклинаний +1.,Корни глубже стен. Всегда глубже.,"epic cinematic composition, volumetric light, dark fantasy trading card game illustration, a single heroic creature character: ""Эхо-повелитель"", silver mist and teal aurora, translucent ghostly forms, floating silk veils, moonlit sky, mirror shards, weightless particles, air element, floating amplification runes circling it, centered composition, key subject inside the central safe band (vertical 10%-70% of frame, focus at 50%/38%), keep top 10% and bottom 30% calm and uncluttered for card name and text plates, rich color grading, painterly brushwork, high detail --ar 3:4 --style raw --v 6","text, letters, watermark, signature, ui, frame, border, extra limbs, deformed hands, lowres, blurry, jpeg artifacts, modern clothing, photograph, 3d render plastic look",512x720,art_raw/eth_38.png,_processed/templates/card_template_512x720.png,"видимое окно y72-504; безопасная зона x41-471 y101-475; фокус (256,274)"
eth_39,Ethereal,Сумеречный шёпот,Creature,Common,4,Battlecry,Боевой клич: Верните в руку (вражеское существо). Боевой клич.,Свет не спорит с тьмой. Он просто приходит.,"dark fantasy trading card game illustration, a single heroic creature character: ""Ткач иллюзий"", silver mist and teal aurora, translucent ghostly forms, floating silk veils, moonlit sky, mirror shards, weightless particles, air element, erupting war cry shockwave at arrival, a recall whirlwind lifting a warrior off the field, centered composition, key subject inside the central safe band (vertical 10%-70% of frame, focus at 50%/38%), keep top 10% and bottom 30% calm and uncluttered for card name and text plates, rich color grading, painterly brushwork, high detail --ar 3:4 --style raw --v 6","text, letters, watermark, signature, ui, frame, border, extra limbs, deformed hands, lowres, blurry, jpeg artifacts, modern clothing, photograph, 3d render plastic look",512x720,art_raw/eth_39.png,_processed/templates/card_template_512x720.png,"видимое окно y72-504; безопасная зона x41-471 y101-475; фокус (256,274)"
eth_40,Ethereal,Астральный скиталец,Creature,Epic,4,Rush,Боевой клич: Немота на с наибольшей атакой (вражеское существо). Рывок.,Руины — это не конец. Это черновик.,"intricate detailing, dark fantasy trading card game illustration, a single heroic creature character: ""Призрачный ассасин"", silver mist and teal aurora, translucent ghostly forms, floating silk veils, moonlit sky, mirror shards, weightless particles, air element, lunging forward in mid-charge, motion blur, sealing runes clamping shut over a mouthed scream, centered composition, key subject inside the central safe band (vertical 10%-70% of frame, focus at 50%/38%), keep top 10% and bottom 30% calm and uncluttered for card name and text plates, rich color grading, painterly brushwork, high detail --ar 3:4 --style raw --v 6","text, letters, watermark, signature, ui, frame, border, extra limbs, deformed hands, lowres, blurry, jpeg artifacts, modern clothing, photograph, 3d render plastic look",512x720,art_raw/eth_40.png,_processed/templates/card_template_512x720.png,"видимое окно y72-504; безопасная зона x41-471 y101-475; фокус (256,274)"
eth_41,Ethereal,Звёздный мираж,Creature,Rare,5,Battlecry,Боевой клич: Возьмите 2 карт(у). Боевой клич.,"Цена силы — след, который она оставляет.","intricate detailing, dark fantasy trading card game illustration, a single heroic creature character: ""Зеркальный двойник"", silver mist and teal aurora, translucent ghostly forms, floating silk veils, moonlit sky, mirror shards, weightless particles, water element, erupting war cry shockwave at arrival, streams of knowledge runes flying into an open hand, centered composition, key subject inside the central safe band (vertical 10%-70% of frame, focus at 50%/38%), keep top 10% and bottom 30% calm and uncluttered for card name and text plates, rich color grading, painterly brushwork, high detail --ar 3:4 --style raw --v 6","text, letters, watermark, signature, ui, frame, border, extra limbs, deformed hands, lowres, blurry, jpeg artifacts, modern clothing, photograph, 3d render plastic look",512x720,art_raw/eth_41.png,_processed/templates/card_template_512x720.png,"видимое окно y72-504; безопасная зона x41-471 y101-475; фокус (256,274)"
eth_42,Ethereal,Сумеречный скиталец,Creature,Legendary,5,Rush,Боевой клич: Немота на с наибольшей атакой (вражеское существо). Рывок.,Пепел честнее золота: он не притворяется.,"intricate detailing, dark fantasy trading card game illustration, a single heroic creature character: ""Призрачный ассасин"", silver mist and teal aurora, translucent ghostly forms, floating silk veils, moonlit sky, mirror shards, weightless particles, air element, lunging forward in mid-charge, motion blur, sealing runes clamping shut over a mouthed scream, centered composition, key subject inside the central safe band (vertical 10%-70% of frame, focus at 50%/38%), keep top 10% and bottom 30% calm and uncluttered for card name and text plates, rich color grading, painterly brushwork, high detail --ar 3:4 --style raw --v 6","text, letters, watermark, signature, ui, frame, border, extra limbs, deformed hands, lowres, blurry, jpeg artifacts, modern clothing, photograph, 3d render plastic look",512x720,art_raw/eth_42.png,_processed/templates/card_template_512x720.png,"видимое окно y72-504; безопасная зона x41-471 y101-475; фокус (256,274)"
eth_43,Ethereal,Эфирный портал,Creature,Legendary,5,SpellDamage,Когда вы разыгрываете заклинание: Возьмите 1 карт(у). Ваши заклинания наносят на 1 урон больше. Урон заклинаний +1.,Между ударами сердца есть дверь. Я видел её.,"epic cinematic composition, volumetric light, dark fantasy trading card game illustration, a single heroic creature character: ""Эхо-повелитель"", silver mist and teal aurora, translucent ghostly forms, floating silk veils, moonlit sky, mirror shards, weightless particles, air element, floating amplification runes circling it, centered composition, key subject inside the central safe band (vertical 10%-70% of frame, focus at 50%/38%), keep top 10% and bottom 30% calm and uncluttered for card name and text plates, rich color grading, painterly brushwork, high detail --ar 3:4 --style raw --v 6","text, letters, watermark, signature, ui, frame, border, extra limbs, deformed hands, lowres, blurry, jpeg artifacts, modern clothing, photograph, 3d render plastic look",512x720,art_raw/eth_43.png,_processed/templates/card_template_512x720.png,"видимое окно y72-504; безопасная зона x41-471 y101-475; фокус (256,274)"
eth_44,Ethereal,Эфирный мираж,Creature,Common,6,Unblockable Windfury,Неуловимость / Буря.,Корни глубже стен. Всегда глубже.,"epic cinematic composition, volumetric light, dark fantasy trading card game illustration, a single heroic creature character: ""Фантомный колосс"", silver mist and teal aurora, translucent ghostly forms, floating silk veils, moonlit sky, mirror shards, weightless particles, air element, phasing half-transparent through shadows, twin blurred strikes in a single swing, centered composition, key subject inside the central safe band (vertical 10%-70% of frame, focus at 50%/38%), keep top 10% and bottom 30% calm and uncluttered for card name and text plates, rich color grading, painterly brushwork, high detail --ar 3:4 --style raw --v 6","text, letters, watermark, signature, ui, frame, border, extra limbs, deformed hands, lowres, blurry, jpeg artifacts, modern clothing, photograph, 3d render plastic look",512x720,art_raw/eth_44.png,_processed/templates/card_template_512x720.png,"видимое окно y72-504; безопасная зона x41-471 y101-475; фокус (256,274)"
eth_s10,Aurites,Лунный маяк,Spell·Instant,Epic,2,,Нанесите 1 урона всем вражеским существам.,Тишина перед бурей — это тоже буря.,"dark fantasy trading card game illustration, a burst of magical energy: ""Освящение"", radiant white marble citadel, golden filigree, soft god-rays, pale blue holy light, feathered wings, polished brass armor, luminous runes floating in air, a destruction wave rolling over enemy ranks only, centered composition, key subject inside the central safe band (vertical 10%-70% of frame, focus at 50%/38%), keep top 10% and bottom 30% calm and uncluttered for card name and text plates, rich color grading, painterly brushwork, high detail --ar 3:4 --style raw --v 6","text, letters, watermark, signature, ui, frame, border, extra limbs, deformed hands, lowres, blurry, jpeg artifacts, modern clothing, photograph, 3d render plastic look",512x720,art_raw/eth_s10.png,_processed/templates/card_template_512x720.png,"видимое окно y72-504; безопасная зона x41-471 y101-475; фокус (256,274)"
eth_s11,Ethereal,Фантомный сонм,Spell·Instant,Common,2,,Верните с наибольшей атакой в руку (вражеское существо); Возьмите 1 карт(у).,Между ударами сердца есть дверь. Я видел её.,"intricate detailing, dark fantasy trading card game illustration, a burst of magical energy: ""Ветер перемен"", silver mist and teal aurora, translucent ghostly forms, floating silk veils, moonlit sky, mirror shards, weightless particles, air element, a recall whirlwind lifting a warrior off the field, streams of knowledge runes flying into an open hand, centered composition, key subject inside the central safe band (vertical 10%-70% of frame, focus at 50%/38%), keep top 10% and bottom 30% calm and uncluttered for card name and text plates, rich color grading, painterly brushwork, high detail --ar 3:4 --style raw --v 6","text, letters, watermark, signature, ui, frame, border, extra limbs, deformed hands, lowres, blurry, jpeg artifacts, modern clothing, photograph, 3d render plastic look",512x720,art_raw/eth_s11.png,_processed/templates/card_template_512x720.png,"видимое окно y72-504; безопасная зона x41-471 y101-475; фокус (256,274)"
eth_s12,Necrus,Эфирный скиталец,Spell·Instant,Legendary,2,,Наносит 3 урона (вражеское существо); Яд на 1 ход(а) (вражеское существо).,"Эхо помнит даже то, что Цитадель предпочла забыть.","dark fantasy trading card game illustration, a burst of magical energy: ""Тлетворное касание"", decaying gothic crypt, deep purple and blood red, black mist, bone reliquaries, green necrotic glow, tattered burial shrouds, iron chains, chaos/void element, a focused burst of destructive energy lancing toward a single foe, centered composition, key subject inside the central safe band (vertical 10%-70% of frame, focus at 50%/38%), keep top 10% and bottom 30% calm and uncluttered for card name and text plates, rich color grading, painterly brushwork, high detail --ar 3:4 --style raw --v 6","text, letters, watermark, signature, ui, frame, border, extra limbs, deformed hands, lowres, blurry, jpeg artifacts, modern clothing, photograph, 3d render plastic look",512x720,art_raw/eth_s12.png,_processed/templates/card_template_512x720.png,"видимое окно y72-504; безопасная зона x41-471 y101-475; фокус (256,274)"
eth_s13,Pyromancer,Туманный портал,Spell·Instant,Common,2,,Наносит 2 урона (вражеский герой); Нанесите 1 урона всем вражеским существам.,"Цена силы — след, который она оставляет.","dark fantasy trading card game illustration, a burst of magical energy: ""Раскалённые угли"", molten lava cracks, ember storm, scorched obsidian, orange-red fire magic, smoke and ash, glowing forge runes, fire element, a focused burst of destructive energy lancing toward a single foe, a destruction wave rolling over enemy ranks only, centered composition, key subject inside the central safe band (vertical 10%-70% of frame, focus at 50%/38%), keep top 10% and bottom 30% calm and uncluttered for card name and text plates, rich color grading, painterly brushwork, high detail --ar 3:4 --style raw --v 6","text, letters, watermark, signature, ui, frame, border, extra limbs, deformed hands, lowres, blurry, jpeg artifacts, modern clothing, photograph, 3d render plastic look",512x720,art_raw/eth_s13.png,_processed/templates/card_template_512x720.png,"видимое окно y72-504; безопасная зона x41-471 y101-475; фокус (256,274)"
eth_s14,Ethereal,Сумеречный мираж,Spell·Instant,Common,1,,Верните в руку (вражеское существо).,Корни глубже стен. Всегда глубже.,"dark fantasy trading card game illustration, a burst of magical energy: ""Вуаль тумана"", silver mist and teal aurora, translucent ghostly forms, floating silk veils, moonlit sky, mirror shards, weightless particles, air element, a recall whirlwind lifting a warrior off the field, centered composition, key subject inside the central safe band (vertical 10%-70% of frame, focus at 50%/38%), keep top 10% and bottom 30% calm and uncluttered for card name and text plates, rich color grading, painterly brushwork, high detail --ar 3:4 --style raw --v 6","text, letters, watermark, signature, ui, frame, border, extra limbs, deformed hands, lowres, blurry, jpeg artifacts, modern clothing, photograph, 3d render plastic look",512x720,art_raw/eth_s14.png,_processed/templates/card_template_512x720.png,"видимое окно y72-504; безопасная зона x41-471 y101-475; фокус (256,274)"
eth_s15,Ethereal,Туманный мираж,Spell·Ritual,Common,1,,Ритуал: разрешается в начале вашего следующего хода. Перехватите (вражеское существо).,Руины — это не конец. Это черновик.,"intricate detailing, dark fantasy trading card game illustration, a burst of magical energy: ""Абсолютная иллюзия"", silver mist and teal aurora, translucent ghostly forms, floating silk veils, moonlit sky, mirror shards, weightless particles, air element, centered composition, key subject inside the central safe band (vertical 10%-70% of frame, focus at 50%/38%), keep top 10% and bottom 30% calm and uncluttered for card name and text plates, rich color grading, painterly brushwork, high detail --ar 3:4 --style raw --v 6","text, letters, watermark, signature, ui, frame, border, extra limbs, deformed hands, lowres, blurry, jpeg artifacts, modern clothing, photograph, 3d render plastic look",512x720,art_raw/eth_s15.png,_processed/templates/card_template_512x720.png,"видимое окно y72-504; безопасная зона x41-471 y101-475; фокус (256,274)"
eth_s16,Ethereal,Астральный маяк,Spell·Ritual,Rare,1,,Украдите 2 случайную(ых) карту(ы) из руки противника.,Корни глубже стен. Всегда глубже.,"dark fantasy trading card game illustration, a burst of magical energy: ""Похищение разума"", silver mist and teal aurora, translucent ghostly forms, floating silk veils, moonlit sky, mirror shards, weightless particles, air element, centered composition, key subject inside the central safe band (vertical 10%-70% of frame, focus at 50%/38%), keep top 10% and bottom 30% calm and uncluttered for card name and text plates, rich color grading, painterly brushwork, high detail --ar 3:4 --style raw --v 6","text, letters, watermark, signature, ui, frame, border, extra limbs, deformed hands, lowres, blurry, jpeg artifacts, modern clothing, photograph, 3d render plastic look",512x720,art_raw/eth_s16.png,_processed/templates/card_template_512x720.png,"видимое окно y72-504; безопасная зона x41-471 y101-475; фокус (256,274)"
eth_s17,Ethereal,Туманный маяк,Spell·Ritual,Rare,1,,Украдите 2 случайную(ых) карту(ы) из руки противника.,Свет не спорит с тьмой. Он просто приходит.,"dark fantasy trading card game illustration, a burst of magical energy: ""Похищение разума"", silver mist and teal aurora, translucent ghostly forms, floating silk veils, moonlit sky, mirror shards, weightless particles, air element, centered composition, key subject inside the central safe band (vertical 10%-70% of frame, focus at 50%/38%), keep top 10% and bottom 30% calm and uncluttered for card name and text plates, rich color grading, painterly brushwork, high detail --ar 3:4 --style raw --v 6","text, letters, watermark, signature, ui, frame, border, extra limbs, deformed hands, lowres, blurry, jpeg artifacts, modern clothing, photograph, 3d render plastic look",512x720,art_raw/eth_s17.png,_processed/templates/card_template_512x720.png,"видимое окно y72-504; безопасная зона x41-471 y101-475; фокус (256,274)"
eth_s18,Ethereal,Мерцающий сонм,Spell·Instant,Rare,1,,Верните в руку (вражеское существо).,Корни глубже стен. Всегда глубже.,"dark fantasy trading card game illustration, a burst of magical energy: ""Вуаль тумана"", silver mist and teal aurora, translucent ghostly forms, floating silk veils, moonlit sky, mirror shards, weightless particles, air element, a recall whirlwind lifting a warrior off the field, centered composition, key subject inside the central safe band (vertical 10%-70% of frame, focus at 50%/38%), keep top 10% and bottom 30% calm and uncluttered for card name and text plates, rich color grading, painterly brushwork, high detail --ar 3:4 --style raw --v 6","text, letters, watermark, signature, ui, frame, border, extra limbs, deformed hands, lowres, blurry, jpeg artifacts, modern clothing, photograph, 3d render plastic look",512x720,art_raw/eth_s18.png,_processed/templates/card_template_512x720.png,"видимое окно y72-504; безопасная зона x41-471 y101-475; фокус (256,274)"
eth_r07,Ethereal,Астральный мираж,Rune,Rare,1,,Аура: +1 карта в начале вашего хода. Действует до конца игры. Руну нельзя уничтожить обычными заклинаниями.,Свет не спорит с тьмой. Он просто приходит.,"dark fantasy trading card game illustration, an ancient glowing rune sigil carved on stone: ""Руна Ветра"", silver mist and teal aurora, translucent ghostly forms, floating silk veils, moonlit sky, mirror shards, weightless particles, air element, centered composition, key subject inside the central safe band (vertical 10%-70% of frame, focus at 50%/38%), keep top 10% and bottom 30% calm and uncluttered for card name and text plates, rich color grading, painterly brushwork, high detail --ar 3:4 --style raw --v 6","text, letters, watermark, signature, ui, frame, border, extra limbs, deformed hands, lowres, blurry, jpeg artifacts, modern clothing, photograph, 3d render plastic look",512x720,art_raw/eth_r07.png,_processed/templates/card_template_512x720.png,"видимое окно y72-504; безопасная зона x41-471 y101-475; фокус (256,274)"
eth_r08,Ethereal,Лунный мираж,Rune,Rare,1,,Аура: -1 к атаке вражеских существ. Действует до конца игры. Руну нельзя уничтожить обычными заклинаниями.,Тишина перед бурей — это тоже буря.,"dark fantasy trading card game illustration, an ancient glowing rune sigil carved on stone: ""Руна Тумана"", silver mist and teal aurora, translucent ghostly forms, floating silk veils, moonlit sky, mirror shards, weightless particles, air element, centered composition, key subject inside the central safe band (vertical 10%-70% of frame, focus at 50%/38%), keep top 10% and bottom 30% calm and uncluttered for card name and text plates, rich color grading, painterly brushwork, high detail --ar 3:4 --style raw --v 6","text, letters, watermark, signature, ui, frame, border, extra limbs, deformed hands, lowres, blurry, jpeg artifacts, modern clothing, photograph, 3d render plastic look",512x720,art_raw/eth_r08.png,_processed/templates/card_template_512x720.png,"видимое окно y72-504; безопасная зона x41-471 y101-475; фокус (256,274)"
eth_r09,Ethereal,Астральный портал,Rune,Epic,1,,Аура: -1 к атаке вражеских существ. Действует до конца игры. Руну нельзя уничтожить обычными заклинаниями.,"Эхо помнит даже то, что Цитадель предпочла забыть.","dark fantasy trading card game illustration, an ancient glowing rune sigil carved on stone: ""Руна Тумана"", silver mist and teal aurora, translucent ghostly forms, floating silk veils, moonlit sky, mirror shards, weightless particles, air element, centered composition, key subject inside the central safe band (vertical 10%-70% of frame, focus at 50%/38%), keep top 10% and bottom 30% calm and uncluttered for card name and text plates, rich color grading, painterly brushwork, high detail --ar 3:4 --style raw --v 6","text, letters, watermark, signature, ui, frame, border, extra limbs, deformed hands, lowres, blurry, jpeg artifacts, modern clothing, photograph, 3d render plastic look",512x720,art_raw/eth_r09.png,_processed/templates/card_template_512x720.png,"видимое окно y72-504; безопасная зона x41-471 y101-475; фокус (256,274)"
eth_r10,Ethereal,Звёздный вуаль,Rune,Common,1,,В начале вашего хода: Заморозьте всех врагов на 1 ход(а). Длительность: 4 ход(а). Руну нельзя уничтожить обычными заклинаниями.,Руины — это не конец. Это черновик.,"intricate detailing, dark fantasy trading card game illustration, an ancient glowing rune sigil carved on stone: ""Руна Невесомости"", silver mist and teal aurora, translucent ghostly forms, floating silk veils, moonlit sky, mirror shards, weightless particles, air element, centered composition, key subject inside the central safe band (vertical 10%-70% of frame, focus at 50%/38%), keep top 10% and bottom 30% calm and uncluttered for card name and text plates, rich color grading, painterly brushwork, high detail --ar 3:4 --style raw --v 6","text, letters, watermark, signature, ui, frame, border, extra limbs, deformed hands, lowres, blurry, jpeg artifacts, modern clothing, photograph, 3d render plastic look",512x720,art_raw/eth_r10.png,_processed/templates/card_template_512x720.png,"видимое окно y72-504; безопасная зона x41-471 y101-475; фокус (256,274)"
eth_r11,Ethereal,Сумеречный маяк,Rune,Common,1,,Аура: +1 к максимуму маны. Действует до конца игры. Руну нельзя уничтожить обычными заклинаниями.,Пепел честнее золота: он не притворяется.,"dark fantasy trading card game illustration, an ancient glowing rune sigil carved on stone: ""Руна Зеркал"", silver mist and teal aurora, translucent ghostly forms, floating silk veils, moonlit sky, mirror shards, weightless particles, air element, centered composition, key subject inside the central safe band (vertical 10%-70% of frame, focus at 50%/38%), keep top 10% and bottom 30% calm and uncluttered for card name and text plates, rich color grading, painterly brushwork, high detail --ar 3:4 --style raw --v 6","text, letters, watermark, signature, ui, frame, border, extra limbs, deformed hands, lowres, blurry, jpeg artifacts, modern clothing, photograph, 3d render plastic look",512x720,art_raw/eth_r11.png,_processed/templates/card_template_512x720.png,"видимое окно y72-504; безопасная зона x41-471 y101-475; фокус (256,274)"
neu_31,Neutral,Странствующий контрабандист,Creature,Common,5,,,Корни глубже стен. Всегда глубже.,"dark fantasy trading card game illustration, a single heroic creature character: ""Рыцарь Без Знамени"", weathered stone hall of the Echo Citadel, neutral torchlight, dusty banners, ancient carved reliefs, centered composition, key subject inside the central safe band (vertical 10%-70% of frame, focus at 50%/38%), keep top 10% and bottom 30% calm and uncluttered for card name and text plates, rich color grading, painterly brushwork, high detail --ar 3:4 --style raw --v 6","text, letters, watermark, signature, ui, frame, border, extra limbs, deformed hands, lowres, blurry, jpeg artifacts, modern clothing, photograph, 3d render plastic look",512x720,art_raw/neu_31.png,_processed/templates/card_template_512x720.png,"видимое окно y72-504; безопасная зона x41-471 y101-475; фокус (256,274)"
neu_32,Neutral,Серый картограф,Creature,Common,2,Battlecry,Боевой клич: Получите 1 Эхо-очко. Боевой клич.,Между ударами сердца есть дверь. Я видел её.,"dark fantasy trading card game illustration, a single heroic creature character: ""Эхо-архивариус"", weathered stone hall of the Echo Citadel, neutral torchlight, dusty banners, ancient carved reliefs, erupting war cry shockwave at arrival, concentric echo sigils resonating outward, centered composition, key subject inside the central safe band (vertical 10%-70% of frame, focus at 50%/38%), keep top 10% and bottom 30% calm and uncluttered for card name and text plates, rich color grading, painterly brushwork, high detail --ar 3:4 --style raw --v 6","text, letters, watermark, signature, ui, frame, border, extra limbs, deformed hands, lowres, blurry, jpeg artifacts, modern clothing, photograph, 3d render plastic look",512x720,art_raw/neu_32.png,_processed/templates/card_template_512x720.png,"видимое окно y72-504; безопасная зона x41-471 y101-475; фокус (256,274)"
neu_33,Neutral,Наёмный картограф,Creature,Rare,1,,,Между ударами сердца есть дверь. Я видел её.,"dark fantasy trading card game illustration, a single heroic creature character: ""Странник Цитадели"", weathered stone hall of the Echo Citadel, neutral torchlight, dusty banners, ancient carved reliefs, centered composition, key subject inside the central safe band (vertical 10%-70% of frame, focus at 50%/38%), keep top 10% and bottom 30% calm and uncluttered for card name and text plates, rich color grading, painterly brushwork, high detail --ar 3:4 --style raw --v 6","text, letters, watermark, signature, ui, frame, border, extra limbs, deformed hands, lowres, blurry, jpeg artifacts, modern clothing, photograph, 3d render plastic look",512x720,art_raw/neu_33.png,_processed/templates/card_template_512x720.png,"видимое окно y72-504; безопасная зона x41-471 y101-475; фокус (256,274)"
neu_34,Neutral,Странствующий фургон,Creature,Rare,5,,,"Эхо помнит даже то, что Цитадель предпочла забыть.","dark fantasy trading card game illustration, a single heroic creature character: ""Рыцарь Без Знамени"", weathered stone hall of the Echo Citadel, neutral torchlight, dusty banners, ancient carved reliefs, centered composition, key subject inside the central safe band (vertical 10%-70% of frame, focus at 50%/38%), keep top 10% and bottom 30% calm and uncluttered for card name and text plates, rich color grading, painterly brushwork, high detail --ar 3:4 --style raw --v 6","text, letters, watermark, signature, ui, frame, border, extra limbs, deformed hands, lowres, blurry, jpeg artifacts, modern clothing, photograph, 3d render plastic look",512x720,art_raw/neu_34.png,_processed/templates/card_template_512x720.png,"видимое окно y72-504; безопасная зона x41-471 y101-475; фокус (256,274)"
