id,name,faction,type,rarity,cost,attack,health,power,power_per_cost,ability_power,designed_cost,drift,cardSize,artSize,visibleArtWindow,safeZone,focusPoint,displaySizes,abilityText,flavor,artPath
asp_01,Аспид-плут,Terramorph,Creature,Common,1,1,2,6.66,6.66,3.66,,3.46,512×720,512x720,512×432 (x0 y72–x512 y504 | 10–70% высоты),430×374 (x41 y101–x471 y475),"центр сюжета (256,274) object-position 50% 38%",рука 150–196 · поле 100–142 · коллекция 158–190 · модалка 300–380 · пак 122–164,Боевой клич: Яд на случайное существо противника.,«Пепел честнее золота: он не притворяется.»,Resources/Cards/Terramorph/asp_01.png
asp_02,Чешуйчатый ползун,Terramorph,Creature,Common,2,2,2,5.1,2.55,1.1,,-0.1,512×720,512x720,512×432 (x0 y72–x512 y504 | 10–70% высоты),430×374 (x41 y101–x471 y475),"центр сюжета (256,274) object-position 50% 38%",рука 150–196 · поле 100–142 · коллекция 158–190 · модалка 300–380 · пак 122–164,Неуловимость. Скользит между стражей.,"«Яд не спешит: он знает, куда идёт.»",Resources/Cards/Terramorph/asp_02.png
asp_03,Ядозуб,Terramorph,Creature,Common,2,2,2,7.66,3.83,3.66,,2.46,512×720,512x720,512×432 (x0 y72–x512 y504 | 10–70% высоты),430×374 (x41 y101–x471 y475),"центр сюжета (256,274) object-position 50% 38%",рука 150–196 · поле 100–142 · коллекция 158–190 · модалка 300–380 · пак 122–164,Боевой клич: Яд на существо противника.,"«Цена силы — след, который она оставляет.»",Resources/Cards/Terramorph/asp_03.png
asp_04,Ночная скользящая,Terramorph,Creature,Common,3,3,3,10.76,3.587,4.76,,3.56,512×720,512x720,512×432 (x0 y72–x512 y504 | 10–70% высоты),430×374 (x41 y101–x471 y475),"центр сюжета (256,274) object-position 50% 38%",рука 150–196 · поле 100–142 · коллекция 158–190 · модалка 300–380 · пак 122–164,Неуловимость. Боевой клич: Яд на случайное существо противника.,«Свет не спорит с тьмой. Он просто приходит.»,Resources/Cards/Terramorph/asp_04.png
asp_05,Аспид-удав,Terramorph,Creature,Common,4,3,4,10.66,2.665,3.66,,1.46,512×720,512x720,512×432 (x0 y72–x512 y504 | 10–70% высоты),430×374 (x41 y101–x471 y475),"центр сюжета (256,274) object-position 50% 38%",рука 150–196 · поле 100–142 · коллекция 158–190 · модалка 300–380 · пак 122–164,Боевой клич: Яд на существо противника.,«Пепел честнее золота: он не притворяется.»,Resources/Cards/Terramorph/asp_05.png
asp_06,Гадюка-мать,Terramorph,Creature,Common,3,2,2,6.98,2.327,2.98,,-0.22,512×720,512x720,512×432 (x0 y72–x512 y504 | 10–70% высоты),430×374 (x41 y101–x471 y475),"центр сюжета (256,274) object-position 50% 38%",рука 150–196 · поле 100–142 · коллекция 158–190 · модалка 300–380 · пак 122–164,Предсмертный хрип: Яд на случайное существо противника.,"«Яд не спешит: он знает, куда идёт.»",Resources/Cards/Terramorph/asp_06.png
asp_07,Королевская кобра,Terramorph,Creature,Uncommon,4,4,3,8.1,2.025,1.1,,-1.1,512×720,512x720,512×432 (x0 y72–x512 y504 | 10–70% высоты),430×374 (x41 y101–x471 y475),"центр сюжета (256,274) object-position 50% 38%",рука 150–196 · поле 100–142 · коллекция 158–190 · модалка 300–380 · пак 122–164,Неуловимость. Капюшон — корона.,"«Цена силы — след, который она оставляет.»",Resources/Cards/Terramorph/asp_07.png
asp_08,Полоз-каменщук,Terramorph,Creature,Uncommon,5,3,5,12.36,2.472,4.36,,1.16,512×720,512x720,512×432 (x0 y72–x512 y504 | 10–70% высоты),430×374 (x41 y101–x471 y475),"центр сюжета (256,274) object-position 50% 38%",рука 150–196 · поле 100–142 · коллекция 158–190 · модалка 300–380 · пак 122–164,Таунт. Боевой клич: Яд на случайное существо противника.,«Свет не спорит с тьмой. Он просто приходит.»,Resources/Cards/Terramorph/asp_08.png
asp_09,Стремительный клык,Terramorph,Creature,Rare,3,3,1,8.86,2.953,4.86,,1.66,512×720,512x720,512×432 (x0 y72–x512 y504 | 10–70% высоты),430×374 (x41 y101–x471 y475),"центр сюжета (256,274) object-position 50% 38%",рука 150–196 · поле 100–142 · коллекция 158–190 · модалка 300–380 · пак 122–164,Рывок. Боевой клич: Яд на существо противника.,«Пепел честнее золота: он не притворяется.»,Resources/Cards/Terramorph/asp_09.png
asp_10,Радужный аспид,Terramorph,Creature,Rare,5,4,4,12.76,2.552,4.76,,1.56,512×720,512x720,512×432 (x0 y72–x512 y504 | 10–70% высоты),430×374 (x41 y101–x471 y475),"центр сюжета (256,274) object-position 50% 38%",рука 150–196 · поле 100–142 · коллекция 158–190 · модалка 300–380 · пак 122–164,Неуловимость. Боевой клич: Яд на существо противника.,"«Яд не спешит: он знает, куда идёт.»",Resources/Cards/Terramorph/asp_10.png
asp_11,Двойной укус,Terramorph,Spell,Rare,6,,,9.02,1.503,9.02,,-4.18,512×720,512x720,512×432 (x0 y72–x512 y504 | 10–70% высоты),430×374 (x41 y101–x471 y475),"центр сюжета (256,274) object-position 50% 38%",рука 150–196 · поле 100–142 · коллекция 158–190 · модалка 300–380 · пак 122–164,Яд на 2 случайных существа и 2 урона существу.,"«Цена силы — след, который она оставляет.»",Resources/Cards/Terramorph/asp_11.png
asp_12,Прародитель Змей,Terramorph,Creature,Legendary,6,5,5,14.66,2.443,4.66,,1.46,512×720,512x720,512×432 (x0 y72–x512 y504 | 10–70% высоты),430×374 (x41 y101–x471 y475),"центр сюжета (256,274) object-position 50% 38%",рука 150–196 · поле 100–142 · коллекция 158–190 · модалка 300–380 · пак 122–164,Прорыв. Боевой клич: Яд на все существа противника.,«Свет не спорит с тьмой. Он просто приходит.»,Resources/Cards/Terramorph/asp_12.png
asp_13,Укус и жал,Terramorph,Spell,Common,1,,,5.51,5.51,5.51,,2.31,512×720,512x720,512×432 (x0 y72–x512 y504 | 10–70% высоты),430×374 (x41 y101–x471 y475),"центр сюжета (256,274) object-position 50% 38%",рука 150–196 · поле 100–142 · коллекция 158–190 · модалка 300–380 · пак 122–164,2 урона существу и Яд на него. Укус двойной цены.,«Пепел честнее золота: он не притворяется.»,Resources/Cards/Terramorph/asp_13.png
asp_14,Яд и лихорадка,Terramorph,Spell,Uncommon,3,,,6.48,2.16,6.48,,-0.72,512×720,512x720,512×432 (x0 y72–x512 y504 | 10–70% высоты),430×374 (x41 y101–x471 y475),"центр сюжета (256,274) object-position 50% 38%",рука 150–196 · поле 100–142 · коллекция 158–190 · модалка 300–380 · пак 122–164,Яд и Горение 2 на существо противника.,"«Яд не спешит: он знает, куда идёт.»",Resources/Cards/Terramorph/asp_14.png
aur_01,Послушник Света,Aurites,Creature,Common,1,1,2,3.7,3.7,0.7,,0.5,512×720,512x720,512×432 (x0 y72–x512 y504 | 10–70% высоты),430×374 (x41 y101–x471 y475),"центр сюжета (256,274) object-position 50% 38%",рука 150–196 · поле 100–142 · коллекция 158–190 · модалка 300–380 · пак 122–164,Провокация.,"«Обет тяжелее меча, если знаешь, кому его давал.»",Resources/Cards/Aurites/aur_01.png
aur_02,Златокрылый страж,Aurites,Creature,Common,2,1,3,4.7,2.35,0.7,,-0.5,512×720,512x720,512×432 (x0 y72–x512 y504 | 10–70% высоты),430×374 (x41 y101–x471 y475),"центр сюжета (256,274) object-position 50% 38%",рука 150–196 · поле 100–142 · коллекция 158–190 · модалка 300–380 · пак 122–164,Провокация.,"«Щит — это обещание, которое держат даже после смерти.»",Resources/Cards/Aurites/aur_02.png
aur_03,Рассветный капеллан,Aurites,Creature,Common,2,2,3,7.39,3.695,2.39,,2.19,512×720,512x720,512×432 (x0 y72–x512 y504 | 10–70% высоты),430×374 (x41 y101–x471 y475),"центр сюжета (256,274) object-position 50% 38%",рука 150–196 · поле 100–142 · коллекция 158–190 · модалка 300–380 · пак 122–164,Боевой клич: Восстановите 3 здоровья (ваш герой). Боевой клич.,«Исцеление — самая медленная форма мужества.»,Resources/Cards/Aurites/aur_03.png
aur_04,Хранитель реликвий,Aurites,Creature,Common,3,2,4,8.12,2.707,2.12,,0.92,512×720,512x720,512×432 (x0 y72–x512 y504 | 10–70% высоты),430×374 (x41 y101–x471 y475),"центр сюжета (256,274) object-position 50% 38%",рука 150–196 · поле 100–142 · коллекция 158–190 · модалка 300–380 · пак 122–164,Боевой клич: Возьмите 1 карт(у). Боевой клич.,"«Там, где гаснут свечи, зажигают веру.»",Resources/Cards/Aurites/aur_04.png
aur_05,Сияющая стража,Aurites,Creature,Common,3,3,4,7.7,2.567,0.7,,0.5,512×720,512x720,512×432 (x0 y72–x512 y504 | 10–70% высоты),430×374 (x41 y101–x471 y475),"центр сюжета (256,274) object-position 50% 38%",рука 150–196 · поле 100–142 · коллекция 158–190 · модалка 300–380 · пак 122–164,Провокация.,"«Щит — это обещание, которое держат даже после смерти.»",Resources/Cards/Aurites/aur_05.png
aur_06,Купольный маг,Aurites,Creature,Common,3,2,4,7.8,2.6,1.8,,0.6,512×720,512x720,512×432 (x0 y72–x512 y504 | 10–70% высоты),430×374 (x41 y101–x471 y475),"центр сюжета (256,274) object-position 50% 38%",рука 150–196 · поле 100–142 · коллекция 158–190 · модалка 300–380 · пак 122–164,Ваши заклинания наносят на 1 урон больше. Урон заклинаний +1.,«Золото не блестит в темноте. Блестит память о нём.»,Resources/Cards/Aurites/aur_06.png
aur_07,Небесный центурион,Aurites,Creature,Common,4,2,5,7.7,1.925,0.7,,-1.5,512×720,512x720,512×432 (x0 y72–x512 y504 | 10–70% высоты),430×374 (x41 y101–x471 y475),"центр сюжета (256,274) object-position 50% 38%",рука 150–196 · поле 100–142 · коллекция 158–190 · модалка 300–380 · пак 122–164,Провокация.,«Золото не блестит в темноте. Блестит память о нём.»,Resources/Cards/Aurites/aur_07.png
aur_08,Безмолвный арбитр,Aurites,Creature,Common,4,4,5,10.58,2.645,1.58,,1.38,512×720,512x720,512×432 (x0 y72–x512 y504 | 10–70% высоты),430×374 (x41 y101–x471 y475),"центр сюжета (256,274) object-position 50% 38%",рука 150–196 · поле 100–142 · коллекция 158–190 · модалка 300–380 · пак 122–164,Боевой клич: Немота на (вражеское существо). Боевой клич.,«Мы не просим прощения у бури. Мы строим стены.»,Resources/Cards/Aurites/aur_08.png
aur_09,Серафим Зари,Aurites,Creature,Common,5,5,6,12.4,2.48,1.4,,1.2,512×720,512x720,512×432 (x0 y72–x512 y504 | 10–70% высоты),430×374 (x41 y101–x471 y475),"центр сюжета (256,274) object-position 50% 38%",рука 150–196 · поле 100–142 · коллекция 158–190 · модалка 300–380 · пак 122–164,Боевой клич: Все ваши существа получают Щит. Боевой клич.,«Первый луч всегда находит трещину.»,Resources/Cards/Aurites/aur_09.png
aur_10,Гранитный бастион,Aurites,Creature,Common,5,3,7,10.7,2.14,0.7,,-0.5,512×720,512x720,512×432 (x0 y72–x512 y504 | 10–70% высоты),430×374 (x41 y101–x471 y475),"центр сюжета (256,274) object-position 50% 38%",рука 150–196 · поле 100–142 · коллекция 158–190 · модалка 300–380 · пак 122–164,Провокация.,«Исцеление — самая медленная форма мужества.»,Resources/Cards/Aurites/aur_10.png
aur_11,Молчаливая монахиня,Aurites,Creature,Rare,5,3,6,12.78,2.556,3.78,,1.58,512×720,512x720,512×432 (x0 y72–x512 y504 | 10–70% высоты),430×374 (x41 y101–x471 y475),"центр сюжета (256,274) object-position 50% 38%",рука 150–196 · поле 100–142 · коллекция 158–190 · модалка 300–380 · пак 122–164,В начале вашего хода: Восстановите 2 здоровья (ваш герой). Провокация.,«Мы не просим прощения у бури. Мы строим стены.»,Resources/Cards/Aurites/aur_11.png
aur_12,Архангел Завета,Aurites,Creature,Rare,6,4,7,13.0,2.167,2.0,,-0.2,512×720,512x720,512×432 (x0 y72–x512 y504 | 10–70% высоты),430×374 (x41 y101–x471 y475),"центр сюжета (256,274) object-position 50% 38%",рука 150–196 · поле 100–142 · коллекция 158–190 · модалка 300–380 · пак 122–164,Провокация / Вампиризм.,«Свет не спорит с тьмой. Он просто встаёт раньше.»,Resources/Cards/Aurites/aur_12.png
aur_13,Первосвященник Ауры,Aurites,Creature,Rare,6,3,7,14.55,2.425,4.55,,1.35,512×720,512x720,512×432 (x0 y72–x512 y504 | 10–70% высоты),430×374 (x41 y101–x471 y475),"центр сюжета (256,274) object-position 50% 38%",рука 150–196 · поле 100–142 · коллекция 158–190 · модалка 300–380 · пак 122–164,Боевой клич: Восстановите 5 здоровья (ваш герой); Все ваши существа получают Щит. Боевой клич.,«Первый луч всегда находит трещину.»,Resources/Cards/Aurites/aur_13.png
aur_14,Престол Вечного Света,Aurites,Creature,Epic,7,4,8,17.32,2.474,5.32,,2.12,512×720,512x720,512×432 (x0 y72–x512 y504 | 10–70% высоты),430×374 (x41 y101–x471 y475),"центр сюжета (256,274) object-position 50% 38%",рука 150–196 · поле 100–142 · коллекция 158–190 · модалка 300–380 · пак 122–164,В начале вашего хода: Восстановите 3 здоровья (ваш герой). Провокация.,«Первый луч всегда находит трещину.»,Resources/Cards/Aurites/aur_14.png
aur_15,Крылатый страж порога,Aurites,Creature,Common,5,3,6,11.59,2.318,2.59,,0.39,512×720,512x720,512×432 (x0 y72–x512 y504 | 10–70% высоты),430×374 (x41 y101–x471 y475),"центр сюжета (256,274) object-position 50% 38%",рука 150–196 · поле 100–142 · коллекция 158–190 · модалка 300–380 · пак 122–164,Боевой клич: Восстановите 3 здоровья (ваш герой). Провокация.,«Свет не спорит с тьмой. Он просто встаёт раньше.»,Resources/Cards/Aurites/aur_15.png
aur_31,Рассветный клирик,Aurites,Creature,Common,6,4,5,12.92,2.153,3.92,,-0.28,512×720,512x720,512×432 (x0 y72–x512 y504 | 10–70% высоты),430×374 (x41 y101–x471 y475),"центр сюжета (256,274) object-position 50% 38%",рука 150–196 · поле 100–142 · коллекция 158–190 · модалка 300–380 · пак 122–164,Боевой клич: Восстановите 5 здоровья (ваш герой); Все ваши существа получают Щит. Боевой клич.,«Между ударами сердца есть дверь. Я видел её.»,Resources/Cards/Aurites/aur_31.png
aur_32,Храмовый монолит,Aurites,Creature,Common,2,2,1,5.12,2.56,2.12,,-0.08,512×720,512x720,512×432 (x0 y72–x512 y504 | 10–70% высоты),430×374 (x41 y101–x471 y475),"центр сюжета (256,274) object-position 50% 38%",рука 150–196 · поле 100–142 · коллекция 158–190 · модалка 300–380 · пак 122–164,Боевой клич: Возьмите 1 карт(у). Боевой клич.,"«Цена силы — след, который она оставляет.»",Resources/Cards/Aurites/aur_32.png
aur_33,Рассветный герольд,Aurites,Creature,Common,5,7,4,11.7,2.34,0.7,,0.5,512×720,512x720,512×432 (x0 y72–x512 y504 | 10–70% высоты),430×374 (x41 y101–x471 y475),"центр сюжета (256,274) object-position 50% 38%",рука 150–196 · поле 100–142 · коллекция 158–190 · модалка 300–380 · пак 122–164,Провокация.,«Между ударами сердца есть дверь. Я видел её.»,Resources/Cards/Aurites/aur_33.png
aur_34,Лучезарный клирик,Aurites,Creature,Rare,7,8,7,20.32,2.903,5.32,,5.12,512×720,512x720,512×432 (x0 y72–x512 y504 | 10–70% высоты),430×374 (x41 y101–x471 y475),"центр сюжета (256,274) object-position 50% 38%",рука 150–196 · поле 100–142 · коллекция 158–190 · модалка 300–380 · пак 122–164,В начале вашего хода: Восстановите 3 здоровья (ваш герой). Провокация.,«Пепел честнее золота: он не притворяется.»,Resources/Cards/Aurites/aur_34.png
aur_35,Клятвенный оракул,Aurites,Creature,Rare,5,6,5,11.7,2.34,0.7,,0.5,512×720,512x720,512×432 (x0 y72–x512 y504 | 10–70% высоты),430×374 (x41 y101–x471 y475),"центр сюжета (256,274) object-position 50% 38%",рука 150–196 · поле 100–142 · коллекция 158–190 · модалка 300–380 · пак 122–164,Провокация.,"«Эхо помнит даже то, что Цитадель предпочла забыть.»",Resources/Cards/Aurites/aur_35.png
aur_36,Храмовый герольд,Aurites,Creature,Rare,6,4,7,12.4,2.067,1.4,,-0.8,512×720,512x720,512×432 (x0 y72–x512 y504 | 10–70% высоты),430×374 (x41 y101–x471 y475),"центр сюжета (256,274) object-position 50% 38%",рука 150–196 · поле 100–142 · коллекция 158–190 · модалка 300–380 · пак 122–164,Боевой клич: Все ваши существа получают Щит. Боевой клич.,«Руины — это не конец. Это черновик.»,Resources/Cards/Aurites/aur_36.png
aur_37,Светоносный хранитель,Aurites,Creature,Common,2,1,1,5.74,2.87,3.74,,0.54,512×720,512x720,512×432 (x0 y72–x512 y504 | 10–70% высоты),430×374 (x41 y101–x471 y475),"центр сюжета (256,274) object-position 50% 38%",рука 150–196 · поле 100–142 · коллекция 158–190 · модалка 300–380 · пак 122–164,Боевой клич: Возьмите 1 карт(у). Боевой клич.,«Тишина перед бурей — это тоже буря.»,Resources/Cards/Aurites/aur_37.png
aur_38,Лучезарный грифон,Aurites,Creature,Common,2,2,1,5.12,2.56,2.12,,-0.08,512×720,512x720,512×432 (x0 y72–x512 y504 | 10–70% высоты),430×374 (x41 y101–x471 y475),"центр сюжета (256,274) object-position 50% 38%",рука 150–196 · поле 100–142 · коллекция 158–190 · модалка 300–380 · пак 122–164,Боевой клич: Возьмите 1 карт(у). Боевой клич.,«Пепел честнее золота: он не притворяется.»,Resources/Cards/Aurites/aur_38.png
aur_39,Обетный герольд,Aurites,Creature,Legendary,2,1,2,5.39,2.695,2.39,,0.19,512×720,512x720,512×432 (x0 y72–x512 y504 | 10–70% высоты),430×374 (x41 y101–x471 y475),"центр сюжета (256,274) object-position 50% 38%",рука 150–196 · поле 100–142 · коллекция 158–190 · модалка 300–380 · пак 122–164,Боевой клич: Восстановите 3 здоровья (ваш герой). Боевой клич.,«Корни глубже стен. Всегда глубже.»,Resources/Cards/Aurites/aur_39.png
aur_40,Лучезарный пилгрим,Aurites,Creature,Rare,6,6,5,12.4,2.067,1.4,,-0.8,512×720,512x720,512×432 (x0 y72–x512 y504 | 10–70% высоты),430×374 (x41 y101–x471 y475),"центр сюжета (256,274) object-position 50% 38%",рука 150–196 · поле 100–142 · коллекция 158–190 · модалка 300–380 · пак 122–164,Боевой клич: Все ваши существа получают Щит. Боевой клич.,«Между ударами сердца есть дверь. Я видел её.»,Resources/Cards/Aurites/aur_40.png
aur_41,Обетный оракул,Aurites,Creature,Common,5,5,5,12.0,2.4,2.0,,0.8,512×720,512x720,512×432 (x0 y72–x512 y504 | 10–70% высоты),430×374 (x41 y101–x471 y475),"центр сюжета (256,274) object-position 50% 38%",рука 150–196 · поле 100–142 · коллекция 158–190 · модалка 300–380 · пак 122–164,Провокация / Вампиризм.,«Корни глубже стен. Всегда глубже.»,Resources/Cards/Aurites/aur_41.png
aur_42,Храмовый пилгрим,Aurites,Creature,Rare,6,7,4,12.4,2.067,1.4,,-0.8,512×720,512x720,512×432 (x0 y72–x512 y504 | 10–70% высоты),430×374 (x41 y101–x471 y475),"центр сюжета (256,274) object-position 50% 38%",рука 150–196 · поле 100–142 · коллекция 158–190 · модалка 300–380 · пак 122–164,Боевой клич: Все ваши существа получают Щит. Боевой клич.,«Свет не спорит с тьмой. Он просто приходит.»,Resources/Cards/Aurites/aur_42.png
aur_43,Рассветный бастион,Aurites,Creature,Rare,7,6,4,15.18,2.169,5.18,,-0.02,512×720,512x720,512×432 (x0 y72–x512 y504 | 10–70% высоты),430×374 (x41 y101–x471 y475),"центр сюжета (256,274) object-position 50% 38%",рука 150–196 · поле 100–142 · коллекция 158–190 · модалка 300–380 · пак 122–164,Боевой клич: Восстановите 5 здоровья (ваш герой); Все ваши существа получают Щит. Боевой клич.,«Между ударами сердца есть дверь. Я видел её.»,Resources/Cards/Aurites/aur_43.png
aur_44,Сияющий пилгрим,Aurites,Creature,Legendary,6,5,7,14.0,2.333,2.0,,0.8,512×720,512x720,512×432 (x0 y72–x512 y504 | 10–70% высоты),430×374 (x41 y101–x471 y475),"центр сюжета (256,274) object-position 50% 38%",рука 150–196 · поле 100–142 · коллекция 158–190 · модалка 300–380 · пак 122–164,Провокация / Вампиризм.,«Свет не спорит с тьмой. Он просто приходит.»,Resources/Cards/Aurites/aur_44.png
aur_r01,Руна Рассвета,Aurites,Rune,Common,2,,,0.0,0.0,0.0,,-5.2,512×720,512x720,512×432 (x0 y72–x512 y504 | 10–70% высоты),430×374 (x41 y101–x471 y475),"центр сюжета (256,274) object-position 50% 38%",рука 150–196 · поле 100–142 · коллекция 158–190 · модалка 300–380 · пак 122–164,Аура: +0 к максимуму маны. Действует до конца игры. Руну нельзя уничтожить обычными заклинаниями.,«Золото не блестит в темноте. Блестит память о нём.»,Resources/Cards/Aurites/aur_r01.png
aur_r02,Руна Милосердия,Aurites,Rune,Common,3,,,3.64,1.213,3.64,,-3.56,512×720,512x720,512×432 (x0 y72–x512 y504 | 10–70% высоты),430×374 (x41 y101–x471 y475),"центр сюжета (256,274) object-position 50% 38%",рука 150–196 · поле 100–142 · коллекция 158–190 · модалка 300–380 · пак 122–164,В начале вашего хода: Восстановите 2 здоровья (ваш герой). Действует до конца игры. Руну нельзя уничтожить обычными заклинаниями.,"«Цитадель помнит каждого, кто её защищал.»",Resources/Cards/Aurites/aur_r02.png
aur_r03,Руна Небесного Покрова,Aurites,Rune,Common,4,,,5.2,1.3,5.2,,-4.0,512×720,512x720,512×432 (x0 y72–x512 y504 | 10–70% высоты),430×374 (x41 y101–x471 y475),"центр сюжета (256,274) object-position 50% 38%",рука 150–196 · поле 100–142 · коллекция 158–190 · модалка 300–380 · пак 122–164,Аура: входящий урон вашему герою снижен на 2. Действует до конца игры. Руну нельзя уничтожить обычными заклинаниями.,"«Там, где гаснут свечи, зажигают веру.»",Resources/Cards/Aurites/aur_r03.png
aur_r04,Руна Золотого Хора,Aurites,Rune,Rare,5,,,5.2,1.04,5.2,,-6.0,512×720,512x720,512×432 (x0 y72–x512 y504 | 10–70% высоты),430×374 (x41 y101–x471 y475),"центр сюжета (256,274) object-position 50% 38%",рука 150–196 · поле 100–142 · коллекция 158–190 · модалка 300–380 · пак 122–164,Аура: +1 карта в начале вашего хода. Действует до конца игры. Руну нельзя уничтожить обычными заклинаниями.,"«Там, где гаснут свечи, зажигают веру.»",Resources/Cards/Aurites/aur_r04.png
aur_r05,Руна Вечного Купола,Aurites,Rune,Rare,6,,,2.5,0.417,2.5,,-10.7,512×720,512x720,512×432 (x0 y72–x512 y504 | 10–70% высоты),430×374 (x41 y101–x471 y475),"центр сюжета (256,274) object-position 50% 38%",рука 150–196 · поле 100–142 · коллекция 158–190 · модалка 300–380 · пак 122–164,Аура: ваши существа получают +0/+2. Действует до конца игры. Руну нельзя уничтожить обычными заклинаниями.,«Первый луч всегда находит трещину.»,Resources/Cards/Aurites/aur_r05.png
aur_r06,Руна Последнего Света,Aurites,Rune,Epic,7,,,13.26,1.894,13.26,,-1.94,512×720,512x720,512×432 (x0 y72–x512 y504 | 10–70% высоты),430×374 (x41 y101–x471 y475),"центр сюжета (256,274) object-position 50% 38%",рука 150–196 · поле 100–142 · коллекция 158–190 · модалка 300–380 · пак 122–164,Аура: входящий урон вашему герою снижен на 2. В начале вашего хода: Восстановите 3 здоровья (ваш герой); Все ваши существа получают Щит. Действует до конца игры. Руну нельзя уничтожить обычными заклинаниями.,"«Там, где гаснут свечи, зажигают веру.»",Resources/Cards/Aurites/aur_r06.png
aur_r07,Обетный монолит,Aurites,Rune,Rare,1,,,5.2,5.2,5.2,,2.0,512×720,512x720,512×432 (x0 y72–x512 y504 | 10–70% высоты),430×374 (x41 y101–x471 y475),"центр сюжета (256,274) object-position 50% 38%",рука 150–196 · поле 100–142 · коллекция 158–190 · модалка 300–380 · пак 122–164,Аура: входящий урон вашему герою снижен на 2. Действует до конца игры. Руну нельзя уничтожить обычными заклинаниями.,"«Эхо помнит даже то, что Цитадель предпочла забыть.»",Resources/Cards/Aurites/aur_r07.png
aur_r08,Сияющий монолит,Aurites,Rune,Epic,1,,,0.0,0.0,0.0,,-3.2,512×720,512x720,512×432 (x0 y72–x512 y504 | 10–70% высоты),430×374 (x41 y101–x471 y475),"центр сюжета (256,274) object-position 50% 38%",рука 150–196 · поле 100–142 · коллекция 158–190 · модалка 300–380 · пак 122–164,Аура: +0 к максимуму маны. Действует до конца игры. Руну нельзя уничтожить обычными заклинаниями.,«Пепел честнее золота: он не притворяется.»,Resources/Cards/Aurites/aur_r08.png
aur_r09,Лучезарный монолит,Aurites,Rune,Epic,1,,,13.26,13.26,13.26,,10.06,512×720,512x720,512×432 (x0 y72–x512 y504 | 10–70% высоты),430×374 (x41 y101–x471 y475),"центр сюжета (256,274) object-position 50% 38%",рука 150–196 · поле 100–142 · коллекция 158–190 · модалка 300–380 · пак 122–164,Аура: входящий урон вашему герою снижен на 2. В начале вашего хода: Восстановите 3 здоровья (ваш герой); Все ваши существа получают Щит. Действует до конца игры. Руну нельзя уничтожить обычными заклинаниями.,«Тишина перед бурей — это тоже буря.»,Resources/Cards/Aurites/aur_r09.png
aur_r10,Клятвенный клирик,Aurites,Rune,Common,1,,,13.26,13.26,13.26,,10.06,512×720,512x720,512×432 (x0 y72–x512 y504 | 10–70% высоты),430×374 (x41 y101–x471 y475),"центр сюжета (256,274) object-position 50% 38%",рука 150–196 · поле 100–142 · коллекция 158–190 · модалка 300–380 · пак 122–164,Аура: входящий урон вашему герою снижен на 2. В начале вашего хода: Восстановите 3 здоровья (ваш герой); Все ваши существа получают Щит. Действует до конца игры. Руну нельзя уничтожить обычными заклинаниями.,«Свет не спорит с тьмой. Он просто приходит.»,Resources/Cards/Aurites/aur_r10.png
aur_r11,Лучезарный бастион,Aurites,Rune,Common,1,,,5.2,5.2,5.2,,2.0,512×720,512x720,512×432 (x0 y72–x512 y504 | 10–70% высоты),430×374 (x41 y101–x471 y475),"центр сюжета (256,274) object-position 50% 38%",рука 150–196 · поле 100–142 · коллекция 158–190 · модалка 300–380 · пак 122–164,Аура: входящий урон вашему герою снижен на 2. Действует до конца игры. Руну нельзя уничтожить обычными заклинаниями.,«Пепел честнее золота: он не притворяется.»,Resources/Cards/Aurites/aur_r11.png
aur_s01,Луч Рассвета,Aurites,Spell,Common,1,,,2.8,2.8,2.8,,-0.4,512×720,512x720,512×432 (x0 y72–x512 y504 | 10–70% высоты),430×374 (x41 y101–x471 y475),"центр сюжета (256,274) object-position 50% 38%",рука 150–196 · поле 100–142 · коллекция 158–190 · модалка 300–380 · пак 122–164,Восстановите 4 здоровья (ваш герой).,«Золото не блестит в темноте. Блестит память о нём.»,Resources/Cards/Aurites/aur_s01.png
aur_s02,Освящение,Aurites,Spell,Common,2,,,3.84,1.92,3.84,,-1.36,512×720,512x720,512×432 (x0 y72–x512 y504 | 10–70% высоты),430×374 (x41 y101–x471 y475),"центр сюжета (256,274) object-position 50% 38%",рука 150–196 · поле 100–142 · коллекция 158–190 · модалка 300–380 · пак 122–164,Нанесите 1 урона всем вражеским существам.,"«Обет тяжелее меча, если знаешь, кому его давал.»",Resources/Cards/Aurites/aur_s02.png
aur_s03,Священное вмешательство,Aurites,Spell,Common,2,,,3.35,1.675,3.35,,-1.85,512×720,512x720,512×432 (x0 y72–x512 y504 | 10–70% высоты),430×374 (x41 y101–x471 y475),"центр сюжета (256,274) object-position 50% 38%",рука 150–196 · поле 100–142 · коллекция 158–190 · модалка 300–380 · пак 122–164,Щит на 2 ход(а) (ваше существо); +2 к здоровью (ваше существо).,"«Обет тяжелее меча, если знаешь, кому его давал.»",Resources/Cards/Aurites/aur_s03.png
aur_s04,Приговор Света,Aurites,Spell,Common,3,,,4.0,1.333,4.0,,-3.2,512×720,512x720,512×432 (x0 y72–x512 y504 | 10–70% высоты),430×374 (x41 y101–x471 y475),"центр сюжета (256,274) object-position 50% 38%",рука 150–196 · поле 100–142 · коллекция 158–190 · модалка 300–380 · пак 122–164,Наносит 4 урона (вражеское существо).,"«Обет тяжелее меча, если знаешь, кому его давал.»",Resources/Cards/Aurites/aur_s04.png
aur_s05,Благословение Ауры,Aurites,Spell,Common,3,,,6.0,2.0,6.0,,-1.2,512×720,512x720,512×432 (x0 y72–x512 y504 | 10–70% высоты),430×374 (x41 y101–x471 y475),"центр сюжета (256,274) object-position 50% 38%",рука 150–196 · поле 100–142 · коллекция 158–190 · модалка 300–380 · пак 122–164,+2 к атаке (ваше существо); +3 к здоровью (ваше существо); Щит на 1 ход(а) (ваше существо).,"«Щит — это обещание, которое держат даже после смерти.»",Resources/Cards/Aurites/aur_s05.png
aur_s06,Молитва Хранителя,Aurites,Spell,Common,4,,,8.0,2.0,8.0,,-1.2,512×720,512x720,512×432 (x0 y72–x512 y504 | 10–70% высоты),430×374 (x41 y101–x471 y475),"центр сюжета (256,274) object-position 50% 38%",рука 150–196 · поле 100–142 · коллекция 158–190 · модалка 300–380 · пак 122–164,Ритуал: разрешается в начале вашего следующего хода. Возьмите 2 карт(у); Восстановите 4 здоровья (ваш герой).,«Мы не просим прощения у бури. Мы строим стены.»,Resources/Cards/Aurites/aur_s06.png
aur_s07,Небесный суд,Aurites,Spell,Common,5,,,9.08,1.816,9.08,,-2.12,512×720,512x720,512×432 (x0 y72–x512 y504 | 10–70% высоты),430×374 (x41 y101–x471 y475),"центр сюжета (256,274) object-position 50% 38%",рука 150–196 · поле 100–142 · коллекция 158–190 · модалка 300–380 · пак 122–164,Нанесите 2 урона всем вражеским существам; Восстановите 2 здоровья (ваш герой).,"«Цитадель помнит каждого, кто её защищал.»",Resources/Cards/Aurites/aur_s07.png
aur_s08,Купол Безмолвия,Aurites,Spell,Rare,5,,,3.2,0.64,3.2,,-8.0,512×720,512x720,512×432 (x0 y72–x512 y504 | 10–70% высоты),430×374 (x41 y101–x471 y475),"центр сюжета (256,274) object-position 50% 38%",рука 150–196 · поле 100–142 · коллекция 158–190 · модалка 300–380 · пак 122–164,Немота на (вражеское существо); Верните в руку (вражеское существо).,"«Хор поёт даже тогда, когда никто не слушает.»",Resources/Cards/Aurites/aur_s08.png
aur_s09,Откровение Вечности,Aurites,Spell,Epic,6,,,12.25,2.042,12.25,,-0.95,512×720,512x720,512×432 (x0 y72–x512 y504 | 10–70% высоты),430×374 (x41 y101–x471 y475),"центр сюжета (256,274) object-position 50% 38%",рука 150–196 · поле 100–142 · коллекция 158–190 · модалка 300–380 · пак 122–164,Ритуал: разрешается в начале вашего следующего хода. Возьмите 3 карт(у); Восстановите 4 здоровья (ваш герой); Снижение входящего урона героя на 1.,«Мы не просим прощения у бури. Мы строим стены.»,Resources/Cards/Aurites/aur_s09.png
aur_s10,Обетный пилгрим,Pyromancer,Spell,Epic,2,,,6.84,3.42,6.84,,1.64,512×720,512x720,512×432 (x0 y72–x512 y504 | 10–70% высоты),430×374 (x41 y101–x471 y475),"центр сюжета (256,274) object-position 50% 38%",рука 150–196 · поле 100–142 · коллекция 158–190 · модалка 300–380 · пак 122–164,Наносит 2 урона (вражеский герой); Нанесите 1 урона всем вражеским существам.,"«Цена силы — след, который она оставляет.»",Resources/Cards/Pyromancer/aur_s10.png
aur_s11,Золотопёрый клирик,Aurites,Spell,Common,1,,,4.0,4.0,4.0,,0.8,512×720,512x720,512×432 (x0 y72–x512 y504 | 10–70% высоты),430×374 (x41 y101–x471 y475),"центр сюжета (256,274) object-position 50% 38%",рука 150–196 · поле 100–142 · коллекция 158–190 · модалка 300–380 · пак 122–164,Наносит 4 урона (вражеское существо).,«Руины — это не конец. Это черновик.»,Resources/Cards/Aurites/aur_s11.png
aur_s12,Светоносный герольд,Ethereal,Spell,Rare,3,,,4.0,1.333,4.0,,-3.2,512×720,512x720,512×432 (x0 y72–x512 y504 | 10–70% высоты),430×374 (x41 y101–x471 y475),"центр сюжета (256,274) object-position 50% 38%",рука 150–196 · поле 100–142 · коллекция 158–190 · модалка 300–380 · пак 122–164,Украдите 2 случайную(ых) карту(ы) из руки противника.,«Свет не спорит с тьмой. Он просто приходит.»,Resources/Cards/Ethereal/aur_s12.png
aur_s13,Обетный клирик,Ethereal,Spell,Common,1,,,2.0,2.0,2.0,,-1.2,512×720,512x720,512×432 (x0 y72–x512 y504 | 10–70% высоты),430×374 (x41 y101–x471 y475),"центр сюжета (256,274) object-position 50% 38%",рука 150–196 · поле 100–142 · коллекция 158–190 · модалка 300–380 · пак 122–164,Верните в руку (вражеское существо).,«Руины — это не конец. Это черновик.»,Resources/Cards/Ethereal/aur_s13.png
aur_s14,Светоносный бастион,Aurites,Spell,Common,2,,,11.35,5.675,11.35,,6.15,512×720,512x720,512×432 (x0 y72–x512 y504 | 10–70% высоты),430×374 (x41 y101–x471 y475),"центр сюжета (256,274) object-position 50% 38%",рука 150–196 · поле 100–142 · коллекция 158–190 · модалка 300–380 · пак 122–164,Нанесите 2 урона всем вражеским существам; Восстановите 2 здоровья (ваш герой).,«Тишина перед бурей — это тоже буря.»,Resources/Cards/Aurites/aur_s14.png
aur_s15,Обетный хранитель,Aurites,Spell,Epic,3,,,12.22,4.073,12.22,,5.02,512×720,512x720,512×432 (x0 y72–x512 y504 | 10–70% высоты),430×374 (x41 y101–x471 y475),"центр сюжета (256,274) object-position 50% 38%",рука 150–196 · поле 100–142 · коллекция 158–190 · модалка 300–380 · пак 122–164,Нанесите 2 урона всем вражеским существам; Восстановите 2 здоровья (ваш герой).,«Пепел честнее золота: он не притворяется.»,Resources/Cards/Aurites/aur_s15.png
aur_s16,Золотопёрый грифон,Aurites,Spell,Rare,5,,,13.62,2.724,13.62,,2.42,512×720,512x720,512×432 (x0 y72–x512 y504 | 10–70% высоты),430×374 (x41 y101–x471 y475),"центр сюжета (256,274) object-position 50% 38%",рука 150–196 · поле 100–142 · коллекция 158–190 · модалка 300–380 · пак 122–164,Ритуал: разрешается в начале вашего следующего хода. Возьмите 3 карт(у); Восстановите 4 здоровья (ваш герой); Снижение входящего урона героя на 1.,«Свет не спорит с тьмой. Он просто приходит.»,Resources/Cards/Aurites/aur_s16.png
aur_s17,Лучезарный хранитель,Aurites,Spell,Common,1,,,4.8,4.8,4.8,,1.6,512×720,512x720,512×432 (x0 y72–x512 y504 | 10–70% высоты),430×374 (x41 y101–x471 y475),"центр сюжета (256,274) object-position 50% 38%",рука 150–196 · поле 100–142 · коллекция 158–190 · модалка 300–380 · пак 122–164,Нанесите 1 урона всем вражеским существам.,«Руины — это не конец. Это черновик.»,Resources/Cards/Aurites/aur_s17.png
aur_s18,Клятвенный бастион,Aurites,Spell,Epic,3,,,7.3,2.433,7.3,,0.1,512×720,512x720,512×432 (x0 y72–x512 y504 | 10–70% высоты),430×374 (x41 y101–x471 y475),"центр сюжета (256,274) object-position 50% 38%",рука 150–196 · поле 100–142 · коллекция 158–190 · модалка 300–380 · пак 122–164,Ритуал: разрешается в начале вашего следующего хода. Возьмите 3 карт(у); Восстановите 4 здоровья (ваш герой); Снижение входящего урона героя на 1.,"«Эхо помнит даже то, что Цитадель предпочла забыть.»",Resources/Cards/Aurites/aur_s18.png
cnb_01,Пожиратель падали,Pyromancer,Creature,Common,1,2,1,3.0,3.0,0.0,,-0.2,512×720,512x720,512×432 (x0 y72–x512 y504 | 10–70% высоты),430×374 (x41 y101–x471 y475),"центр сюжета (256,274) object-position 50% 38%",рука 150–196 · поле 100–142 · коллекция 158–190 · модалка 300–380 · пак 122–164,"Ест то, что другие хоронят.","«Цена силы — след, который она оставляет.»",Resources/Cards/Pyromancer/cnb_01.png
cnb_02,Костегрыз,Pyromancer,Creature,Common,2,3,2,5.0,2.5,0.0,,-0.2,512×720,512x720,512×432 (x0 y72–x512 y504 | 10–70% высоты),430×374 (x41 y101–x471 y475),"центр сюжета (256,274) object-position 50% 38%",рука 150–196 · поле 100–142 · коллекция 158–190 · модалка 300–380 · пак 122–164,Глодает кость и чужую атаку.,«Свет не спорит с тьмой. Он просто приходит.»,Resources/Cards/Pyromancer/cnb_02.png
cnb_03,Трапезник войны,Pyromancer,Creature,Common,3,3,3,7.22,2.407,1.22,,0.02,512×720,512x720,512×432 (x0 y72–x512 y504 | 10–70% высоты),430×374 (x41 y101–x471 y475),"центр сюжета (256,274) object-position 50% 38%",рука 150–196 · поле 100–142 · коллекция 158–190 · модалка 300–380 · пак 122–164,Боевой клич: пожертвуйте существом — все ваши существа получают +2/+2.,«Пепел честнее золота: он не притворяется.»,Resources/Cards/Pyromancer/cnb_03.png
cnb_04,Обжора отряда,Pyromancer,Creature,Common,4,4,4,11.02,2.755,3.02,,1.82,512×720,512x720,512×432 (x0 y72–x512 y504 | 10–70% высоты),430×374 (x41 y101–x471 y475),"центр сюжета (256,274) object-position 50% 38%",рука 150–196 · поле 100–142 · коллекция 158–190 · модалка 300–380 · пак 122–164,Боевой клич: пожертвуйте существом — все ваши существа получают +3/+3.,"«Яд не спешит: он знает, куда идёт.»",Resources/Cards/Pyromancer/cnb_04.png
cnb_05,Прожорливый вал,Pyromancer,Creature,Common,5,4,5,12.72,2.544,3.72,,1.52,512×720,512x720,512×432 (x0 y72–x512 y504 | 10–70% высоты),430×374 (x41 y101–x471 y475),"центр сюжета (256,274) object-position 50% 38%",рука 150–196 · поле 100–142 · коллекция 158–190 · модалка 300–380 · пак 122–164,Таунт. Боевой клич: пожертвуйте существом — все ваши получают +2/+2.,"«Цена силы — след, который она оставляет.»",Resources/Cards/Pyromancer/cnb_05.png
cnb_06,Насыщенный зверь,Pyromancer,Creature,Common,2,2,2,5.7,2.85,1.7,,0.5,512×720,512x720,512×432 (x0 y72–x512 y504 | 10–70% высоты),430×374 (x41 y101–x471 y475),"центр сюжета (256,274) object-position 50% 38%",рука 150–196 · поле 100–142 · коллекция 158–190 · модалка 300–380 · пак 122–164,Предсмертный хрип: все ваши существа получают +1/+1.,«Свет не спорит с тьмой. Он просто приходит.»,Resources/Cards/Pyromancer/cnb_06.png
cnb_07,Рвач мяса,Pyromancer,Creature,Uncommon,3,4,2,7.2,2.4,1.2,,0.0,512×720,512x720,512×432 (x0 y72–x512 y504 | 10–70% высоты),430×374 (x41 y101–x471 y475),"центр сюжета (256,274) object-position 50% 38%",рука 150–196 · поле 100–142 · коллекция 158–190 · модалка 300–380 · пак 122–164,Рывок. Голод быстрее ног.,«Пепел честнее золота: он не притворяется.»,Resources/Cards/Pyromancer/cnb_07.png
cnb_08,Пиршественный шаман,Pyromancer,Creature,Uncommon,4,3,4,9.66,2.415,2.66,,0.46,512×720,512x720,512×432 (x0 y72–x512 y504 | 10–70% высоты),430×374 (x41 y101–x471 y475),"центр сюжета (256,274) object-position 50% 38%",рука 150–196 · поле 100–142 · коллекция 158–190 · модалка 300–380 · пак 122–164,Боевой клич: пожертвуйте существом — возьмите 2 карты.,"«Яд не спешит: он знает, куда идёт.»",Resources/Cards/Pyromancer/cnb_08.png
cnb_09,Глот-костолом,Pyromancer,Creature,Rare,5,4,4,12.82,2.564,4.82,,1.62,512×720,512x720,512×432 (x0 y72–x512 y504 | 10–70% высоты),430×374 (x41 y101–x471 y475),"центр сюжета (256,274) object-position 50% 38%",рука 150–196 · поле 100–142 · коллекция 158–190 · модалка 300–380 · пак 122–164,Боевой клич: пожертвуйте существом — все ваши получают +3/+3.,"«Цена силы — след, который она оставляет.»",Resources/Cards/Pyromancer/cnb_09.png
cnb_10,Пожиратель Костей,Pyromancer,Creature,Rare,7,6,6,16.17,2.31,4.17,,0.97,512×720,512x720,512×432 (x0 y72–x512 y504 | 10–70% высоты),430×374 (x41 y101–x471 y475),"центр сюжета (256,274) object-position 50% 38%",рука 150–196 · поле 100–142 · коллекция 158–190 · модалка 300–380 · пак 122–164,Таунт. Боевой клич: пожертвуйте существом — уничтожьте случайное существо противника.,«Свет не спорит с тьмой. Он просто приходит.»,Resources/Cards/Pyromancer/cnb_10.png
cnb_11,Ритуал трапезы,Pyromancer,Spell,Rare,5,,,2.8,0.56,2.8,,-8.4,512×720,512x720,512×432 (x0 y72–x512 y504 | 10–70% высоты),430×374 (x41 y101–x471 y475),"центр сюжета (256,274) object-position 50% 38%",рука 150–196 · поле 100–142 · коллекция 158–190 · модалка 300–380 · пак 122–164,Пожертвуйте существом: 4 урона существу. Пир богов.,«Пепел честнее золота: он не притворяется.»,Resources/Cards/Pyromancer/cnb_11.png
cnb_12,Матерь Обжорства,Pyromancer,Creature,Legendary,8,7,7,21.62,2.703,7.62,,4.42,512×720,512x720,512×432 (x0 y72–x512 y504 | 10–70% высоты),430×374 (x41 y101–x471 y475),"центр сюжета (256,274) object-position 50% 38%",рука 150–196 · поле 100–142 · коллекция 158–190 · модалка 300–380 · пак 122–164,Прорыв. Боевой клич: пожертвуйте существом — все ваши получают +4/+4.,"«Яд не спешит: он знает, куда идёт.»",Resources/Cards/Pyromancer/cnb_12.png
cnb_13,Сытная похлёбка,Pyromancer,Spell,Common,1,,,2.0,2.0,2.0,,-1.2,512×720,512x720,512×432 (x0 y72–x512 y504 | 10–70% высоты),430×374 (x41 y101–x471 y475),"центр сюжета (256,274) object-position 50% 38%",рука 150–196 · поле 100–142 · коллекция 158–190 · модалка 300–380 · пак 122–164,+1/+1 вашему существу. Наваристо.,"«Цена силы — след, который она оставляет.»",Resources/Cards/Pyromancer/cnb_13.png
cnb_14,Полное брюхо,Pyromancer,Spell,Uncommon,3,,,4.6,1.533,4.6,,-2.6,512×720,512x720,512×432 (x0 y72–x512 y504 | 10–70% высоты),430×374 (x41 y101–x471 y475),"центр сюжета (256,274) object-position 50% 38%",рука 150–196 · поле 100–142 · коллекция 158–190 · модалка 300–380 · пак 122–164,4 здоровья герою и 1 карта. Сытость мысли.,«Свет не спорит с тьмой. Он просто приходит.»,Resources/Cards/Pyromancer/cnb_14.png
ent_01,Юный древень,Terramorph,Creature,Common,2,2,3,5.7,2.85,0.7,,0.5,512×720,512x720,512×432 (x0 y72–x512 y504 | 10–70% высоты),430×374 (x41 y101–x471 y475),"центр сюжета (256,274) object-position 50% 38%",рука 150–196 · поле 100–142 · коллекция 158–190 · модалка 300–380 · пак 122–164,"Таунт. Ещё ребёнок, но уже стена.",«Пепел честнее золота: он не притворяется.»,Resources/Cards/Terramorph/ent_01.png
ent_02,Энт-рощеносец,Terramorph,Creature,Common,3,2,3,7.69,2.563,2.69,,0.49,512×720,512x720,512×432 (x0 y72–x512 y504 | 10–70% высоты),430×374 (x41 y101–x471 y475),"центр сюжета (256,274) object-position 50% 38%",рука 150–196 · поле 100–142 · коллекция 158–190 · модалка 300–380 · пак 122–164,Таунт. Боевой клич: призовите «Росток Энта» 1/2.,"«Яд не спешит: он знает, куда идёт.»",Resources/Cards/Terramorph/ent_02.png
ent_03,Старый корнеплёт,Terramorph,Creature,Common,4,3,4,9.68,2.42,2.68,,0.48,512×720,512x720,512×432 (x0 y72–x512 y504 | 10–70% высоты),430×374 (x41 y101–x471 y475),"центр сюжета (256,274) object-position 50% 38%",рука 150–196 · поле 100–142 · коллекция 158–190 · модалка 300–380 · пак 122–164,Таунт. Боевой клич: призовите «Росток Энта» 1/2.,"«Цена силы — след, который она оставляет.»",Resources/Cards/Terramorph/ent_03.png
ent_04,Дуб-часовой,Terramorph,Creature,Common,5,4,5,9.7,1.94,0.7,,-1.5,512×720,512x720,512×432 (x0 y72–x512 y504 | 10–70% высоты),430×374 (x41 y101–x471 y475),"центр сюжета (256,274) object-position 50% 38%",рука 150–196 · поле 100–142 · коллекция 158–190 · модалка 300–380 · пак 122–164,Таунт. Стоит с Первой Посадки.,«Свет не спорит с тьмой. Он просто приходит.»,Resources/Cards/Terramorph/ent_04.png
ent_05,Сеятель рощи,Terramorph,Creature,Common,3,2,3,6.99,2.33,1.99,,-0.21,512×720,512x720,512×432 (x0 y72–x512 y504 | 10–70% высоты),430×374 (x41 y101–x471 y475),"центр сюжета (256,274) object-position 50% 38%",рука 150–196 · поле 100–142 · коллекция 158–190 · модалка 300–380 · пак 122–164,Боевой клич: призовите «Росток Энта» 1/2.,«Пепел честнее золота: он не притворяется.»,Resources/Cards/Terramorph/ent_05.png
ent_06,Кора-крепость,Terramorph,Creature,Common,6,5,6,11.7,1.95,0.7,,-1.5,512×720,512x720,512×432 (x0 y72–x512 y504 | 10–70% высоты),430×374 (x41 y101–x471 y475),"центр сюжета (256,274) object-position 50% 38%",рука 150–196 · поле 100–142 · коллекция 158–190 · модалка 300–380 · пак 122–164,Таунт. Кора толще стен Цитадели.,"«Яд не спешит: он знает, куда идёт.»",Resources/Cards/Terramorph/ent_06.png
ent_07,Энт-садовник,Terramorph,Creature,Uncommon,4,2,5,9.5,2.375,2.5,,0.3,512×720,512x720,512×432 (x0 y72–x512 y504 | 10–70% высоты),430×374 (x41 y101–x471 y475),"центр сюжета (256,274) object-position 50% 38%",рука 150–196 · поле 100–142 · коллекция 158–190 · модалка 300–380 · пак 122–164,Таунт. Боевой клич: 1 здоровья всем вашим существам.,"«Цена силы — след, который она оставляет.»",Resources/Cards/Terramorph/ent_07.png
ent_08,Ломоветвь,Terramorph,Creature,Uncommon,5,4,5,10.7,2.14,1.7,,-0.5,512×720,512x720,512×432 (x0 y72–x512 y504 | 10–70% высоты),430×374 (x41 y101–x471 y475),"центр сюжета (256,274) object-position 50% 38%",рука 150–196 · поле 100–142 · коллекция 158–190 · модалка 300–380 · пак 122–164,"Таунт, Прорыв. Ветви ломят строй.",«Свет не спорит с тьмой. Он просто приходит.»,Resources/Cards/Terramorph/ent_08.png
ent_09,Рощемать,Terramorph,Creature,Rare,4,3,4,10.79,2.697,3.79,,1.59,512×720,512x720,512×432 (x0 y72–x512 y504 | 10–70% высоты),430×374 (x41 y101–x471 y475),"центр сюжета (256,274) object-position 50% 38%",рука 150–196 · поле 100–142 · коллекция 158–190 · модалка 300–380 · пак 122–164,Таунт. Боевой клич: 2 здоровья всем вашим существам.,«Пепел честнее золота: он не притворяется.»,Resources/Cards/Terramorph/ent_09.png
ent_10,Древень-патриарх,Terramorph,Creature,Rare,6,5,6,14.68,2.447,3.68,,1.48,512×720,512x720,512×432 (x0 y72–x512 y504 | 10–70% высоты),430×374 (x41 y101–x471 y475),"центр сюжета (256,274) object-position 50% 38%",рука 150–196 · поле 100–142 · коллекция 158–190 · модалка 300–380 · пак 122–164,"Таунт, Прорыв. Боевой клич: призовите «Росток Энта» 1/2.","«Яд не спешит: он знает, куда идёт.»",Resources/Cards/Terramorph/ent_10.png
ent_11,Буйный рост,Terramorph,Spell,Rare,7,,,6.19,0.884,6.19,,-9.01,512×720,512x720,512×432 (x0 y72–x512 y504 | 10–70% высоты),430×374 (x41 y101–x471 y475),"центр сюжета (256,274) object-position 50% 38%",рука 150–196 · поле 100–142 · коллекция 158–190 · модалка 300–380 · пак 122–164,Призовите три «Росток Энта» 1/2. Роща наступает.,"«Цена силы — след, который она оставляет.»",Resources/Cards/Terramorph/ent_11.png
ent_12,Древний Рощи,Terramorph,Creature,Legendary,9,7,7,19.17,2.13,5.17,,-0.03,512×720,512x720,512×432 (x0 y72–x512 y504 | 10–70% высоты),430×374 (x41 y101–x471 y475),"центр сюжета (256,274) object-position 50% 38%",рука 150–196 · поле 100–142 · коллекция 158–190 · модалка 300–380 · пак 122–164,"Таунт, Прорыв. Боевой клич: два «Росток Энта» 1/2.",«Свет не спорит с тьмой. Он просто приходит.»,Resources/Cards/Terramorph/ent_12.png
ent_13,Дубовая кожа,Terramorph,Spell,Common,2,,,2.0,1.0,2.0,,-3.2,512×720,512x720,512×432 (x0 y72–x512 y504 | 10–70% высоты),430×374 (x41 y101–x471 y475),"центр сюжета (256,274) object-position 50% 38%",рука 150–196 · поле 100–142 · коллекция 158–190 · модалка 300–380 · пак 122–164,+2 здоровья вашему существу. Кора вместо шрамов.,«Пепел честнее золота: он не притворяется.»,Resources/Cards/Terramorph/ent_13.png
ent_14,Весенний сок,Terramorph,Spell,Uncommon,3,,,4.32,1.44,4.32,,-2.88,512×720,512x720,512×432 (x0 y72–x512 y504 | 10–70% высоты),430×374 (x41 y101–x471 y475),"центр сюжета (256,274) object-position 50% 38%",рука 150–196 · поле 100–142 · коллекция 158–190 · модалка 300–380 · пак 122–164,3 здоровья всем вашим существам. Роща выдыхает.,"«Яд не спешит: он знает, куда идёт.»",Resources/Cards/Terramorph/ent_14.png
eth_01,Эфирный разведчик,Ethereal,Creature,Common,1,1,2,4.1,4.1,1.1,,0.9,512×720,512x720,512×432 (x0 y72–x512 y504 | 10–70% высоты),430×374 (x41 y101–x471 y475),"центр сюжета (256,274) object-position 50% 38%",рука 150–196 · поле 100–142 · коллекция 158–190 · модалка 300–380 · пак 122–164,Неуловимость.,«Уклонение — вежливая форма отказа умереть.»,Resources/Cards/Ethereal/eth_01.png
eth_02,Туманный скиталец,Ethereal,Creature,Common,1,2,2,4.0,4.0,0.0,,0.8,512×720,512x720,512×432 (x0 y72–x512 y504 | 10–70% высоты),430×374 (x41 y101–x471 y475),"центр сюжета (256,274) object-position 50% 38%",рука 150–196 · поле 100–142 · коллекция 158–190 · модалка 300–380 · пак 122–164,,"«Украсть проще, чем заработать.»",Resources/Cards/Ethereal/eth_02.png
eth_03,Сильф-вор,Ethereal,Creature,Common,2,1,3,6.63,3.315,2.63,,1.43,512×720,512x720,512×432 (x0 y72–x512 y504 | 10–70% высоты),430×374 (x41 y101–x471 y475),"центр сюжета (256,274) object-position 50% 38%",рука 150–196 · поле 100–142 · коллекция 158–190 · модалка 300–380 · пак 122–164,Предсмертный хрип: Возьмите 1 карт(у). Неуловимость / Предсмертный хрип.,«Твоя карта теперь моя. Это было её решением.»,Resources/Cards/Ethereal/eth_03.png
eth_04,Ветряной джинн,Ethereal,Creature,Common,2,2,3,6.2,3.1,1.2,,1.0,512×720,512x720,512×432 (x0 y72–x512 y504 | 10–70% высоты),430×374 (x41 y101–x471 y475),"центр сюжета (256,274) object-position 50% 38%",рука 150–196 · поле 100–142 · коллекция 158–190 · модалка 300–380 · пак 122–164,Рывок.,«Туман берёт своё без единого звука.»,Resources/Cards/Ethereal/eth_04.png
eth_05,Ткач иллюзий,Ethereal,Creature,Common,3,2,4,8.3,2.767,2.3,,1.1,512×720,512x720,512×432 (x0 y72–x512 y504 | 10–70% высоты),430×374 (x41 y101–x471 y475),"центр сюжета (256,274) object-position 50% 38%",рука 150–196 · поле 100–142 · коллекция 158–190 · модалка 300–380 · пак 122–164,Боевой клич: Верните в руку (вражеское существо). Боевой клич.,"«Серебро отражает. Даже то, чего нет.»",Resources/Cards/Ethereal/eth_05.png
eth_06,Миражный страж,Ethereal,Creature,Common,3,3,4,8.2,2.733,1.2,,1.0,512×720,512x720,512×432 (x0 y72–x512 y504 | 10–70% высоты),430×374 (x41 y101–x471 y475),"центр сюжета (256,274) object-position 50% 38%",рука 150–196 · поле 100–142 · коллекция 158–190 · модалка 300–380 · пак 122–164,Рывок.,«Мираж дешевле крепости и держится дольше.»,Resources/Cards/Ethereal/eth_06.png
eth_07,Серебристый иллюзионист,Ethereal,Creature,Common,4,3,5,10.3,2.575,2.3,,1.1,512×720,512x720,512×432 (x0 y72–x512 y504 | 10–70% высоты),430×374 (x41 y101–x471 y475),"центр сюжета (256,274) object-position 50% 38%",рука 150–196 · поле 100–142 · коллекция 158–190 · модалка 300–380 · пак 122–164,Боевой клич: Украдите 1 случайную(ых) карту(ы) из руки противника. Боевой клич.,"«Ветер всегда знает, где открыто.»",Resources/Cards/Ethereal/eth_07.png
eth_08,Шёпот тумана,Ethereal,Creature,Common,4,3,5,9.8,2.45,1.8,,0.6,512×720,512x720,512×432 (x0 y72–x512 y504 | 10–70% высоты),430×374 (x41 y101–x471 y475),"центр сюжета (256,274) object-position 50% 38%",рука 150–196 · поле 100–142 · коллекция 158–190 · модалка 300–380 · пак 122–164,Ваши заклинания наносят на 1 урон больше. Урон заклинаний +1.,"«Ты видишь нас ровно настолько, насколько мы это позволяем.»",Resources/Cards/Ethereal/eth_08.png
eth_09,Повелитель ветров,Ethereal,Creature,Common,4,3,5,10.2,2.55,2.2,,1.0,512×720,512x720,512×432 (x0 y72–x512 y504 | 10–70% высоты),430×374 (x41 y101–x471 y475),"центр сюжета (256,274) object-position 50% 38%",рука 150–196 · поле 100–142 · коллекция 158–190 · модалка 300–380 · пак 122–164,Буря.,«Твоя карта теперь моя. Это было её решением.»,Resources/Cards/Ethereal/eth_09.png
eth_10,Призрачный ассасин,Ethereal,Creature,Rare,5,5,6,13.28,2.656,2.28,,2.08,512×720,512x720,512×432 (x0 y72–x512 y504 | 10–70% высоты),430×374 (x41 y101–x471 y475),"центр сюжета (256,274) object-position 50% 38%",рука 150–196 · поле 100–142 · коллекция 158–190 · модалка 300–380 · пак 122–164,Боевой клич: Немота на с наибольшей атакой (вражеское существо). Рывок.,"«Ты видишь нас ровно настолько, насколько мы это позволяем.»",Resources/Cards/Ethereal/eth_10.png
eth_11,Зеркальный двойник,Ethereal,Creature,Rare,5,3,6,12.74,2.548,3.74,,1.54,512×720,512x720,512×432 (x0 y72–x512 y504 | 10–70% высоты),430×374 (x41 y101–x471 y475),"центр сюжета (256,274) object-position 50% 38%",рука 150–196 · поле 100–142 · коллекция 158–190 · модалка 300–380 · пак 122–164,Боевой клич: Возьмите 2 карт(у). Боевой клич.,«Мы не сражаемся. Мы переписываем результат.»,Resources/Cards/Ethereal/eth_11.png
eth_12,Эхо-повелитель,Ethereal,Creature,Epic,5,3,6,13.68,2.736,4.68,,2.48,512×720,512x720,512×432 (x0 y72–x512 y504 | 10–70% высоты),430×374 (x41 y101–x471 y475),"центр сюжета (256,274) object-position 50% 38%",рука 150–196 · поле 100–142 · коллекция 158–190 · модалка 300–380 · пак 122–164,Когда вы разыгрываете заклинание: Возьмите 1 карт(у). Ваши заклинания наносят на 1 урон больше. Урон заклинаний +1.,«Мы не сражаемся. Мы переписываем результат.»,Resources/Cards/Ethereal/eth_12.png
eth_13,Фантомный колосс,Ethereal,Creature,Epic,6,4,7,14.3,2.383,3.3,,1.1,512×720,512x720,512×432 (x0 y72–x512 y504 | 10–70% высоты),430×374 (x41 y101–x471 y475),"центр сюжета (256,274) object-position 50% 38%",рука 150–196 · поле 100–142 · коллекция 158–190 · модалка 300–380 · пак 122–164,Неуловимость / Буря.,«Туман берёт своё без единого звука.»,Resources/Cards/Ethereal/eth_13.png
eth_14,Похититель пустоты,Ethereal,Creature,Epic,6,3,7,15.0,2.5,5.0,,1.8,512×720,512x720,512×432 (x0 y72–x512 y504 | 10–70% высоты),430×374 (x41 y101–x471 y475),"центр сюжета (256,274) object-position 50% 38%",рука 150–196 · поле 100–142 · коллекция 158–190 · модалка 300–380 · пак 122–164,Боевой клич: Перехватите (вражеское существо). Боевой клич.,"«Ветер всегда знает, где открыто.»",Resources/Cards/Ethereal/eth_14.png
eth_15,Серебряный архонт,Ethereal,Creature,Legendary,7,4,8,18.9,2.7,6.9,,3.7,512×720,512x720,512×432 (x0 y72–x512 y504 | 10–70% высоты),430×374 (x41 y101–x471 y475),"центр сюжета (256,274) object-position 50% 38%",рука 150–196 · поле 100–142 · коллекция 158–190 · модалка 300–380 · пак 122–164,Боевой клич: Украдите 2 случайную(ых) карту(ы) из руки противника. Буря / Неуловимость.,"«Ты видишь нас ровно настолько, насколько мы это позволяем.»",Resources/Cards/Ethereal/eth_15.png
eth_31,Лунный портал,Ethereal,Creature,Rare,5,4,5,12.3,2.46,3.3,,1.1,512×720,512x720,512×432 (x0 y72–x512 y504 | 10–70% высоты),430×374 (x41 y101–x471 y475),"центр сюжета (256,274) object-position 50% 38%",рука 150–196 · поле 100–142 · коллекция 158–190 · модалка 300–380 · пак 122–164,Неуловимость / Буря.,"«Цена силы — след, который она оставляет.»",Resources/Cards/Ethereal/eth_31.png
eth_32,Туманный осколок,Ethereal,Creature,Epic,5,4,5,11.28,2.256,2.28,,0.08,512×720,512x720,512×432 (x0 y72–x512 y504 | 10–70% высоты),430×374 (x41 y101–x471 y475),"центр сюжета (256,274) object-position 50% 38%",рука 150–196 · поле 100–142 · коллекция 158–190 · модалка 300–380 · пак 122–164,Боевой клич: Немота на с наибольшей атакой (вражеское существо). Рывок.,«Корни глубже стен. Всегда глубже.»,Resources/Cards/Ethereal/eth_32.png
eth_33,Звёздный сонм,Ethereal,Creature,Common,1,1,1,3.1,3.1,1.1,,-0.1,512×720,512x720,512×432 (x0 y72–x512 y504 | 10–70% высоты),430×374 (x41 y101–x471 y475),"центр сюжета (256,274) object-position 50% 38%",рука 150–196 · поле 100–142 · коллекция 158–190 · модалка 300–380 · пак 122–164,Неуловимость.,«Между ударами сердца есть дверь. Я видел её.»,Resources/Cards/Ethereal/eth_33.png
eth_34,Фантомный мираж,Ethereal,Creature,Rare,5,4,5,11.28,2.256,2.28,,0.08,512×720,512x720,512×432 (x0 y72–x512 y504 | 10–70% высоты),430×374 (x41 y101–x471 y475),"центр сюжета (256,274) object-position 50% 38%",рука 150–196 · поле 100–142 · коллекция 158–190 · модалка 300–380 · пак 122–164,Боевой клич: Немота на с наибольшей атакой (вражеское существо). Рывок.,"«Эхо помнит даже то, что Цитадель предпочла забыть.»",Resources/Cards/Ethereal/eth_34.png
eth_35,Фантомный портал,Ethereal,Creature,Legendary,4,5,3,9.8,2.45,1.8,,0.6,512×720,512x720,512×432 (x0 y72–x512 y504 | 10–70% высоты),430×374 (x41 y101–x471 y475),"центр сюжета (256,274) object-position 50% 38%",рука 150–196 · поле 100–142 · коллекция 158–190 · модалка 300–380 · пак 122–164,Ваши заклинания наносят на 1 урон больше. Урон заклинаний +1.,«Свет не спорит с тьмой. Он просто приходит.»,Resources/Cards/Ethereal/eth_35.png
eth_36,Сумеречный сонм,Ethereal,Creature,Common,4,4,3,9.28,2.32,2.28,,0.08,512×720,512x720,512×432 (x0 y72–x512 y504 | 10–70% высоты),430×374 (x41 y101–x471 y475),"центр сюжета (256,274) object-position 50% 38%",рука 150–196 · поле 100–142 · коллекция 158–190 · модалка 300–380 · пак 122–164,Боевой клич: Немота на с наибольшей атакой (вражеское существо). Рывок.,«Между ударами сердца есть дверь. Я видел её.»,Resources/Cards/Ethereal/eth_36.png
eth_37,Туманный сонм,Ethereal,Creature,Common,5,6,4,14.68,2.936,4.68,,3.48,512×720,512x720,512×432 (x0 y72–x512 y504 | 10–70% высоты),430×374 (x41 y101–x471 y475),"центр сюжета (256,274) object-position 50% 38%",рука 150–196 · поле 100–142 · коллекция 158–190 · модалка 300–380 · пак 122–164,Когда вы разыгрываете заклинание: Возьмите 1 карт(у). Ваши заклинания наносят на 1 урон больше. Урон заклинаний +1.,«Между ударами сердца есть дверь. Я видел её.»,Resources/Cards/Ethereal/eth_37.png
eth_38,Сумеречный портал,Ethereal,Creature,Common,5,6,4,14.68,2.936,4.68,,3.48,512×720,512x720,512×432 (x0 y72–x512 y504 | 10–70% высоты),430×374 (x41 y101–x471 y475),"центр сюжета (256,274) object-position 50% 38%",рука 150–196 · поле 100–142 · коллекция 158–190 · модалка 300–380 · пак 122–164,Когда вы разыгрываете заклинание: Возьмите 1 карт(у). Ваши заклинания наносят на 1 урон больше. Урон заклинаний +1.,«Корни глубже стен. Всегда глубже.»,Resources/Cards/Ethereal/eth_38.png
eth_39,Сумеречный шёпот,Ethereal,Creature,Common,4,4,3,9.3,2.325,2.3,,0.1,512×720,512x720,512×432 (x0 y72–x512 y504 | 10–70% высоты),430×374 (x41 y101–x471 y475),"центр сюжета (256,274) object-position 50% 38%",рука 150–196 · поле 100–142 · коллекция 158–190 · модалка 300–380 · пак 122–164,Боевой клич: Верните в руку (вражеское существо). Боевой клич.,«Свет не спорит с тьмой. Он просто приходит.»,Resources/Cards/Ethereal/eth_39.png
eth_40,Астральный скиталец,Ethereal,Creature,Epic,4,4,3,9.28,2.32,2.28,,0.08,512×720,512x720,512×432 (x0 y72–x512 y504 | 10–70% высоты),430×374 (x41 y101–x471 y475),"центр сюжета (256,274) object-position 50% 38%",рука 150–196 · поле 100–142 · коллекция 158–190 · модалка 300–380 · пак 122–164,Боевой клич: Немота на с наибольшей атакой (вражеское существо). Рывок.,«Руины — это не конец. Это черновик.»,Resources/Cards/Ethereal/eth_40.png
eth_41,Звёздный мираж,Ethereal,Creature,Rare,5,5,4,11.12,2.224,2.12,,-0.08,512×720,512x720,512×432 (x0 y72–x512 y504 | 10–70% высоты),430×374 (x41 y101–x471 y475),"центр сюжета (256,274) object-position 50% 38%",рука 150–196 · поле 100–142 · коллекция 158–190 · модалка 300–380 · пак 122–164,Боевой клич: Возьмите 2 карт(у). Боевой клич.,"«Цена силы — след, который она оставляет.»",Resources/Cards/Ethereal/eth_41.png
eth_42,Сумеречный скиталец,Ethereal,Creature,Legendary,5,4,5,11.28,2.256,2.28,,0.08,512×720,512x720,512×432 (x0 y72–x512 y504 | 10–70% высоты),430×374 (x41 y101–x471 y475),"центр сюжета (256,274) object-position 50% 38%",рука 150–196 · поле 100–142 · коллекция 158–190 · модалка 300–380 · пак 122–164,Боевой клич: Немота на с наибольшей атакой (вражеское существо). Рывок.,«Пепел честнее золота: он не притворяется.»,Resources/Cards/Ethereal/eth_42.png
eth_43,Эфирный портал,Ethereal,Creature,Legendary,5,6,4,14.68,2.936,4.68,,3.48,512×720,512x720,512×432 (x0 y72–x512 y504 | 10–70% высоты),430×374 (x41 y101–x471 y475),"центр сюжета (256,274) object-position 50% 38%",рука 150–196 · поле 100–142 · коллекция 158–190 · модалка 300–380 · пак 122–164,Когда вы разыгрываете заклинание: Возьмите 1 карт(у). Ваши заклинания наносят на 1 урон больше. Урон заклинаний +1.,«Между ударами сердца есть дверь. Я видел её.»,Resources/Cards/Ethereal/eth_43.png
eth_44,Эфирный мираж,Ethereal,Creature,Common,6,7,4,14.3,2.383,3.3,,1.1,512×720,512x720,512×432 (x0 y72–x512 y504 | 10–70% высоты),430×374 (x41 y101–x471 y475),"центр сюжета (256,274) object-position 50% 38%",рука 150–196 · поле 100–142 · коллекция 158–190 · модалка 300–380 · пак 122–164,Неуловимость / Буря.,«Корни глубже стен. Всегда глубже.»,Resources/Cards/Ethereal/eth_44.png
eth_r01,Руна Тумана,Ethereal,Rune,Common,2,,,1.15,0.575,1.15,,-4.05,512×720,512x720,512×432 (x0 y72–x512 y504 | 10–70% высоты),430×374 (x41 y101–x471 y475),"центр сюжета (256,274) object-position 50% 38%",рука 150–196 · поле 100–142 · коллекция 158–190 · модалка 300–380 · пак 122–164,Аура: -1 к атаке вражеских существ. Действует до конца игры. Руну нельзя уничтожить обычными заклинаниями.,«Мираж дешевле крепости и держится дольше.»,Resources/Cards/Ethereal/eth_r01.png
eth_r02,Руна Ветра,Ethereal,Rune,Common,3,,,5.2,1.733,5.2,,-2.0,512×720,512x720,512×432 (x0 y72–x512 y504 | 10–70% высоты),430×374 (x41 y101–x471 y475),"центр сюжета (256,274) object-position 50% 38%",рука 150–196 · поле 100–142 · коллекция 158–190 · модалка 300–380 · пак 122–164,Аура: +1 карта в начале вашего хода. Действует до конца игры. Руну нельзя уничтожить обычными заклинаниями.,"«Украсть проще, чем заработать.»",Resources/Cards/Ethereal/eth_r02.png
eth_r03,Руна Зеркал,Ethereal,Rune,Common,4,,,2.6,0.65,2.6,,-6.6,512×720,512x720,512×432 (x0 y72–x512 y504 | 10–70% высоты),430×374 (x41 y101–x471 y475),"центр сюжета (256,274) object-position 50% 38%",рука 150–196 · поле 100–142 · коллекция 158–190 · модалка 300–380 · пак 122–164,Аура: +1 к максимуму маны. Действует до конца игры. Руну нельзя уничтожить обычными заклинаниями.,«Мираж дешевле крепости и держится дольше.»,Resources/Cards/Ethereal/eth_r03.png
eth_r04,Руна Невесомости,Ethereal,Rune,Rare,5,,,2.38,0.476,2.38,,-8.82,512×720,512x720,512×432 (x0 y72–x512 y504 | 10–70% высоты),430×374 (x41 y101–x471 y475),"центр сюжета (256,274) object-position 50% 38%",рука 150–196 · поле 100–142 · коллекция 158–190 · модалка 300–380 · пак 122–164,В начале вашего хода: Заморозьте всех врагов на 1 ход(а). Длительность: 4 ход(а). Руну нельзя уничтожить обычными заклинаниями.,"«Тебя не ударили. Ты просто забыл, что уже был ранен.»",Resources/Cards/Ethereal/eth_r04.png
eth_r05,Руна Тысячи Шёпотов,Ethereal,Rune,Rare,6,,,5.2,0.867,5.2,,-8.0,512×720,512x720,512×432 (x0 y72–x512 y504 | 10–70% высоты),430×374 (x41 y101–x471 y475),"центр сюжета (256,274) object-position 50% 38%",рука 150–196 · поле 100–142 · коллекция 158–190 · модалка 300–380 · пак 122–164,В начале вашего хода: Украдите 1 случайную(ых) карту(ы) из руки противника. Действует до конца игры. Руну нельзя уничтожить обычными заклинаниями.,«Мираж дешевле крепости и держится дольше.»,Resources/Cards/Ethereal/eth_r05.png
eth_r06,Руна Абсолютной Иллюзии,Ethereal,Rune,Epic,7,,,10.4,1.486,10.4,,-4.8,512×720,512x720,512×432 (x0 y72–x512 y504 | 10–70% высоты),430×374 (x41 y101–x471 y475),"центр сюжета (256,274) object-position 50% 38%",рука 150–196 · поле 100–142 · коллекция 158–190 · модалка 300–380 · пак 122–164,Аура: +1 карта в начале вашего хода. В начале вашего хода: Верните с наибольшей атакой в руку (вражеское существо). Длительность: 5 ход(а). Руну нельзя уничтожить обычными заклинаниями.,"«Украсть проще, чем заработать.»",Resources/Cards/Ethereal/eth_r06.png
eth_r07,Астральный мираж,Ethereal,Rune,Rare,1,,,5.2,5.2,5.2,,2.0,512×720,512x720,512×432 (x0 y72–x512 y504 | 10–70% высоты),430×374 (x41 y101–x471 y475),"центр сюжета (256,274) object-position 50% 38%",рука 150–196 · поле 100–142 · коллекция 158–190 · модалка 300–380 · пак 122–164,Аура: +1 карта в начале вашего хода. Действует до конца игры. Руну нельзя уничтожить обычными заклинаниями.,«Свет не спорит с тьмой. Он просто приходит.»,Resources/Cards/Ethereal/eth_r07.png
eth_r08,Лунный мираж,Ethereal,Rune,Rare,1,,,1.15,1.15,1.15,,-2.05,512×720,512x720,512×432 (x0 y72–x512 y504 | 10–70% высоты),430×374 (x41 y101–x471 y475),"центр сюжета (256,274) object-position 50% 38%",рука 150–196 · поле 100–142 · коллекция 158–190 · модалка 300–380 · пак 122–164,Аура: -1 к атаке вражеских существ. Действует до конца игры. Руну нельзя уничтожить обычными заклинаниями.,«Тишина перед бурей — это тоже буря.»,Resources/Cards/Ethereal/eth_r08.png
eth_r09,Астральный портал,Ethereal,Rune,Epic,1,,,1.15,1.15,1.15,,-2.05,512×720,512x720,512×432 (x0 y72–x512 y504 | 10–70% высоты),430×374 (x41 y101–x471 y475),"центр сюжета (256,274) object-position 50% 38%",рука 150–196 · поле 100–142 · коллекция 158–190 · модалка 300–380 · пак 122–164,Аура: -1 к атаке вражеских существ. Действует до конца игры. Руну нельзя уничтожить обычными заклинаниями.,"«Эхо помнит даже то, что Цитадель предпочла забыть.»",Resources/Cards/Ethereal/eth_r09.png
eth_r10,Звёздный вуаль,Ethereal,Rune,Common,1,,,2.38,2.38,2.38,,-0.82,512×720,512x720,512×432 (x0 y72–x512 y504 | 10–70% высоты),430×374 (x41 y101–x471 y475),"центр сюжета (256,274) object-position 50% 38%",рука 150–196 · поле 100–142 · коллекция 158–190 · модалка 300–380 · пак 122–164,В начале вашего хода: Заморозьте всех врагов на 1 ход(а). Длительность: 4 ход(а). Руну нельзя уничтожить обычными заклинаниями.,«Руины — это не конец. Это черновик.»,Resources/Cards/Ethereal/eth_r10.png
eth_r11,Сумеречный маяк,Ethereal,Rune,Common,1,,,2.6,2.6,2.6,,-0.6,512×720,512x720,512×432 (x0 y72–x512 y504 | 10–70% высоты),430×374 (x41 y101–x471 y475),"центр сюжета (256,274) object-position 50% 38%",рука 150–196 · поле 100–142 · коллекция 158–190 · модалка 300–380 · пак 122–164,Аура: +1 к максимуму маны. Действует до конца игры. Руну нельзя уничтожить обычными заклинаниями.,«Пепел честнее золота: он не притворяется.»,Resources/Cards/Ethereal/eth_r11.png
eth_s01,Шёпот,Ethereal,Spell,Common,1,,,1.0,1.0,1.0,,-2.2,512×720,512x720,512×432 (x0 y72–x512 y504 | 10–70% высоты),430×374 (x41 y101–x471 y475),"центр сюжета (256,274) object-position 50% 38%",рука 150–196 · поле 100–142 · коллекция 158–190 · модалка 300–380 · пак 122–164,Возьмите 1 карт(у); Противник берёт 1 карт(у).,"«Ты видишь нас ровно настолько, насколько мы это позволяем.»",Resources/Cards/Ethereal/eth_s01.png
eth_s02,Вуаль тумана,Ethereal,Spell,Common,2,,,2.0,1.0,2.0,,-3.2,512×720,512x720,512×432 (x0 y72–x512 y504 | 10–70% высоты),430×374 (x41 y101–x471 y475),"центр сюжета (256,274) object-position 50% 38%",рука 150–196 · поле 100–142 · коллекция 158–190 · модалка 300–380 · пак 122–164,Верните в руку (вражеское существо).,"«Ветер всегда знает, где открыто.»",Resources/Cards/Ethereal/eth_s02.png
eth_s03,Иллюзорный двойник,Ethereal,Spell,Common,2,,,3.0,1.5,3.0,,-2.2,512×720,512x720,512×432 (x0 y72–x512 y504 | 10–70% высоты),430×374 (x41 y101–x471 y475),"центр сюжета (256,274) object-position 50% 38%",рука 150–196 · поле 100–142 · коллекция 158–190 · модалка 300–380 · пак 122–164,+2 к атаке (ваше существо); Щит на 1 ход(а) (ваше существо).,«Мы не сражаемся. Мы переписываем результат.»,Resources/Cards/Ethereal/eth_s03.png
eth_s04,Похищение разума,Ethereal,Spell,Common,3,,,4.0,1.333,4.0,,-3.2,512×720,512x720,512×432 (x0 y72–x512 y504 | 10–70% высоты),430×374 (x41 y101–x471 y475),"центр сюжета (256,274) object-position 50% 38%",рука 150–196 · поле 100–142 · коллекция 158–190 · модалка 300–380 · пак 122–164,Украдите 2 случайную(ых) карту(ы) из руки противника.,"«Ты видишь нас ровно настолько, насколько мы это позволяем.»",Resources/Cards/Ethereal/eth_s04.png
eth_s05,Ледяной ветер,Ethereal,Spell,Common,3,,,4.84,1.613,4.84,,-2.36,512×720,512x720,512×432 (x0 y72–x512 y504 | 10–70% высоты),430×374 (x41 y101–x471 y475),"центр сюжета (256,274) object-position 50% 38%",рука 150–196 · поле 100–142 · коллекция 158–190 · модалка 300–380 · пак 122–164,Заморозьте всех врагов на 1 ход(а); Нанесите 1 урона всем вражеским существам.,«Мы не сражаемся. Мы переписываем результат.»,Resources/Cards/Ethereal/eth_s05.png
eth_s06,Серебряная клетка,Ethereal,Spell,Rare,4,,,3.2,0.8,3.2,,-6.0,512×720,512x720,512×432 (x0 y72–x512 y504 | 10–70% высоты),430×374 (x41 y101–x471 y475),"центр сюжета (256,274) object-position 50% 38%",рука 150–196 · поле 100–142 · коллекция 158–190 · модалка 300–380 · пак 122–164,Немота на (вражеское существо); Верните в руку (вражеское существо).,«Туман берёт своё без единого звука.»,Resources/Cards/Ethereal/eth_s06.png
eth_s07,Ветер перемен,Ethereal,Spell,Rare,5,,,3.8,0.76,3.8,,-7.4,512×720,512x720,512×432 (x0 y72–x512 y504 | 10–70% высоты),430×374 (x41 y101–x471 y475),"центр сюжета (256,274) object-position 50% 38%",рука 150–196 · поле 100–142 · коллекция 158–190 · модалка 300–380 · пак 122–164,Верните с наибольшей атакой в руку (вражеское существо); Возьмите 1 карт(у).,"«Серебро отражает. Даже то, чего нет.»",Resources/Cards/Ethereal/eth_s07.png
eth_s08,Абсолютная иллюзия,Ethereal,Spell,Rare,6,,,6.25,1.042,6.25,,-6.95,512×720,512x720,512×432 (x0 y72–x512 y504 | 10–70% высоты),430×374 (x41 y101–x471 y475),"центр сюжета (256,274) object-position 50% 38%",рука 150–196 · поле 100–142 · коллекция 158–190 · модалка 300–380 · пак 122–164,Ритуал: разрешается в начале вашего следующего хода. Перехватите (вражеское существо).,"«Тебя не ударили. Ты просто забыл, что уже был ранен.»",Resources/Cards/Ethereal/eth_s08.png
eth_s09,Танец тысячи вуалей,Ethereal,Spell,Epic,7,,,12.0,1.714,12.0,,-3.2,512×720,512x720,512×432 (x0 y72–x512 y504 | 10–70% высоты),430×374 (x41 y101–x471 y475),"центр сюжета (256,274) object-position 50% 38%",рука 150–196 · поле 100–142 · коллекция 158–190 · модалка 300–380 · пак 122–164,Ритуал: разрешается в начале вашего следующего хода. Украдите 2 случайную(ых) карту(ы) из руки противника; Верните случайное (2 шт.) в руку (вражеское существо); Возьмите 2 карт(у).,"«Украсть проще, чем заработать.»",Resources/Cards/Ethereal/eth_s09.png
eth_s10,Лунный маяк,Aurites,Spell,Epic,2,,,7.68,3.84,7.68,,2.48,512×720,512x720,512×432 (x0 y72–x512 y504 | 10–70% высоты),430×374 (x41 y101–x471 y475),"центр сюжета (256,274) object-position 50% 38%",рука 150–196 · поле 100–142 · коллекция 158–190 · модалка 300–380 · пак 122–164,Нанесите 1 урона всем вражеским существам.,«Тишина перед бурей — это тоже буря.»,Resources/Cards/Aurites/eth_s10.png
eth_s11,Фантомный сонм,Ethereal,Spell,Common,2,,,5.6,2.8,5.6,,0.4,512×720,512x720,512×432 (x0 y72–x512 y504 | 10–70% высоты),430×374 (x41 y101–x471 y475),"центр сюжета (256,274) object-position 50% 38%",рука 150–196 · поле 100–142 · коллекция 158–190 · модалка 300–380 · пак 122–164,Верните с наибольшей атакой в руку (вражеское существо); Возьмите 1 карт(у).,«Между ударами сердца есть дверь. Я видел её.»,Resources/Cards/Ethereal/eth_s11.png
eth_s12,Эфирный скиталец,Necrus,Spell,Legendary,2,,,7.51,3.755,7.51,,2.31,512×720,512x720,512×432 (x0 y72–x512 y504 | 10–70% высоты),430×374 (x41 y101–x471 y475),"центр сюжета (256,274) object-position 50% 38%",рука 150–196 · поле 100–142 · коллекция 158–190 · модалка 300–380 · пак 122–164,Наносит 3 урона (вражеское существо); Яд на 1 ход(а) (вражеское существо).,"«Эхо помнит даже то, что Цитадель предпочла забыть.»",Resources/Cards/Necrus/eth_s12.png
eth_s13,Туманный портал,Pyromancer,Spell,Common,2,,,5.84,2.92,5.84,,0.64,512×720,512x720,512×432 (x0 y72–x512 y504 | 10–70% высоты),430×374 (x41 y101–x471 y475),"центр сюжета (256,274) object-position 50% 38%",рука 150–196 · поле 100–142 · коллекция 158–190 · модалка 300–380 · пак 122–164,Наносит 2 урона (вражеский герой); Нанесите 1 урона всем вражеским существам.,"«Цена силы — след, который она оставляет.»",Resources/Cards/Pyromancer/eth_s13.png
eth_s14,Сумеречный мираж,Ethereal,Spell,Common,1,,,2.0,2.0,2.0,,-1.2,512×720,512x720,512×432 (x0 y72–x512 y504 | 10–70% высоты),430×374 (x41 y101–x471 y475),"центр сюжета (256,274) object-position 50% 38%",рука 150–196 · поле 100–142 · коллекция 158–190 · модалка 300–380 · пак 122–164,Верните в руку (вражеское существо).,«Корни глубже стен. Всегда глубже.»,Resources/Cards/Ethereal/eth_s14.png
eth_s15,Туманный мираж,Ethereal,Spell,Common,1,,,6.25,6.25,6.25,,3.05,512×720,512x720,512×432 (x0 y72–x512 y504 | 10–70% высоты),430×374 (x41 y101–x471 y475),"центр сюжета (256,274) object-position 50% 38%",рука 150–196 · поле 100–142 · коллекция 158–190 · модалка 300–380 · пак 122–164,Ритуал: разрешается в начале вашего следующего хода. Перехватите (вражеское существо).,«Руины — это не конец. Это черновик.»,Resources/Cards/Ethereal/eth_s15.png
eth_s16,Астральный маяк,Ethereal,Spell,Rare,1,,,7.5,7.5,7.5,,4.3,512×720,512x720,512×432 (x0 y72–x512 y504 | 10–70% высоты),430×374 (x41 y101–x471 y475),"центр сюжета (256,274) object-position 50% 38%",рука 150–196 · поле 100–142 · коллекция 158–190 · модалка 300–380 · пак 122–164,Украдите 2 случайную(ых) карту(ы) из руки противника.,«Корни глубже стен. Всегда глубже.»,Resources/Cards/Ethereal/eth_s16.png
eth_s17,Туманный маяк,Ethereal,Spell,Rare,1,,,2.5,2.5,2.5,,-0.7,512×720,512x720,512×432 (x0 y72–x512 y504 | 10–70% высоты),430×374 (x41 y101–x471 y475),"центр сюжета (256,274) object-position 50% 38%",рука 150–196 · поле 100–142 · коллекция 158–190 · модалка 300–380 · пак 122–164,Украдите 2 случайную(ых) карту(ы) из руки противника.,«Свет не спорит с тьмой. Он просто приходит.»,Resources/Cards/Ethereal/eth_s17.png
eth_s18,Мерцающий сонм,Ethereal,Spell,Rare,1,,,2.0,2.0,2.0,,-1.2,512×720,512x720,512×432 (x0 y72–x512 y504 | 10–70% высоты),430×374 (x41 y101–x471 y475),"центр сюжета (256,274) object-position 50% 38%",рука 150–196 · поле 100–142 · коллекция 158–190 · модалка 300–380 · пак 122–164,Верните в руку (вражеское существо).,«Корни глубже стен. Всегда глубже.»,Resources/Cards/Ethereal/eth_s18.png
grm_01,Гремлин-шнырь,Pyromancer,Creature,Common,1,2,1,4.2,4.2,1.2,,1.0,512×720,512x720,512×432 (x0 y72–x512 y504 | 10–70% высоты),430×374 (x41 y101–x471 y475),"центр сюжета (256,274) object-position 50% 38%",рука 150–196 · поле 100–142 · коллекция 158–190 · модалка 300–380 · пак 122–164,"Рывок. Мелкий, быстрый, противный.","«Яд не спешит: он знает, куда идёт.»",Resources/Cards/Pyromancer/grm_01.png
grm_02,Гремлин-искра,Pyromancer,Creature,Common,1,1,1,3.4,3.4,1.4,,0.2,512×720,512x720,512×432 (x0 y72–x512 y504 | 10–70% высоты),430×374 (x41 y101–x471 y475),"центр сюжета (256,274) object-position 50% 38%",рука 150–196 · поле 100–142 · коллекция 158–190 · модалка 300–380 · пак 122–164,Боевой клич: 1 урона герою противника.,"«Цена силы — след, который она оставляет.»",Resources/Cards/Pyromancer/grm_02.png
grm_03,Налётчик стаи,Pyromancer,Creature,Common,2,3,1,5.2,2.6,1.2,,0.0,512×720,512x720,512×432 (x0 y72–x512 y504 | 10–70% высоты),430×374 (x41 y101–x471 y475),"центр сюжета (256,274) object-position 50% 38%",рука 150–196 · поле 100–142 · коллекция 158–190 · модалка 300–380 · пак 122–164,Рывок. Первый в волне.,«Свет не спорит с тьмой. Он просто приходит.»,Resources/Cards/Pyromancer/grm_03.png
grm_04,Гремлин-двойняшка,Pyromancer,Creature,Common,2,2,2,6.2,3.1,2.2,,1.0,512×720,512x720,512×432 (x0 y72–x512 y504 | 10–70% высоты),430×374 (x41 y101–x471 y475),"центр сюжета (256,274) object-position 50% 38%",рука 150–196 · поле 100–142 · коллекция 158–190 · модалка 300–380 · пак 122–164,"Буря. Бьёт дважды, смеётся четырежды.",«Пепел честнее золота: он не притворяется.»,Resources/Cards/Pyromancer/grm_04.png
grm_05,Рвач добычи,Pyromancer,Creature,Common,3,4,2,7.2,2.4,1.2,,0.0,512×720,512x720,512×432 (x0 y72–x512 y504 | 10–70% высоты),430×374 (x41 y101–x471 y475),"центр сюжета (256,274) object-position 50% 38%",рука 150–196 · поле 100–142 · коллекция 158–190 · модалка 300–380 · пак 122–164,"Рывок. Тащит всё, что блестит.","«Яд не спешит: он знает, куда идёт.»",Resources/Cards/Pyromancer/grm_05.png
grm_06,Вожак налёта,Pyromancer,Creature,Common,3,3,3,8.14,2.713,2.14,,0.94,512×720,512x720,512×432 (x0 y72–x512 y504 | 10–70% высоты),430×374 (x41 y101–x471 y475),"центр сюжета (256,274) object-position 50% 38%",рука 150–196 · поле 100–142 · коллекция 158–190 · модалка 300–380 · пак 122–164,Боевой клич: призовите «Гремлин-налётчик» 1/1 с Рывком.,"«Цена силы — след, который она оставляет.»",Resources/Cards/Pyromancer/grm_06.png
grm_07,Трущобный нож,Pyromancer,Creature,Uncommon,2,2,2,5.1,2.55,1.1,,-0.1,512×720,512x720,512×432 (x0 y72–x512 y504 | 10–70% высоты),430×374 (x41 y101–x471 y475),"центр сюжета (256,274) object-position 50% 38%",рука 150–196 · поле 100–142 · коллекция 158–190 · модалка 300–380 · пак 122–164,Неуловимость. Шнырь в переулках.,«Свет не спорит с тьмой. Он просто приходит.»,Resources/Cards/Pyromancer/grm_07.png
grm_08,Гремлин-подрывник,Pyromancer,Creature,Uncommon,4,4,4,11.5,2.875,3.5,,2.3,512×720,512x720,512×432 (x0 y72–x512 y504 | 10–70% высоты),430×374 (x41 y101–x471 y475),"центр сюжета (256,274) object-position 50% 38%",рука 150–196 · поле 100–142 · коллекция 158–190 · модалка 300–380 · пак 122–164,Рывок. Боевой клич: 2 урона существу.,«Пепел честнее золота: он не притворяется.»,Resources/Cards/Pyromancer/grm_08.png
grm_09,Бешеный резак,Pyromancer,Creature,Rare,3,3,2,8.4,2.8,3.4,,1.2,512×720,512x720,512×432 (x0 y72–x512 y504 | 10–70% высоты),430×374 (x41 y101–x471 y475),"центр сюжета (256,274) object-position 50% 38%",рука 150–196 · поле 100–142 · коллекция 158–190 · модалка 300–380 · пак 122–164,"Рывок, Буря. Четыре удара на третьем ходу.","«Яд не спешит: он знает, куда идёт.»",Resources/Cards/Pyromancer/grm_09.png
grm_10,Клич стаи,Pyromancer,Creature,Rare,5,5,4,12.78,2.556,3.78,,1.58,512×720,512x720,512×432 (x0 y72–x512 y504 | 10–70% высоты),430×374 (x41 y101–x471 y475),"центр сюжета (256,274) object-position 50% 38%",рука 150–196 · поле 100–142 · коллекция 158–190 · модалка 300–380 · пак 122–164,Боевой клич: призовите двух «Гремлин-налётчик» 1/1.,"«Цена силы — след, который она оставляет.»",Resources/Cards/Pyromancer/grm_10.png
grm_11,Гремлин-бунт,Pyromancer,Spell,Rare,4,,,7.68,1.92,7.68,,-1.52,512×720,512x720,512×432 (x0 y72–x512 y504 | 10–70% высоты),430×374 (x41 y101–x471 y475),"центр сюжета (256,274) object-position 50% 38%",рука 150–196 · поле 100–142 · коллекция 158–190 · модалка 300–380 · пак 122–164,2 урона всем существам противника: стая грызёт всё.,«Свет не спорит с тьмой. Он просто приходит.»,Resources/Cards/Pyromancer/grm_11.png
grm_12,Вождь Гремлинов,Pyromancer,Creature,Legendary,6,6,5,14.4,2.4,3.4,,1.2,512×720,512x720,512×432 (x0 y72–x512 y504 | 10–70% высоты),430×374 (x41 y101–x471 y475),"центр сюжета (256,274) object-position 50% 38%",рука 150–196 · поле 100–142 · коллекция 158–190 · модалка 300–380 · пак 122–164,"Рывок, Буря. Приказ: жги и беги.",«Пепел честнее золота: он не притворяется.»,Resources/Cards/Pyromancer/grm_12.png
grm_13,Угольная искра,Pyromancer,Spell,Common,1,,,2.0,2.0,2.0,,-1.2,512×720,512x720,512×432 (x0 y72–x512 y504 | 10–70% высоты),430×374 (x41 y101–x471 y475),"центр сюжета (256,274) object-position 50% 38%",рука 150–196 · поле 100–142 · коллекция 158–190 · модалка 300–380 · пак 122–164,2 урона существу. Пахнет палёной шерстью.,"«Яд не спешит: он знает, куда идёт.»",Resources/Cards/Pyromancer/grm_13.png
grm_14,Ярость стаи,Pyromancer,Spell,Uncommon,2,,,2.0,1.0,2.0,,-3.2,512×720,512x720,512×432 (x0 y72–x512 y504 | 10–70% высоты),430×374 (x41 y101–x471 y475),"центр сюжета (256,274) object-position 50% 38%",рука 150–196 · поле 100–142 · коллекция 158–190 · модалка 300–380 · пак 122–164,+2 атаки вашему существу. Стая воет.,"«Цена силы — след, который она оставляет.»",Resources/Cards/Pyromancer/grm_14.png
meh_01,Мех-труженик,Aurites,Creature,Common,1,1,2,3.0,3.0,0.0,,-0.2,512×720,512x720,512×432 (x0 y72–x512 y504 | 10–70% высоты),430×374 (x41 y101–x471 y475),"центр сюжета (256,274) object-position 50% 38%",рука 150–196 · поле 100–142 · коллекция 158–190 · модалка 300–380 · пак 122–164,Роботизированный корпус: дёшев и надёжен.,"«Цена силы — след, который она оставляет.»",Resources/Cards/Aurites/meh_01.png
meh_02,Скутер-ломщик,Aurites,Creature,Common,1,2,1,4.2,4.2,1.2,,1.0,512×720,512x720,512×432 (x0 y72–x512 y504 | 10–70% высоты),430×374 (x41 y101–x471 y475),"центр сюжета (256,274) object-position 50% 38%",рука 150–196 · поле 100–142 · коллекция 158–190 · модалка 300–380 · пак 122–164,"Рывок. Ломает раньше, чем думает.",«Свет не спорит с тьмой. Он просто приходит.»,Resources/Cards/Aurites/meh_02.png
meh_03,Протокол «Страж»,Aurites,Creature,Common,2,2,3,5.7,2.85,0.7,,0.5,512×720,512x720,512×432 (x0 y72–x512 y504 | 10–70% высоты),430×374 (x41 y101–x471 y475),"центр сюжета (256,274) object-position 50% 38%",рука 150–196 · поле 100–142 · коллекция 158–190 · модалка 300–380 · пак 122–164,Таунт. Линия охраны мануфактории.,«Пепел честнее золота: он не притворяется.»,Resources/Cards/Aurites/meh_03.png
meh_04,Штурмовой корпус,Aurites,Creature,Common,2,2,2,5.2,2.6,1.2,,0.0,512×720,512x720,512×432 (x0 y72–x512 y504 | 10–70% высоты),430×374 (x41 y101–x471 y475),"центр сюжета (256,274) object-position 50% 38%",рука 150–196 · поле 100–142 · коллекция 158–190 · модалка 300–380 · пак 122–164,Рывок. Стандартный штурмовой мех.,"«Яд не спешит: он знает, куда идёт.»",Resources/Cards/Aurites/meh_04.png
meh_05,Инженер Сборки,Aurites,Creature,Common,3,3,3,7.49,2.497,1.49,,0.29,512×720,512x720,512×432 (x0 y72–x512 y504 | 10–70% высоты),430×374 (x41 y101–x471 y475),"центр сюжета (256,274) object-position 50% 38%",рука 150–196 · поле 100–142 · коллекция 158–190 · модалка 300–380 · пак 122–164,Боевой клич: призовите «Мех-обломок» 1/1.,"«Цена силы — след, который она оставляет.»",Resources/Cards/Aurites/meh_05.png
meh_06,Обшивщик броней,Aurites,Creature,Common,3,2,4,8.42,2.807,2.42,,1.22,512×720,512x720,512×432 (x0 y72–x512 y504 | 10–70% высоты),430×374 (x41 y101–x471 y475),"центр сюжета (256,274) object-position 50% 38%",рука 150–196 · поле 100–142 · коллекция 158–190 · модалка 300–380 · пак 122–164,Боевой клич: случайный ваш персонаж получает Щит.,«Свет не спорит с тьмой. Он просто приходит.»,Resources/Cards/Aurites/meh_06.png
meh_07,Ремонтный дрон,Aurites,Creature,Common,4,3,5,8.7,2.175,0.7,,-0.5,512×720,512x720,512×432 (x0 y72–x512 y504 | 10–70% высоты),430×374 (x41 y101–x471 y475),"центр сюжета (256,274) object-position 50% 38%",рука 150–196 · поле 100–142 · коллекция 158–190 · модалка 300–380 · пак 122–164,Таунт. Чинит линию между ударами.,«Пепел честнее золота: он не притворяется.»,Resources/Cards/Aurites/meh_07.png
meh_08,Мех-громила,Aurites,Creature,Uncommon,3,4,3,8.2,2.733,1.2,,1.0,512×720,512x720,512×432 (x0 y72–x512 y504 | 10–70% высоты),430×374 (x41 y101–x471 y475),"центр сюжета (256,274) object-position 50% 38%",рука 150–196 · поле 100–142 · коллекция 158–190 · модалка 300–380 · пак 122–164,"Рывок. Тяжёлая походка, тяжёлые кулаки.","«Яд не спешит: он знает, куда идёт.»",Resources/Cards/Aurites/meh_08.png
meh_09,Конвейерный боец,Aurites,Creature,Uncommon,4,3,4,8.49,2.123,1.49,,-0.71,512×720,512x720,512×432 (x0 y72–x512 y504 | 10–70% высоты),430×374 (x41 y101–x471 y475),"центр сюжета (256,274) object-position 50% 38%",рука 150–196 · поле 100–142 · коллекция 158–190 · модалка 300–380 · пак 122–164,Боевой клич: призовите «Мех-обломок» 1/1.,"«Цена силы — след, который она оставляет.»",Resources/Cards/Aurites/meh_09.png
meh_10,Осадный шагоход,Aurites,Creature,Rare,4,4,4,10.2,2.55,2.2,,1.0,512×720,512x720,512×432 (x0 y72–x512 y504 | 10–70% высоты),430×374 (x41 y101–x471 y475),"центр сюжета (256,274) object-position 50% 38%",рука 150–196 · поле 100–142 · коллекция 158–190 · модалка 300–380 · пак 122–164,"Рывок, Прорыв. Стены — деталь ландшафта.",«Свет не спорит с тьмой. Он просто приходит.»,Resources/Cards/Aurites/meh_10.png
meh_11,Бастион Мануфактории,Aurites,Creature,Rare,6,5,7,14.1,2.35,2.1,,0.9,512×720,512x720,512×432 (x0 y72–x512 y504 | 10–70% высоты),430×374 (x41 y101–x471 y475),"центр сюжета (256,274) object-position 50% 38%",рука 150–196 · поле 100–142 · коллекция 158–190 · модалка 300–380 · пак 122–164,Боевой клич: все ваши существа получают Щит.,«Пепел честнее золота: он не притворяется.»,Resources/Cards/Aurites/meh_11.png
meh_12,Паровой потрошитель,Aurites,Creature,Uncommon,5,5,5,12.2,2.44,2.2,,1.0,512×720,512x720,512×432 (x0 y72–x512 y504 | 10–70% высоты),430×374 (x41 y101–x471 y475),"центр сюжета (256,274) object-position 50% 38%",рука 150–196 · поле 100–142 · коллекция 158–190 · модалка 300–380 · пак 122–164,Буря. Два удара за такт котла.,"«Яд не спешит: он знает, куда идёт.»",Resources/Cards/Aurites/meh_12.png
meh_13,Перегрев,Aurites,Spell,Common,2,,,3.0,1.5,3.0,,-2.2,512×720,512x720,512×432 (x0 y72–x512 y504 | 10–70% высоты),430×374 (x41 y101–x471 y475),"центр сюжета (256,274) object-position 50% 38%",рука 150–196 · поле 100–142 · коллекция 158–190 · модалка 300–380 · пак 122–164,Дайте +3 атаки вашему существу. Шестерни воют.,"«Цена силы — след, который она оставляет.»",Resources/Cards/Aurites/meh_13.png
meh_14,Титан Мануфактории,Aurites,Creature,Legendary,8,8,8,18.9,2.362,2.9,,1.7,512×720,512x720,512×432 (x0 y72–x512 y504 | 10–70% высоты),430×374 (x41 y101–x471 y475),"центр сюжета (256,274) object-position 50% 38%",рука 150–196 · поле 100–142 · коллекция 158–190 · модалка 300–380 · пак 122–164,"Таунт, Буря. Вершина часовой мысли.",«Свет не спорит с тьмой. Он просто приходит.»,Resources/Cards/Aurites/meh_14.png
nec_01,Костяной прислужник,Necrus,Creature,Common,1,3,2,5.0,5.0,0.0,,1.8,512×720,512x720,512×432 (x0 y72–x512 y504 | 10–70% высоты),430×374 (x41 y101–x471 y475),"центр сюжета (256,274) object-position 50% 38%",рука 150–196 · поле 100–142 · коллекция 158–190 · модалка 300–380 · пак 122–164,,"«Тьма щедра: она возвращает то, что свет отнял.»",Resources/Cards/Necrus/nec_01.png
nec_02,Склеповая крыса,Necrus,Creature,Common,1,1,2,5.34,5.34,2.34,,2.14,512×720,512x720,512×432 (x0 y72–x512 y504 | 10–70% высоты),430×374 (x41 y101–x471 y475),"центр сюжета (256,274) object-position 50% 38%",рука 150–196 · поле 100–142 · коллекция 158–190 · модалка 300–380 · пак 122–164,Боевой клич: Яд на 1 ход(а) (вражеское существо).,"«Ты умрёшь дважды: сначала в бою, потом в чужой руке.»",Resources/Cards/Necrus/nec_02.png
nec_03,Упырь-мародёр,Necrus,Creature,Common,2,3,3,7.3,3.65,1.3,,2.1,512×720,512x720,512×432 (x0 y72–x512 y504 | 10–70% высоты),430×374 (x41 y101–x471 y475),"центр сюжета (256,274) object-position 50% 38%",рука 150–196 · поле 100–142 · коллекция 158–190 · модалка 300–380 · пак 122–164,Вампиризм.,«Мы не грабим мёртвых. Мы берём взаймы.»,Resources/Cards/Necrus/nec_03.png
nec_04,Ламия Скорби,Necrus,Creature,Common,2,2,3,6.53,3.265,1.53,,1.33,512×720,512x720,512×432 (x0 y72–x512 y504 | 10–70% высоты),430×374 (x41 y101–x471 y475),"центр сюжета (256,274) object-position 50% 38%",рука 150–196 · поле 100–142 · коллекция 158–190 · модалка 300–380 · пак 122–164,Предсмертный хрип: Возьмите 1 карт(у). Предсмертный хрип.,"«Ты умрёшь дважды: сначала в бою, потом в чужой руке.»",Resources/Cards/Necrus/nec_04.png
nec_05,Могильный жнец,Necrus,Creature,Common,3,4,4,9.2,3.067,1.2,,2.0,512×720,512x720,512×432 (x0 y72–x512 y504 | 10–70% высоты),430×374 (x41 y101–x471 y475),"центр сюжета (256,274) object-position 50% 38%",рука 150–196 · поле 100–142 · коллекция 158–190 · модалка 300–380 · пак 122–164,Рывок.,«Смерть — это просто смена хозяина.»,Resources/Cards/Necrus/nec_05.png
nec_06,Чумной разносчик,Necrus,Creature,Common,3,3,4,9.84,3.28,2.84,,2.64,512×720,512x720,512×432 (x0 y72–x512 y504 | 10–70% высоты),430×374 (x41 y101–x471 y475),"центр сюжета (256,274) object-position 50% 38%",рука 150–196 · поле 100–142 · коллекция 158–190 · модалка 300–380 · пак 122–164,Боевой клич: Яд на 1 ход(а) (вражеское существо). Боевой клич.,"«Мы любим гостей. Особенно тех, кто остаётся.»",Resources/Cards/Necrus/nec_06.png
nec_07,Полуночный душитель,Necrus,Creature,Common,3,4,4,8.0,2.667,0.0,,0.8,512×720,512x720,512×432 (x0 y72–x512 y504 | 10–70% высоты),430×374 (x41 y101–x471 y475),"центр сюжета (256,274) object-position 50% 38%",рука 150–196 · поле 100–142 · коллекция 158–190 · модалка 300–380 · пак 122–164,,"«Тьма щедра: она возвращает то, что свет отнял.»",Resources/Cards/Necrus/nec_07.png
nec_08,Кровавый архонт,Necrus,Creature,Common,4,5,5,11.3,2.825,1.3,,2.1,512×720,512x720,512×432 (x0 y72–x512 y504 | 10–70% высоты),430×374 (x41 y101–x471 y475),"центр сюжета (256,274) object-position 50% 38%",рука 150–196 · поле 100–142 · коллекция 158–190 · модалка 300–380 · пак 122–164,Вампиризм.,"«Кровь помнит всё. Особенно тех, кто её пролил.»",Resources/Cards/Necrus/nec_08.png
nec_09,Некромант Склепа,Necrus,Creature,Common,4,4,5,10.49,2.623,1.49,,1.29,512×720,512x720,512×432 (x0 y72–x512 y504 | 10–70% высоты),430×374 (x41 y101–x471 y475),"центр сюжета (256,274) object-position 50% 38%",рука 150–196 · поле 100–142 · коллекция 158–190 · модалка 300–380 · пак 122–164,Боевой клич: Призовите «Скелет-прислужник» 1/1. Боевой клич.,"«Жатва не спрашивает, колос ты или сорняк.»",Resources/Cards/Necrus/nec_09.png
nec_10,Пожиратель праха,Necrus,Creature,Common,4,5,5,12.1,3.025,2.1,,2.9,512×720,512x720,512×432 (x0 y72–x512 y504 | 10–70% высоты),430×374 (x41 y101–x471 y475),"центр сюжета (256,274) object-position 50% 38%",рука 150–196 · поле 100–142 · коллекция 158–190 · модалка 300–380 · пак 122–164,Боевой клич: Наносит 1 урона (ваш герой). Рывок.,"«Тьма щедра: она возвращает то, что свет отнял.»",Resources/Cards/Necrus/nec_10.png
nec_11,Лихо Болотное,Necrus,Creature,Rare,5,4,6,16.53,3.306,6.53,,5.33,512×720,512x720,512×432 (x0 y72–x512 y504 | 10–70% высоты),430×374 (x41 y101–x471 y475),"центр сюжета (256,274) object-position 50% 38%",рука 150–196 · поле 100–142 · коллекция 158–190 · модалка 300–380 · пак 122–164,Предсмертный хрип: Нанесите 2 урона всем вражеским существам. Предсмертный хрип.,"«Мы любим гостей. Особенно тех, кто остаётся.»",Resources/Cards/Necrus/nec_11.png
nec_12,Вурдалак-охотник,Necrus,Creature,Rare,5,6,6,13.3,2.66,1.3,,2.1,512×720,512x720,512×432 (x0 y72–x512 y504 | 10–70% высоты),430×374 (x41 y101–x471 y475),"центр сюжета (256,274) object-position 50% 38%",рука 150–196 · поле 100–142 · коллекция 158–190 · модалка 300–380 · пак 122–164,Вампиризм.,"«Кровь помнит всё. Особенно тех, кто её пролил.»",Resources/Cards/Necrus/nec_12.png
nec_13,Костяной дракон,Necrus,Creature,Rare,6,5,7,17.09,2.848,5.09,,3.89,512×720,512x720,512×432 (x0 y72–x512 y504 | 10–70% высоты),430×374 (x41 y101–x471 y475),"центр сюжета (256,274) object-position 50% 38%",рука 150–196 · поле 100–142 · коллекция 158–190 · модалка 300–380 · пак 122–164,Боевой клич: Наносит 3 урона (вражеское существо); Восстановите 3 здоровья (ваш герой). Боевой клич.,"«Ты умрёшь дважды: сначала в бою, потом в чужой руке.»",Resources/Cards/Necrus/nec_13.png
nec_14,Владыка Могильника,Necrus,Creature,Epic,6,5,7,15.17,2.528,3.17,,1.97,512×720,512x720,512×432 (x0 y72–x512 y504 | 10–70% высоты),430×374 (x41 y101–x471 y475),"центр сюжета (256,274) object-position 50% 38%",рука 150–196 · поле 100–142 · коллекция 158–190 · модалка 300–380 · пак 122–164,Предсмертный хрип: Призовите «Скелет-прислужник» 1/1; Призовите «Скелет-прислужник» 1/1. Предсмертный хрип / Вампиризм.,"«Ты умрёшь дважды: сначала в бою, потом в чужой руке.»",Resources/Cards/Necrus/nec_14.png
nec_15,Жнец Тысячи Голосов,Necrus,Creature,Legendary,7,6,8,20.9,2.986,6.9,,5.7,512×720,512x720,512×432 (x0 y72–x512 y504 | 10–70% высоты),430×374 (x41 y101–x471 y475),"центр сюжета (256,274) object-position 50% 38%",рука 150–196 · поле 100–142 · коллекция 158–190 · модалка 300–380 · пак 122–164,В начале вашего хода: Украдите 1 случайную(ых) карту(ы) из руки противника. Вампиризм / Рывок.,"«Кровь помнит всё. Особенно тех, кто её пролил.»",Resources/Cards/Necrus/nec_15.png
nec_31,Гниющий упырь,Necrus,Creature,Epic,4,4,3,10.0,2.5,3.0,,0.8,512×720,512x720,512×432 (x0 y72–x512 y504 | 10–70% высоты),430×374 (x41 y101–x471 y475),"центр сюжета (256,274) object-position 50% 38%",рука 150–196 · поле 100–142 · коллекция 158–190 · модалка 300–380 · пак 122–164,Боевой клич: Наносит 1 урона (ваш герой). Рывок.,"«Цена силы — след, который она оставляет.»",Resources/Cards/Necrus/nec_31.png
nec_32,Костяной упырь,Necrus,Creature,Common,4,4,4,9.3,2.325,1.3,,0.1,512×720,512x720,512×432 (x0 y72–x512 y504 | 10–70% высоты),430×374 (x41 y101–x471 y475),"центр сюжета (256,274) object-position 50% 38%",рука 150–196 · поле 100–142 · коллекция 158–190 · модалка 300–380 · пак 122–164,Вампиризм.,«Пепел честнее золота: он не притворяется.»,Resources/Cards/Necrus/nec_32.png
nec_33,Тленний саркофаг,Necrus,Creature,Epic,5,5,5,16.53,3.306,6.53,,5.33,512×720,512x720,512×432 (x0 y72–x512 y504 | 10–70% высоты),430×374 (x41 y101–x471 y475),"центр сюжета (256,274) object-position 50% 38%",рука 150–196 · поле 100–142 · коллекция 158–190 · модалка 300–380 · пак 122–164,Предсмертный хрип: Нанесите 2 урона всем вражеским существам. Предсмертный хрип.,"«Цена силы — след, который она оставляет.»",Resources/Cards/Necrus/nec_33.png
nec_34,Могильный саркофаг,Necrus,Creature,Common,7,5,8,19.9,2.843,6.9,,4.7,512×720,512x720,512×432 (x0 y72–x512 y504 | 10–70% высоты),430×374 (x41 y101–x471 y475),"центр сюжета (256,274) object-position 50% 38%",рука 150–196 · поле 100–142 · коллекция 158–190 · модалка 300–380 · пак 122–164,В начале вашего хода: Украдите 1 случайную(ых) карту(ы) из руки противника. Вампиризм / Рывок.,"«Эхо помнит даже то, что Цитадель предпочла забыть.»",Resources/Cards/Necrus/nec_34.png
nec_35,Могильный мародёр,Necrus,Creature,Rare,5,3,4,12.09,2.418,5.09,,0.89,512×720,512x720,512×432 (x0 y72–x512 y504 | 10–70% высоты),430×374 (x41 y101–x471 y475),"центр сюжета (256,274) object-position 50% 38%",рука 150–196 · поле 100–142 · коллекция 158–190 · модалка 300–380 · пак 122–164,Боевой клич: Наносит 3 урона (вражеское существо); Восстановите 3 здоровья (ваш герой). Боевой клич.,«Тишина перед бурей — это тоже буря.»,Resources/Cards/Necrus/nec_35.png
nec_36,Могильный некромант,Necrus,Creature,Common,4,4,4,9.49,2.373,1.49,,0.29,512×720,512x720,512×432 (x0 y72–x512 y504 | 10–70% высоты),430×374 (x41 y101–x471 y475),"центр сюжета (256,274) object-position 50% 38%",рука 150–196 · поле 100–142 · коллекция 158–190 · модалка 300–380 · пак 122–164,Боевой клич: Призовите «Скелет-прислужник» 1/1. Боевой клич.,«Пепел честнее золота: он не притворяется.»,Resources/Cards/Necrus/nec_36.png
nec_37,Тленний фетиш,Necrus,Creature,Legendary,4,3,5,9.49,2.373,1.49,,0.29,512×720,512x720,512×432 (x0 y72–x512 y504 | 10–70% высоты),430×374 (x41 y101–x471 y475),"центр сюжета (256,274) object-position 50% 38%",рука 150–196 · поле 100–142 · коллекция 158–190 · модалка 300–380 · пак 122–164,Боевой клич: Призовите «Скелет-прислужник» 1/1. Боевой клич.,«Свет не спорит с тьмой. Он просто приходит.»,Resources/Cards/Necrus/nec_37.png
nec_38,Гниющий фетиш,Necrus,Creature,Common,6,5,7,13.3,2.217,1.3,,0.1,512×720,512x720,512×432 (x0 y72–x512 y504 | 10–70% высоты),430×374 (x41 y101–x471 y475),"центр сюжета (256,274) object-position 50% 38%",рука 150–196 · поле 100–142 · коллекция 158–190 · модалка 300–380 · пак 122–164,Вампиризм.,«Руины — это не конец. Это черновик.»,Resources/Cards/Necrus/nec_38.png
nec_39,Вороний призрак,Necrus,Creature,Epic,2,2,2,5.53,2.765,1.53,,0.33,512×720,512x720,512×432 (x0 y72–x512 y504 | 10–70% высоты),430×374 (x41 y101–x471 y475),"центр сюжета (256,274) object-position 50% 38%",рука 150–196 · поле 100–142 · коллекция 158–190 · модалка 300–380 · пак 122–164,Предсмертный хрип: Возьмите 1 карт(у). Предсмертный хрип.,«Пепел честнее золота: он не притворяется.»,Resources/Cards/Necrus/nec_39.png
nec_40,Костяной саркофаг,Necrus,Creature,Common,2,2,2,5.3,2.65,1.3,,0.1,512×720,512x720,512×432 (x0 y72–x512 y504 | 10–70% высоты),430×374 (x41 y101–x471 y475),"центр сюжета (256,274) object-position 50% 38%",рука 150–196 · поле 100–142 · коллекция 158–190 · модалка 300–380 · пак 122–164,Вампиризм.,"«Эхо помнит даже то, что Цитадель предпочла забыть.»",Resources/Cards/Necrus/nec_40.png
nec_41,Чумной фетиш,Necrus,Creature,Common,1,1,1,3.53,3.53,1.53,,0.33,512×720,512x720,512×432 (x0 y72–x512 y504 | 10–70% высоты),430×374 (x41 y101–x471 y475),"центр сюжета (256,274) object-position 50% 38%",рука 150–196 · поле 100–142 · коллекция 158–190 · модалка 300–380 · пак 122–164,Предсмертный хрип: Возьмите 1 карт(у). Предсмертный хрип.,"«Эхо помнит даже то, что Цитадель предпочла забыть.»",Resources/Cards/Necrus/nec_41.png
nec_42,Тленний червь,Necrus,Creature,Common,3,4,3,7.0,2.333,0.0,,-0.2,512×720,512x720,512×432 (x0 y72–x512 y504 | 10–70% высоты),430×374 (x41 y101–x471 y475),"центр сюжета (256,274) object-position 50% 38%",рука 150–196 · поле 100–142 · коллекция 158–190 · модалка 300–380 · пак 122–164,,"«Эхо помнит даже то, что Цитадель предпочла забыть.»",Resources/Cards/Necrus/nec_42.png
nec_43,Вороний некромант,Necrus,Creature,Rare,7,5,5,15.72,2.246,5.72,,0.52,512×720,512x720,512×432 (x0 y72–x512 y504 | 10–70% высоты),430×374 (x41 y101–x471 y475),"центр сюжета (256,274) object-position 50% 38%",рука 150–196 · поле 100–142 · коллекция 158–190 · модалка 300–380 · пак 122–164,Боевой клич: Наносит 3 урона (вражеское существо); Восстановите 3 здоровья (ваш герой). Боевой клич.,«Между ударами сердца есть дверь. Я видел её.»,Resources/Cards/Necrus/nec_43.png
nec_44,Могильный червь,Necrus,Creature,Common,5,4,6,16.53,3.306,6.53,,5.33,512×720,512x720,512×432 (x0 y72–x512 y504 | 10–70% высоты),430×374 (x41 y101–x471 y475),"центр сюжета (256,274) object-position 50% 38%",рука 150–196 · поле 100–142 · коллекция 158–190 · модалка 300–380 · пак 122–164,Предсмертный хрип: Нанесите 2 урона всем вражеским существам. Предсмертный хрип.,«Тишина перед бурей — это тоже буря.»,Resources/Cards/Necrus/nec_44.png
nec_r01,Руна Крови,Necrus,Rune,Common,2,,,1.25,0.625,1.25,,-3.95,512×720,512x720,512×432 (x0 y72–x512 y504 | 10–70% высоты),430×374 (x41 y101–x471 y475),"центр сюжета (256,274) object-position 50% 38%",рука 150–196 · поле 100–142 · коллекция 158–190 · модалка 300–380 · пак 122–164,Аура: +1 к атаке ваших существ. Действует до конца игры. Руну нельзя уничтожить обычными заклинаниями.,«Смерть — это просто смена хозяина.»,Resources/Cards/Necrus/nec_r01.png
nec_r02,Руна Тлена,Necrus,Rune,Common,3,,,2.6,0.867,2.6,,-4.6,512×720,512x720,512×432 (x0 y72–x512 y504 | 10–70% высоты),430×374 (x41 y101–x471 y475),"центр сюжета (256,274) object-position 50% 38%",рука 150–196 · поле 100–142 · коллекция 158–190 · модалка 300–380 · пак 122–164,В начале вашего хода: Наносит 1 урона (вражеский герой). Действует до конца игры. Руну нельзя уничтожить обычными заклинаниями.,"«Жатва не спрашивает, колос ты или сорняк.»",Resources/Cards/Necrus/nec_r02.png
nec_r03,Руна Голода,Necrus,Rune,Rare,4,,,5.2,1.3,5.2,,-4.0,512×720,512x720,512×432 (x0 y72–x512 y504 | 10–70% высоты),430×374 (x41 y101–x471 y475),"центр сюжета (256,274) object-position 50% 38%",рука 150–196 · поле 100–142 · коллекция 158–190 · модалка 300–380 · пак 122–164,В начале вашего хода: Украдите 1 случайную(ых) карту(ы) из руки противника. Действует до конца игры. Руну нельзя уничтожить обычными заклинаниями.,«Мы не грабим мёртвых. Мы берём взаймы.»,Resources/Cards/Necrus/nec_r03.png
nec_r04,Руна Вечной Жатвы,Necrus,Rune,Rare,5,,,5.2,1.04,5.2,,-6.0,512×720,512x720,512×432 (x0 y72–x512 y504 | 10–70% высоты),430×374 (x41 y101–x471 y475),"центр сюжета (256,274) object-position 50% 38%",рука 150–196 · поле 100–142 · коллекция 158–190 · модалка 300–380 · пак 122–164,Аура: +1 карта в начале вашего хода. Действует до конца игры. Руну нельзя уничтожить обычными заклинаниями.,"«Жатва не спрашивает, колос ты или сорняк.»",Resources/Cards/Necrus/nec_r04.png
nec_r05,Руна Некроза,Necrus,Rune,Rare,6,,,2.6,0.433,2.6,,-10.6,512×720,512x720,512×432 (x0 y72–x512 y504 | 10–70% высоты),430×374 (x41 y101–x471 y475),"центр сюжета (256,274) object-position 50% 38%",рука 150–196 · поле 100–142 · коллекция 158–190 · модалка 300–380 · пак 122–164,"В начале вашего хода: Подожгите всех врагов (2 урона, 2 ход(а)). Действует до конца игры. Руну нельзя уничтожить обычными заклинаниями.","«Мы любим гостей. Особенно тех, кто остаётся.»",Resources/Cards/Necrus/nec_r05.png
nec_r06,Руна Абсолютной Тьмы,Necrus,Rune,Rare,7,,,7.7,1.1,7.7,,-7.5,512×720,512x720,512×432 (x0 y72–x512 y504 | 10–70% высоты),430×374 (x41 y101–x471 y475),"центр сюжета (256,274) object-position 50% 38%",рука 150–196 · поле 100–142 · коллекция 158–190 · модалка 300–380 · пак 122–164,Аура: +2 к атаке ваших существ. В начале вашего хода: Наносит 2 урона (вражеский герой). Действует до конца игры. Руну нельзя уничтожить обычными заклинаниями.,«В склепе тихо. Это единственное честное место.»,Resources/Cards/Necrus/nec_r06.png
nec_r07,Гниющий жнец,Necrus,Rune,Epic,1,,,2.6,2.6,2.6,,-0.6,512×720,512x720,512×432 (x0 y72–x512 y504 | 10–70% высоты),430×374 (x41 y101–x471 y475),"центр сюжета (256,274) object-position 50% 38%",рука 150–196 · поле 100–142 · коллекция 158–190 · модалка 300–380 · пак 122–164,В начале вашего хода: Наносит 1 урона (вражеский герой). Действует до конца игры. Руну нельзя уничтожить обычными заклинаниями.,«Свет не спорит с тьмой. Он просто приходит.»,Resources/Cards/Necrus/nec_r07.png
nec_r08,Чумной червь,Necrus,Rune,Common,1,,,1.25,1.25,1.25,,-1.95,512×720,512x720,512×432 (x0 y72–x512 y504 | 10–70% высоты),430×374 (x41 y101–x471 y475),"центр сюжета (256,274) object-position 50% 38%",рука 150–196 · поле 100–142 · коллекция 158–190 · модалка 300–380 · пак 122–164,Аура: +1 к атаке ваших существ. Действует до конца игры. Руну нельзя уничтожить обычными заклинаниями.,«Тишина перед бурей — это тоже буря.»,Resources/Cards/Necrus/nec_r08.png
nec_r09,Склепный некромант,Necrus,Rune,Rare,1,,,2.6,2.6,2.6,,-0.6,512×720,512x720,512×432 (x0 y72–x512 y504 | 10–70% высоты),430×374 (x41 y101–x471 y475),"центр сюжета (256,274) object-position 50% 38%",рука 150–196 · поле 100–142 · коллекция 158–190 · модалка 300–380 · пак 122–164,"В начале вашего хода: Подожгите всех врагов (2 урона, 2 ход(а)). Действует до конца игры. Руну нельзя уничтожить обычными заклинаниями.",«Свет не спорит с тьмой. Он просто приходит.»,Resources/Cards/Necrus/nec_r09.png
nec_r10,Вороний червь,Necrus,Rune,Common,1,,,5.2,5.2,5.2,,2.0,512×720,512x720,512×432 (x0 y72–x512 y504 | 10–70% высоты),430×374 (x41 y101–x471 y475),"центр сюжета (256,274) object-position 50% 38%",рука 150–196 · поле 100–142 · коллекция 158–190 · модалка 300–380 · пак 122–164,Аура: +1 карта в начале вашего хода. Действует до конца игры. Руну нельзя уничтожить обычными заклинаниями.,"«Эхо помнит даже то, что Цитадель предпочла забыть.»",Resources/Cards/Necrus/nec_r10.png
nec_r11,Вороний жнец,Necrus,Rune,Common,1,,,5.2,5.2,5.2,,2.0,512×720,512x720,512×432 (x0 y72–x512 y504 | 10–70% высоты),430×374 (x41 y101–x471 y475),"центр сюжета (256,274) object-position 50% 38%",рука 150–196 · поле 100–142 · коллекция 158–190 · модалка 300–380 · пак 122–164,Аура: +1 карта в начале вашего хода. Действует до конца игры. Руну нельзя уничтожить обычными заклинаниями.,«Свет не спорит с тьмой. Он просто приходит.»,Resources/Cards/Necrus/nec_r11.png
nec_s01,Кровавый обмен,Necrus,Spell,Common,1,,,3.8,3.8,3.8,,0.6,512×720,512x720,512×432 (x0 y72–x512 y504 | 10–70% высоты),430×374 (x41 y101–x471 y475),"центр сюжета (256,274) object-position 50% 38%",рука 150–196 · поле 100–142 · коллекция 158–190 · модалка 300–380 · пак 122–164,Пожертвуйте своим существом с наименьшей суммой силы; Возьмите 2 карт(у); Восстановите 2 здоровья (ваш герой).,«В склепе тихо. Это единственное честное место.»,Resources/Cards/Necrus/nec_s01.png
nec_s02,Тлетворное касание,Necrus,Spell,Common,2,,,5.6,2.8,5.6,,0.4,512×720,512x720,512×432 (x0 y72–x512 y504 | 10–70% высоты),430×374 (x41 y101–x471 y475),"центр сюжета (256,274) object-position 50% 38%",рука 150–196 · поле 100–142 · коллекция 158–190 · модалка 300–380 · пак 122–164,Наносит 3 урона (вражеское существо); Яд на 1 ход(а) (вражеское существо).,"«Ты умрёшь дважды: сначала в бою, потом в чужой руке.»",Resources/Cards/Necrus/nec_s02.png
nec_s03,Кража души,Necrus,Spell,Common,2,,,4.1,2.05,4.1,,-1.1,512×720,512x720,512×432 (x0 y72–x512 y504 | 10–70% высоты),430×374 (x41 y101–x471 y475),"центр сюжета (256,274) object-position 50% 38%",рука 150–196 · поле 100–142 · коллекция 158–190 · модалка 300–380 · пак 122–164,Наносит 2 урона (вражеское существо); Восстановите 3 здоровья (ваш герой).,«В склепе тихо. Это единственное честное место.»,Resources/Cards/Necrus/nec_s03.png
nec_s04,Жатва,Necrus,Spell,Rare,3,,,6.3,2.1,6.3,,-0.9,512×720,512x720,512×432 (x0 y72–x512 y504 | 10–70% высоты),430×374 (x41 y101–x471 y475),"центр сюжета (256,274) object-position 50% 38%",рука 150–196 · поле 100–142 · коллекция 158–190 · модалка 300–380 · пак 122–164,Уничтожьте с наибольшей атакой (вражеское существо); Возьмите 1 карт(у).,«Каждый павший — это страница в нашей книге.»,Resources/Cards/Necrus/nec_s04.png
nec_s05,Чёрный контракт,Necrus,Spell,Common,3,,,5.8,1.933,5.8,,-1.4,512×720,512x720,512×432 (x0 y72–x512 y504 | 10–70% высоты),430×374 (x41 y101–x471 y475),"центр сюжета (256,274) object-position 50% 38%",рука 150–196 · поле 100–142 · коллекция 158–190 · модалка 300–380 · пак 122–164,Украдите 1 случайную(ых) карту(ы) из руки противника; Возьмите 1 карт(у); Наносит 2 урона (ваш герой).,"«Жатва не спрашивает, колос ты или сорняк.»",Resources/Cards/Necrus/nec_s05.png
nec_s06,Проклятие Тлена,Necrus,Spell,Common,4,,,4.68,1.17,4.68,,-4.52,512×720,512x720,512×432 (x0 y72–x512 y504 | 10–70% высоты),430×374 (x41 y101–x471 y475),"центр сюжета (256,274) object-position 50% 38%",рука 150–196 · поле 100–142 · коллекция 158–190 · модалка 300–380 · пак 122–164,Ритуал: разрешается в начале вашего следующего хода. Горение 2 на 3 ход(а) (всех врагов).,«Прах к праху. А карты — нам.»,Resources/Cards/Necrus/nec_s06.png
nec_s07,Пир Праха,Necrus,Spell,Rare,5,,,10.9,2.18,10.9,,-0.3,512×720,512x720,512×432 (x0 y72–x512 y504 | 10–70% высоты),430×374 (x41 y101–x471 y475),"центр сюжета (256,274) object-position 50% 38%",рука 150–196 · поле 100–142 · коллекция 158–190 · модалка 300–380 · пак 122–164,Уничтожьте с наименьшим здоровьем (любое существо); Возьмите 2 карт(у); Восстановите 4 здоровья (ваш герой).,«Смерть — это просто смена хозяина.»,Resources/Cards/Necrus/nec_s07.png
nec_s08,Полночный реквием,Necrus,Spell,Epic,6,,,14.1,2.35,14.1,,0.9,512×720,512x720,512×432 (x0 y72–x512 y504 | 10–70% высоты),430×374 (x41 y101–x471 y475),"центр сюжета (256,274) object-position 50% 38%",рука 150–196 · поле 100–142 · коллекция 158–190 · модалка 300–380 · пак 122–164,Ритуал: разрешается в начале вашего следующего хода. Нанесите 2 урона всем вражеским существам; Возьмите 2 карт(у).,«Мы не грабим мёртвых. Мы берём взаймы.»,Resources/Cards/Necrus/nec_s08.png
nec_s09,Абсолютная Тьма,Necrus,Spell,Rare,7,,,8.7,1.243,8.7,,-6.5,512×720,512x720,512×432 (x0 y72–x512 y504 | 10–70% высоты),430×374 (x41 y101–x471 y475),"центр сюжета (256,274) object-position 50% 38%",рука 150–196 · поле 100–142 · коллекция 158–190 · модалка 300–380 · пак 122–164,Уничтожьте (всех врагов); Восстановите 6 здоровья (ваш герой).,"«Жатва не спрашивает, колос ты или сорняк.»",Resources/Cards/Necrus/nec_s09.png
nec_s10,Тленний некромант,Terramorph,Spell,Epic,3,,,13.02,4.34,13.02,,5.82,512×720,512x720,512×432 (x0 y72–x512 y504 | 10–70% высоты),430×374 (x41 y101–x471 y475),"центр сюжета (256,274) object-position 50% 38%",рука 150–196 · поле 100–142 · коллекция 158–190 · модалка 300–380 · пак 122–164,Нанесите 2 урона всем вражеским существам; Заморозка на 1 ход(а) (всех врагов).,«Руины — это не конец. Это черновик.»,Resources/Cards/Terramorph/nec_s10.png
nec_s11,Тленний мародёр,Aurites,Spell,Rare,2,,,7.68,3.84,7.68,,2.48,512×720,512x720,512×432 (x0 y72–x512 y504 | 10–70% высоты),430×374 (x41 y101–x471 y475),"центр сюжета (256,274) object-position 50% 38%",рука 150–196 · поле 100–142 · коллекция 158–190 · модалка 300–380 · пак 122–164,Нанесите 1 урона всем вражеским существам.,«Свет не спорит с тьмой. Он просто приходит.»,Resources/Cards/Aurites/nec_s11.png
nec_s12,Чумной жнец,Necrus,Spell,Common,3,,,8.4,2.8,8.4,,1.2,512×720,512x720,512×432 (x0 y72–x512 y504 | 10–70% высоты),430×374 (x41 y101–x471 y475),"центр сюжета (256,274) object-position 50% 38%",рука 150–196 · поле 100–142 · коллекция 158–190 · модалка 300–380 · пак 122–164,Уничтожьте с наименьшим здоровьем (любое существо); Возьмите 2 карт(у); Восстановите 4 здоровья (ваш герой).,"«Цена силы — след, который она оставляет.»",Resources/Cards/Necrus/nec_s12.png
nec_s13,Костяной призрак,Ethereal,Spell,Rare,1,,,4.0,4.0,4.0,,0.8,512×720,512x720,512×432 (x0 y72–x512 y504 | 10–70% высоты),430×374 (x41 y101–x471 y475),"центр сюжета (256,274) object-position 50% 38%",рука 150–196 · поле 100–142 · коллекция 158–190 · модалка 300–380 · пак 122–164,Украдите 2 случайную(ых) карту(ы) из руки противника.,«Свет не спорит с тьмой. Он просто приходит.»,Resources/Cards/Ethereal/nec_s13.png
nec_s14,Чумной некромант,Necrus,Spell,Common,5,,,21.15,4.23,21.15,,9.95,512×720,512x720,512×432 (x0 y72–x512 y504 | 10–70% высоты),430×374 (x41 y101–x471 y475),"центр сюжета (256,274) object-position 50% 38%",рука 150–196 · поле 100–142 · коллекция 158–190 · модалка 300–380 · пак 122–164,Ритуал: разрешается в начале вашего следующего хода. Нанесите 2 урона всем вражеским существам; Возьмите 2 карт(у).,«Свет не спорит с тьмой. Он просто приходит.»,Resources/Cards/Necrus/nec_s14.png
nec_s15,Могильный упырь,Necrus,Spell,Common,2,,,5.8,2.9,5.8,,0.6,512×720,512x720,512×432 (x0 y72–x512 y504 | 10–70% высоты),430×374 (x41 y101–x471 y475),"центр сюжета (256,274) object-position 50% 38%",рука 150–196 · поле 100–142 · коллекция 158–190 · модалка 300–380 · пак 122–164,Наносит 2 урона (вражеское существо); Восстановите 3 здоровья (ваш герой).,«Тишина перед бурей — это тоже буря.»,Resources/Cards/Necrus/nec_s15.png
nec_s16,Пепельный червь,Necrus,Spell,Common,4,,,13.62,3.405,13.62,,4.42,512×720,512x720,512×432 (x0 y72–x512 y504 | 10–70% высоты),430×374 (x41 y101–x471 y475),"центр сюжета (256,274) object-position 50% 38%",рука 150–196 · поле 100–142 · коллекция 158–190 · модалка 300–380 · пак 122–164,Уничтожьте с наименьшим здоровьем (любое существо); Возьмите 2 карт(у); Восстановите 4 здоровья (ваш герой).,"«Цена силы — след, который она оставляет.»",Resources/Cards/Necrus/nec_s16.png
nec_s17,Склепный червь,Necrus,Spell,Common,2,,,6.38,3.19,6.38,,1.18,512×720,512x720,512×432 (x0 y72–x512 y504 | 10–70% высоты),430×374 (x41 y101–x471 y475),"центр сюжета (256,274) object-position 50% 38%",рука 150–196 · поле 100–142 · коллекция 158–190 · модалка 300–380 · пак 122–164,Наносит 2 урона (вражеское существо); Восстановите 3 здоровья (ваш герой).,«Между ударами сердца есть дверь. Я видел её.»,Resources/Cards/Necrus/nec_s17.png
nec_s18,Пепельный саркофаг,Necrus,Spell,Rare,3,,,11.75,3.917,11.75,,4.55,512×720,512x720,512×432 (x0 y72–x512 y504 | 10–70% высоты),430×374 (x41 y101–x471 y475),"центр сюжета (256,274) object-position 50% 38%",рука 150–196 · поле 100–142 · коллекция 158–190 · модалка 300–380 · пак 122–164,Уничтожьте (всех врагов); Восстановите 6 здоровья (ваш герой).,"«Цена силы — след, который она оставляет.»",Resources/Cards/Necrus/nec_s18.png
neu_01,Странник Цитадели,Neutral,Creature,Common,1,2,2,4.0,4.0,0.0,,0.8,512×720,512x720,512×432 (x0 y72–x512 y504 | 10–70% высоты),430×374 (x41 y101–x471 y475),"центр сюжета (256,274) object-position 50% 38%",рука 150–196 · поле 100–142 · коллекция 158–190 · модалка 300–380 · пак 122–164,,«Эхо возвращается всегда. Вопрос — чьим голосом.»,Resources/Cards/Neutral/neu_01.png
neu_02,Наёмник Предместья,Neutral,Creature,Common,2,3,3,6.0,3.0,0.0,,0.8,512×720,512x720,512×432 (x0 y72–x512 y504 | 10–70% высоты),430×374 (x41 y101–x471 y475),"центр сюжета (256,274) object-position 50% 38%",рука 150–196 · поле 100–142 · коллекция 158–190 · модалка 300–380 · пак 122–164,,«Цитадель слышит каждое эхо. И каждое — помнит.»,Resources/Cards/Neutral/neu_02.png
neu_03,Ветеран Осады,Neutral,Creature,Common,3,3,4,7.0,2.333,0.0,,-0.2,512×720,512x720,512×432 (x0 y72–x512 y504 | 10–70% высоты),430×374 (x41 y101–x471 y475),"центр сюжета (256,274) object-position 50% 38%",рука 150–196 · поле 100–142 · коллекция 158–190 · модалка 300–380 · пак 122–164,,«Цитадель слышит каждое эхо. И каждое — помнит.»,Resources/Cards/Neutral/neu_03.png
neu_04,Рыцарь Без Знамени,Neutral,Creature,Common,4,4,5,9.0,2.25,0.0,,-0.2,512×720,512x720,512×432 (x0 y72–x512 y504 | 10–70% высоты),430×374 (x41 y101–x471 y475),"центр сюжета (256,274) object-position 50% 38%",рука 150–196 · поле 100–142 · коллекция 158–190 · модалка 300–380 · пак 122–164,,«Эхо возвращается всегда. Вопрос — чьим голосом.»,Resources/Cards/Neutral/neu_04.png
neu_05,Стражник Врат,Neutral,Creature,Common,5,5,6,11.0,2.2,0.0,,-0.2,512×720,512x720,512×432 (x0 y72–x512 y504 | 10–70% высоты),430×374 (x41 y101–x471 y475),"центр сюжета (256,274) object-position 50% 38%",рука 150–196 · поле 100–142 · коллекция 158–190 · модалка 300–380 · пак 122–164,,«Цитадель слышит каждое эхо. И каждое — помнит.»,Resources/Cards/Neutral/neu_05.png
neu_06,Эхо-архивариус,Neutral,Creature,Common,3,2,4,8.48,2.827,2.48,,1.28,512×720,512x720,512×432 (x0 y72–x512 y504 | 10–70% высоты),430×374 (x41 y101–x471 y475),"центр сюжета (256,274) object-position 50% 38%",рука 150–196 · поле 100–142 · коллекция 158–190 · модалка 300–380 · пак 122–164,Боевой клич: Получите 1 Эхо-очко. Боевой клич.,«Цитадель слышит каждое эхо. И каждое — помнит.»,Resources/Cards/Neutral/neu_06.png
neu_31,Странствующий контрабандист,Neutral,Creature,Common,5,6,5,11.0,2.2,0.0,,-0.2,512×720,512x720,512×432 (x0 y72–x512 y504 | 10–70% высоты),430×374 (x41 y101–x471 y475),"центр сюжета (256,274) object-position 50% 38%",рука 150–196 · поле 100–142 · коллекция 158–190 · модалка 300–380 · пак 122–164,,«Корни глубже стен. Всегда глубже.»,Resources/Cards/Neutral/neu_31.png
neu_32,Серый картограф,Neutral,Creature,Common,2,2,2,6.48,3.24,2.48,,1.28,512×720,512x720,512×432 (x0 y72–x512 y504 | 10–70% высоты),430×374 (x41 y101–x471 y475),"центр сюжета (256,274) object-position 50% 38%",рука 150–196 · поле 100–142 · коллекция 158–190 · модалка 300–380 · пак 122–164,Боевой клич: Получите 1 Эхо-очко. Боевой клич.,«Между ударами сердца есть дверь. Я видел её.»,Resources/Cards/Neutral/neu_32.png
neu_33,Наёмный картограф,Neutral,Creature,Rare,1,2,1,3.0,3.0,0.0,,-0.2,512×720,512x720,512×432 (x0 y72–x512 y504 | 10–70% высоты),430×374 (x41 y101–x471 y475),"центр сюжета (256,274) object-position 50% 38%",рука 150–196 · поле 100–142 · коллекция 158–190 · модалка 300–380 · пак 122–164,,«Между ударами сердца есть дверь. Я видел её.»,Resources/Cards/Neutral/neu_33.png
neu_34,Странствующий фургон,Neutral,Creature,Rare,5,6,5,11.0,2.2,0.0,,-0.2,512×720,512x720,512×432 (x0 y72–x512 y504 | 10–70% высоты),430×374 (x41 y101–x471 y475),"центр сюжета (256,274) object-position 50% 38%",рука 150–196 · поле 100–142 · коллекция 158–190 · модалка 300–380 · пак 122–164,,"«Эхо помнит даже то, что Цитадель предпочла забыть.»",Resources/Cards/Neutral/neu_34.png
nsu_01,Степной наездник,Neutral,Creature,Common,1,2,1,4.2,4.2,1.2,,1.0,512×720,512x720,512×432 (x0 y72–x512 y504 | 10–70% высоты),430×374 (x41 y101–x471 y475),"центр сюжета (256,274) object-position 50% 38%",рука 150–196 · поле 100–142 · коллекция 158–190 · модалка 300–380 · пак 122–164,Рывок. Ветер — его стремена.,"«Цена силы — след, который она оставляет.»",Resources/Cards/Neutral/nsu_01.png
nsu_02,Тенёк из подворотни,Neutral,Creature,Common,1,1,1,3.1,3.1,1.1,,-0.1,512×720,512x720,512×432 (x0 y72–x512 y504 | 10–70% высоты),430×374 (x41 y101–x471 y475),"центр сюжета (256,274) object-position 50% 38%",рука 150–196 · поле 100–142 · коллекция 158–190 · модалка 300–380 · пак 122–164,Неуловимость. Его не помнят в лицо.,«Свет не спорит с тьмой. Он просто приходит.»,Resources/Cards/Neutral/nsu_02.png
nsu_03,Наёмный клинок,Neutral,Creature,Common,2,3,1,5.2,2.6,1.2,,0.0,512×720,512x720,512×432 (x0 y72–x512 y504 | 10–70% высоты),430×374 (x41 y101–x471 y475),"центр сюжета (256,274) object-position 50% 38%",рука 150–196 · поле 100–142 · коллекция 158–190 · модалка 300–380 · пак 122–164,Рывок. Оплачен вперёд.,«Пепел честнее золота: он не притворяется.»,Resources/Cards/Neutral/nsu_03.png
nsu_04,Серый ветеран,Neutral,Creature,Common,2,2,2,4.0,2.0,0.0,,-1.2,512×720,512x720,512×432 (x0 y72–x512 y504 | 10–70% высоты),430×374 (x41 y101–x471 y475),"центр сюжета (256,274) object-position 50% 38%",рука 150–196 · поле 100–142 · коллекция 158–190 · модалка 300–380 · пак 122–164,Без чудес. Просто надёжен.,"«Яд не спешит: он знает, куда идёт.»",Resources/Cards/Neutral/nsu_04.png
nsu_05,Разведчица дюн,Neutral,Creature,Uncommon,2,2,1,5.6,2.8,2.6,,0.4,512×720,512x720,512×432 (x0 y72–x512 y504 | 10–70% высоты),430×374 (x41 y101–x471 y475),"центр сюжета (256,274) object-position 50% 38%",рука 150–196 · поле 100–142 · коллекция 158–190 · модалка 300–380 · пак 122–164,Рывок. Боевой клич: 1 урон герою противника.,"«Цена силы — след, который она оставляет.»",Resources/Cards/Neutral/nsu_05.png
nsu_06,Копейщик авангарда,Neutral,Creature,Uncommon,3,3,2,6.2,2.067,1.2,,-1.0,512×720,512x720,512×432 (x0 y72–x512 y504 | 10–70% высоты),430×374 (x41 y101–x471 y475),"центр сюжета (256,274) object-position 50% 38%",рука 150–196 · поле 100–142 · коллекция 158–190 · модалка 300–380 · пак 122–164,"Рывок. Первый ряд, первый удар.",«Свет не спорит с тьмой. Он просто приходит.»,Resources/Cards/Neutral/nsu_06.png
nsu_07,Рывок вперёд,Neutral,Spell,Rare,2,,,3.0,1.5,3.0,,-2.2,512×720,512x720,512×432 (x0 y72–x512 y504 | 10–70% высоты),430×374 (x41 y101–x471 y475),"центр сюжета (256,274) object-position 50% 38%",рука 150–196 · поле 100–142 · коллекция 158–190 · модалка 300–380 · пак 122–164,+3 атаки вашему существу. Агро не ждёт.,«Пепел честнее золота: он не притворяется.»,Resources/Cards/Neutral/nsu_07.png
nsu_08,Быстрый выпад,Neutral,Spell,Common,1,,,2.0,2.0,2.0,,-1.2,512×720,512x720,512×432 (x0 y72–x512 y504 | 10–70% высоты),430×374 (x41 y101–x471 y475),"центр сюжета (256,274) object-position 50% 38%",рука 150–196 · поле 100–142 · коллекция 158–190 · модалка 300–380 · пак 122–164,2 урона существу. Один выпад — одна дыра.,"«Яд не спешит: он знает, куда идёт.»",Resources/Cards/Neutral/nsu_08.png
nsu_09,Пиявка-кровосос,Neutral,Creature,Common,2,2,2,5.3,2.65,1.3,,0.1,512×720,512x720,512×432 (x0 y72–x512 y504 | 10–70% высоты),430×374 (x41 y101–x471 y475),"центр сюжета (256,274) object-position 50% 38%",рука 150–196 · поле 100–142 · коллекция 158–190 · модалка 300–380 · пак 122–164,"Вампиризм. Мелкая, но жадная.","«Цена силы — след, который она оставляет.»",Resources/Cards/Neutral/nsu_09.png
nsu_10,Шакал-падальщик,Neutral,Creature,Common,3,3,3,7.3,2.433,1.3,,0.1,512×720,512x720,512×432 (x0 y72–x512 y504 | 10–70% высоты),430×374 (x41 y101–x471 y475),"центр сюжета (256,274) object-position 50% 38%",рука 150–196 · поле 100–142 · коллекция 158–190 · модалка 300–380 · пак 122–164,Вампиризм. Доедает за войной.,«Свет не спорит с тьмой. Он просто приходит.»,Resources/Cards/Neutral/nsu_10.png
nsu_11,Вампир-отступник,Neutral,Creature,Common,4,4,3,8.3,2.075,1.3,,-0.9,512×720,512x720,512×432 (x0 y72–x512 y504 | 10–70% высоты),430×374 (x41 y101–x471 y475),"центр сюжета (256,274) object-position 50% 38%",рука 150–196 · поле 100–142 · коллекция 158–190 · модалка 300–380 · пак 122–164,"Вампиризм. Изгнан, но сыт.",«Пепел честнее золота: он не притворяется.»,Resources/Cards/Neutral/nsu_11.png
nsu_12,Монахиня-кровопийца,Neutral,Creature,Uncommon,3,2,3,7.0,2.333,2.0,,-0.2,512×720,512x720,512×432 (x0 y72–x512 y504 | 10–70% высоты),430×374 (x41 y101–x471 y475),"центр сюжета (256,274) object-position 50% 38%",рука 150–196 · поле 100–142 · коллекция 158–190 · модалка 300–380 · пак 122–164,"Вампиризм, Таунт. Молится губами.","«Яд не спешит: он знает, куда идёт.»",Resources/Cards/Neutral/nsu_12.png
nsu_13,Гуль-гурман,Neutral,Creature,Uncommon,5,5,4,10.3,2.06,1.3,,-0.9,512×720,512x720,512×432 (x0 y72–x512 y504 | 10–70% высоты),430×374 (x41 y101–x471 y475),"центр сюжета (256,274) object-position 50% 38%",рука 150–196 · поле 100–142 · коллекция 158–190 · модалка 300–380 · пак 122–164,Вампиризм. Разбирает жертву по вкусу.,"«Цена силы — след, который она оставляет.»",Resources/Cards/Neutral/nsu_13.png
nsu_14,Круг крови,Neutral,Spell,Rare,4,,,5.1,1.275,5.1,,-4.1,512×720,512x720,512×432 (x0 y72–x512 y504 | 10–70% высоты),430×374 (x41 y101–x471 y475),"центр сюжета (256,274) object-position 50% 38%",рука 150–196 · поле 100–142 · коллекция 158–190 · модалка 300–380 · пак 122–164,3 урона существу и 3 здоровья вашему герою.,«Свет не спорит с тьмой. Он просто приходит.»,Resources/Cards/Neutral/nsu_14.png
nsu_15,Химера-кровохлёб,Neutral,Creature,Rare,6,6,6,13.3,2.217,1.3,,0.1,512×720,512x720,512×432 (x0 y72–x512 y504 | 10–70% высоты),430×374 (x41 y101–x471 y475),"центр сюжета (256,274) object-position 50% 38%",рука 150–196 · поле 100–142 · коллекция 158–190 · модалка 300–380 · пак 122–164,Вампиризм. Три пасти — один аппетит.,«Пепел честнее золота: он не притворяется.»,Resources/Cards/Neutral/nsu_15.png
nsu_16,Живительный отвар,Neutral,Spell,Common,2,,,2.8,1.4,2.8,,-2.4,512×720,512x720,512×432 (x0 y72–x512 y504 | 10–70% высоты),430×374 (x41 y101–x471 y475),"центр сюжета (256,274) object-position 50% 38%",рука 150–196 · поле 100–142 · коллекция 158–190 · модалка 300–380 · пак 122–164,"4 здоровья вашему герою. Горько, но живо.","«Яд не спешит: он знает, куда идёт.»",Resources/Cards/Neutral/nsu_16.png
nsu_17,Сержант новобранцев,Neutral,Creature,Common,2,2,2,5.49,2.745,1.49,,0.29,512×720,512x720,512×432 (x0 y72–x512 y504 | 10–70% высоты),430×374 (x41 y101–x471 y475),"центр сюжета (256,274) object-position 50% 38%",рука 150–196 · поле 100–142 · коллекция 158–190 · модалка 300–380 · пак 122–164,Боевой клич: призовите «Рекрут» 1/1.,"«Цена силы — след, который она оставляет.»",Resources/Cards/Neutral/nsu_17.png
nsu_18,Знаменосец роты,Neutral,Creature,Common,3,3,2,6.49,2.163,1.49,,-0.71,512×720,512x720,512×432 (x0 y72–x512 y504 | 10–70% высоты),430×374 (x41 y101–x471 y475),"центр сюжета (256,274) object-position 50% 38%",рука 150–196 · поле 100–142 · коллекция 158–190 · модалка 300–380 · пак 122–164,Боевой клич: призовите «Рекрут» 1/1.,«Свет не спорит с тьмой. Он просто приходит.»,Resources/Cards/Neutral/nsu_18.png
nsu_19,Капитан ополчения,Neutral,Creature,Common,4,3,4,8.49,2.123,1.49,,-0.71,512×720,512x720,512×432 (x0 y72–x512 y504 | 10–70% высоты),430×374 (x41 y101–x471 y475),"центр сюжета (256,274) object-position 50% 38%",рука 150–196 · поле 100–142 · коллекция 158–190 · модалка 300–380 · пак 122–164,Боевой клич: призовите «Рекрут» 1/1.,«Пепел честнее золота: он не притворяется.»,Resources/Cards/Neutral/nsu_19.png
nsu_20,Комендант форта,Neutral,Creature,Uncommon,4,2,4,8.19,2.047,2.19,,-1.01,512×720,512x720,512×432 (x0 y72–x512 y504 | 10–70% высоты),430×374 (x41 y101–x471 y475),"центр сюжета (256,274) object-position 50% 38%",рука 150–196 · поле 100–142 · коллекция 158–190 · модалка 300–380 · пак 122–164,Таунт. Боевой клич: призовите «Рекрут» 1/1.,"«Яд не спешит: он знает, куда идёт.»",Resources/Cards/Neutral/nsu_20.png
nsu_21,Генерал резерва,Neutral,Creature,Uncommon,5,4,4,10.48,2.096,2.48,,-0.72,512×720,512x720,512×432 (x0 y72–x512 y504 | 10–70% высоты),430×374 (x41 y101–x471 y475),"центр сюжета (256,274) object-position 50% 38%",рука 150–196 · поле 100–142 · коллекция 158–190 · модалка 300–380 · пак 122–164,Боевой клич: два «Рекрут» 1/1.,"«Цена силы — след, который она оставляет.»",Resources/Cards/Neutral/nsu_21.png
nsu_22,Мобилизация,Neutral,Spell,Rare,3,,,2.2,0.733,2.2,,-5.0,512×720,512x720,512×432 (x0 y72–x512 y504 | 10–70% высоты),430×374 (x41 y101–x471 y475),"центр сюжета (256,274) object-position 50% 38%",рука 150–196 · поле 100–142 · коллекция 158–190 · модалка 300–380 · пак 122–164,"Призовите двух «Рекрут» 1/1. Рота, стройся!",«Свет не спорит с тьмой. Он просто приходит.»,Resources/Cards/Neutral/nsu_22.png
nsu_23,Маршал легионов,Neutral,Creature,Rare,6,5,5,13.47,2.245,3.47,,0.27,512×720,512x720,512×432 (x0 y72–x512 y504 | 10–70% высоты),430×374 (x41 y101–x471 y475),"центр сюжета (256,274) object-position 50% 38%",рука 150–196 · поле 100–142 · коллекция 158–190 · модалка 300–380 · пак 122–164,Боевой клич: три «Рекрут» 1/1.,«Пепел честнее золота: он не притворяется.»,Resources/Cards/Neutral/nsu_23.png
nsu_24,Ротный писарь,Neutral,Spell,Common,2,,,4.7,2.35,4.7,,-0.5,512×720,512x720,512×432 (x0 y72–x512 y504 | 10–70% высоты),430×374 (x41 y101–x471 y475),"центр сюжета (256,274) object-position 50% 38%",рука 150–196 · поле 100–142 · коллекция 158–190 · модалка 300–380 · пак 122–164,Возьмите 2 карты и призовите «Рекрут» 1/1.,"«Яд не спешит: он знает, куда идёт.»",Resources/Cards/Neutral/nsu_24.png
nsu_25,Тлеющая порча,Neutral,Spell,Common,2,,,1.1,0.55,1.1,,-4.1,512×720,512x720,512×432 (x0 y72–x512 y504 | 10–70% высоты),430×374 (x41 y101–x471 y475),"центр сюжета (256,274) object-position 50% 38%",рука 150–196 · поле 100–142 · коллекция 158–190 · модалка 300–380 · пак 122–164,Горение 1 на существо противника. Тлеет незаметно.,"«Цена силы — след, который она оставляет.»",Resources/Cards/Neutral/nsu_25.png
nsu_26,Чумной крысолов,Neutral,Creature,Common,2,2,1,6.66,3.33,3.66,,1.46,512×720,512x720,512×432 (x0 y72–x512 y504 | 10–70% высоты),430×374 (x41 y101–x471 y475),"центр сюжета (256,274) object-position 50% 38%",рука 150–196 · поле 100–142 · коллекция 158–190 · модалка 300–380 · пак 122–164,Боевой клич: Яд на случайное существо противника.,«Свет не спорит с тьмой. Он просто приходит.»,Resources/Cards/Neutral/nsu_26.png
nsu_27,Скверна,Neutral,Spell,Common,3,,,3.51,1.17,3.51,,-3.69,512×720,512x720,512×432 (x0 y72–x512 y504 | 10–70% высоты),430×374 (x41 y101–x471 y475),"центр сюжета (256,274) object-position 50% 38%",рука 150–196 · поле 100–142 · коллекция 158–190 · модалка 300–380 · пак 122–164,Яд на существо противника: любая рана станет смертельной.,«Пепел честнее золота: он не притворяется.»,Resources/Cards/Neutral/nsu_27.png
nsu_28,Проклятый могильщик,Neutral,Creature,Common,3,2,3,6.22,2.073,1.22,,-0.98,512×720,512x720,512×432 (x0 y72–x512 y504 | 10–70% высоты),430×374 (x41 y101–x471 y475),"центр сюжета (256,274) object-position 50% 38%",рука 150–196 · поле 100–142 · коллекция 158–190 · модалка 300–380 · пак 122–164,Боевой клич: Порча — -1 здоровья существу противника.,"«Яд не спешит: он знает, куда идёт.»",Resources/Cards/Neutral/nsu_28.png
nsu_29,Знахарь-отравитель,Neutral,Creature,Uncommon,4,3,3,10.65,2.663,4.65,,1.45,512×720,512x720,512×432 (x0 y72–x512 y504 | 10–70% высоты),430×374 (x41 y101–x471 y475),"центр сюжета (256,274) object-position 50% 38%",рука 150–196 · поле 100–142 · коллекция 158–190 · модалка 300–380 · пак 122–164,Боевой клич: Яд и Горение 1 на случайных существ противника.,"«Цена силы — след, который она оставляет.»",Resources/Cards/Neutral/nsu_29.png
nsu_30,Порча и немощь,Neutral,Spell,Uncommon,4,,,2.5,0.625,2.5,,-6.7,512×720,512x720,512×432 (x0 y72–x512 y504 | 10–70% высоты),430×374 (x41 y101–x471 y475),"центр сюжета (256,274) object-position 50% 38%",рука 150–196 · поле 100–142 · коллекция 158–190 · модалка 300–380 · пак 122–164,-2 здоровья и -1 атаки существу противника.,«Свет не спорит с тьмой. Он просто приходит.»,Resources/Cards/Neutral/nsu_30.png
nsu_31,Носитель чумы,Neutral,Creature,Rare,5,4,4,11.66,2.332,3.66,,0.46,512×720,512x720,512×432 (x0 y72–x512 y504 | 10–70% высоты),430×374 (x41 y101–x471 y475),"центр сюжета (256,274) object-position 50% 38%",рука 150–196 · поле 100–142 · коллекция 158–190 · модалка 300–380 · пак 122–164,Боевой клич: Яд на существо противника.,«Пепел честнее золота: он не притворяется.»,Resources/Cards/Neutral/nsu_31.png
nsu_32,Эпидемия,Neutral,Spell,Rare,5,,,12.96,2.592,12.96,,1.76,512×720,512x720,512×432 (x0 y72–x512 y504 | 10–70% высоты),430×374 (x41 y101–x471 y475),"центр сюжета (256,274) object-position 50% 38%",рука 150–196 · поле 100–142 · коллекция 158–190 · модалка 300–380 · пак 122–164,Яд и Горение 2 на 2 случайных существа противника.,"«Яд не спешит: он знает, куда идёт.»",Resources/Cards/Neutral/nsu_32.png
pal_01,Рядовой Братства,Aurites,Creature,Common,1,1,2,3.7,3.7,0.7,,0.5,512×720,512x720,512×432 (x0 y72–x512 y504 | 10–70% высоты),430×374 (x41 y101–x471 y475),"центр сюжета (256,274) object-position 50% 38%",рука 150–196 · поле 100–142 · коллекция 158–190 · модалка 300–380 · пак 122–164,Таунт. Щит важнее славы.,«Свет не спорит с тьмой. Он просто приходит.»,Resources/Cards/Aurites/pal_01.png
pal_02,Оруженосец-наставник,Aurites,Creature,Common,2,2,2,5.49,2.745,1.49,,0.29,512×720,512x720,512×432 (x0 y72–x512 y504 | 10–70% высоты),430×374 (x41 y101–x471 y475),"центр сюжета (256,274) object-position 50% 38%",рука 150–196 · поле 100–142 · коллекция 158–190 · модалка 300–380 · пак 122–164,Боевой клич: призовите «Оруженосец» 1/1.,«Пепел честнее золота: он не притворяется.»,Resources/Cards/Aurites/pal_02.png
pal_03,Капеллан ордена,Aurites,Creature,Common,3,3,3,7.49,2.497,1.49,,0.29,512×720,512x720,512×432 (x0 y72–x512 y504 | 10–70% высоты),430×374 (x41 y101–x471 y475),"центр сюжета (256,274) object-position 50% 38%",рука 150–196 · поле 100–142 · коллекция 158–190 · модалка 300–380 · пак 122–164,Боевой клич: призовите «Оруженосец» 1/1.,"«Яд не спешит: он знает, куда идёт.»",Resources/Cards/Aurites/pal_03.png
pal_04,Щитоносец рассвета,Aurites,Creature,Common,4,3,4,7.7,1.925,0.7,,-1.5,512×720,512x720,512×432 (x0 y72–x512 y504 | 10–70% высоты),430×374 (x41 y101–x471 y475),"центр сюжета (256,274) object-position 50% 38%",рука 150–196 · поле 100–142 · коллекция 158–190 · модалка 300–380 · пак 122–164,Таунт. Встречает солнце первым.,"«Цена силы — след, который она оставляет.»",Resources/Cards/Aurites/pal_04.png
pal_05,Сержант строя,Aurites,Creature,Common,5,4,5,9.7,1.94,0.7,,-1.5,512×720,512x720,512×432 (x0 y72–x512 y504 | 10–70% высоты),430×374 (x41 y101–x471 y475),"центр сюжета (256,274) object-position 50% 38%",рука 150–196 · поле 100–142 · коллекция 158–190 · модалка 300–380 · пак 122–164,Таунт. Держит линию и слово.,«Свет не спорит с тьмой. Он просто приходит.»,Resources/Cards/Aurites/pal_05.png
pal_06,Молодой рекрут,Aurites,Creature,Common,2,2,1,5.3,2.65,2.3,,0.1,512×720,512x720,512×432 (x0 y72–x512 y504 | 10–70% высоты),430×374 (x41 y101–x471 y475),"центр сюжета (256,274) object-position 50% 38%",рука 150–196 · поле 100–142 · коллекция 158–190 · модалка 300–380 · пак 122–164,Боевой клич: случайный ваш персонаж получает +1/+1.,«Пепел честнее золота: он не притворяется.»,Resources/Cards/Aurites/pal_06.png
pal_07,Знаменосец,Aurites,Creature,Uncommon,3,2,3,7.19,2.397,2.19,,-0.01,512×720,512x720,512×432 (x0 y72–x512 y504 | 10–70% высоты),430×374 (x41 y101–x471 y475),"центр сюжета (256,274) object-position 50% 38%",рука 150–196 · поле 100–142 · коллекция 158–190 · модалка 300–380 · пак 122–164,Таунт. Боевой клич: призовите «Оруженосец» 1/1.,"«Яд не спешит: он знает, куда идёт.»",Resources/Cards/Aurites/pal_07.png
pal_08,Командор щитов,Aurites,Creature,Uncommon,4,4,4,9.4,2.35,1.4,,0.2,512×720,512x720,512×432 (x0 y72–x512 y504 | 10–70% высоты),430×374 (x41 y101–x471 y475),"центр сюжета (256,274) object-position 50% 38%",рука 150–196 · поле 100–142 · коллекция 158–190 · модалка 300–380 · пак 122–164,Боевой клич: все ваши существа получают Щит.,"«Цена силы — след, который она оставляет.»",Resources/Cards/Aurites/pal_08.png
pal_09,Маршал Братства,Aurites,Creature,Rare,4,3,3,9.18,2.295,3.18,,-0.02,512×720,512x720,512×432 (x0 y72–x512 y504 | 10–70% высоты),430×374 (x41 y101–x471 y475),"центр сюжета (256,274) object-position 50% 38%",рука 150–196 · поле 100–142 · коллекция 158–190 · модалка 300–380 · пак 122–164,Таунт. Боевой клич: два «Оруженосец» 1/1.,«Свет не спорит с тьмой. Он просто приходит.»,Resources/Cards/Aurites/pal_09.png
pal_10,Светозарный судья,Aurites,Creature,Rare,6,5,6,13.0,2.167,2.0,,-0.2,512×720,512x720,512×432 (x0 y72–x512 y504 | 10–70% высоты),430×374 (x41 y101–x471 y475),"центр сюжета (256,274) object-position 50% 38%",рука 150–196 · поле 100–142 · коллекция 158–190 · модалка 300–380 · пак 122–164,"Таунт, Вампиризм. Суд милосерден и сыт.",«Пепел честнее золота: он не притворяется.»,Resources/Cards/Aurites/pal_10.png
pal_11,Благословение щитов,Aurites,Spell,Rare,5,,,1.0,0.2,1.0,,-10.2,512×720,512x720,512×432 (x0 y72–x512 y504 | 10–70% высоты),430×374 (x41 y101–x471 y475),"центр сюжета (256,274) object-position 50% 38%",рука 150–196 · поле 100–142 · коллекция 158–190 · модалка 300–380 · пак 122–164,Все ваши существа получают Щит. Свет укрывает.,"«Яд не спешит: он знает, куда идёт.»",Resources/Cards/Aurites/pal_11.png
pal_12,Гроссмейстер Ордена,Aurites,Creature,Legendary,8,6,7,17.17,2.146,4.17,,-0.03,512×720,512x720,512×432 (x0 y72–x512 y504 | 10–70% высоты),430×374 (x41 y101–x471 y475),"центр сюжета (256,274) object-position 50% 38%",рука 150–196 · поле 100–142 · коллекция 158–190 · модалка 300–380 · пак 122–164,Таунт. Боевой клич: три «Оруженосец» 1/1.,"«Цена силы — след, который она оставляет.»",Resources/Cards/Aurites/pal_12.png
pal_13,Обет стойкости,Aurites,Spell,Common,1,,,3.0,3.0,3.0,,-0.2,512×720,512x720,512×432 (x0 y72–x512 y504 | 10–70% высоты),430×374 (x41 y101–x471 y475),"центр сюжета (256,274) object-position 50% 38%",рука 150–196 · поле 100–142 · коллекция 158–190 · модалка 300–380 · пак 122–164,+1/+2 вашему существу. Стойкость — доспех души.,«Свет не спорит с тьмой. Он просто приходит.»,Resources/Cards/Aurites/pal_13.png
pal_14,Молитва лазарета,Aurites,Spell,Uncommon,2,,,2.8,1.4,2.8,,-2.4,512×720,512x720,512×432 (x0 y72–x512 y504 | 10–70% высоты),430×374 (x41 y101–x471 y475),"центр сюжета (256,274) object-position 50% 38%",рука 150–196 · поле 100–142 · коллекция 158–190 · модалка 300–380 · пак 122–164,4 здоровья вашему герою. Братство помнит раны.,«Пепел честнее золота: он не притворяется.»,Resources/Cards/Aurites/pal_14.png
pyr_01,Ученик искры,Pyromancer,Creature,Common,1,3,2,5.0,5.0,0.0,,1.8,512×720,512x720,512×432 (x0 y72–x512 y504 | 10–70% высоты),430×374 (x41 y101–x471 y475),"центр сюжета (256,274) object-position 50% 38%",рука 150–196 · поле 100–142 · коллекция 158–190 · модалка 300–380 · пак 122–164,,«Феникс не воскресает. Он просто не успевает умереть.»,Resources/Cards/Pyromancer/pyr_01.png
pyr_02,Пепельный бес,Pyromancer,Creature,Common,1,2,2,5.2,5.2,1.2,,2.0,512×720,512x720,512×432 (x0 y72–x512 y504 | 10–70% высоты),430×374 (x41 y101–x471 y475),"центр сюжета (256,274) object-position 50% 38%",рука 150–196 · поле 100–142 · коллекция 158–190 · модалка 300–380 · пак 122–164,Рывок.,«Мы горим изнутри. Снаружи — тоже.»,Resources/Cards/Pyromancer/pyr_02.png
pyr_03,Саламандра-поджигатель,Pyromancer,Creature,Common,2,3,3,7.4,3.7,1.4,,2.2,512×720,512x720,512×432 (x0 y72–x512 y504 | 10–70% высоты),430×374 (x41 y101–x471 y475),"центр сюжета (256,274) object-position 50% 38%",рука 150–196 · поле 100–142 · коллекция 158–190 · модалка 300–380 · пак 122–164,Боевой клич: Наносит 1 урона (вражеский герой). Боевой клич.,«Огонь не лечит. Огонь объясняет.»,Resources/Cards/Pyromancer/pyr_03.png
pyr_04,Угольный элементаль,Pyromancer,Creature,Common,2,2,3,6.8,3.4,1.8,,1.6,512×720,512x720,512×432 (x0 y72–x512 y504 | 10–70% высоты),430×374 (x41 y101–x471 y475),"центр сюжета (256,274) object-position 50% 38%",рука 150–196 · поле 100–142 · коллекция 158–190 · модалка 300–380 · пак 122–164,Ваши заклинания наносят на 1 урон больше. Урон заклинаний +1.,«Мы платим своей кровью. Мелочью.»,Resources/Cards/Pyromancer/pyr_04.png
pyr_05,Факельщик,Pyromancer,Creature,Common,3,4,4,9.2,3.067,1.2,,2.0,512×720,512x720,512×432 (x0 y72–x512 y504 | 10–70% высоты),430×374 (x41 y101–x471 y475),"центр сюжета (256,274) object-position 50% 38%",рука 150–196 · поле 100–142 · коллекция 158–190 · модалка 300–380 · пак 122–164,Рывок.,«Мы горим изнутри. Снаружи — тоже.»,Resources/Cards/Pyromancer/pyr_05.png
pyr_06,Горнильный мастер,Pyromancer,Creature,Common,3,4,4,11.4,3.8,3.4,,4.2,512×720,512x720,512×432 (x0 y72–x512 y504 | 10–70% высоты),430×374 (x41 y101–x471 y475),"центр сюжета (256,274) object-position 50% 38%",рука 150–196 · поле 100–142 · коллекция 158–190 · модалка 300–380 · пак 122–164,Ваши заклинания наносят на 1 урон больше. Выжигание: входящее лечение противника снижено на 1. Урон заклинаний +1.,«Магма не спрашивает разрешения подняться.»,Resources/Cards/Pyromancer/pyr_06.png
pyr_07,Огненная стена,Pyromancer,Creature,Common,3,2,4,9.1,3.033,3.1,,1.9,512×720,512x720,512×432 (x0 y72–x512 y504 | 10–70% высоты),430×374 (x41 y101–x471 y475),"центр сюжета (256,274) object-position 50% 38%",рука 150–196 · поле 100–142 · коллекция 158–190 · модалка 300–380 · пак 122–164,При получении урона: Наносит 2 урона (вражеский герой). Провокация.,"«Жар спорит только с тем, кто ещё дышит.»",Resources/Cards/Pyromancer/pyr_07.png
pyr_08,Ифрит Пепла,Pyromancer,Creature,Rare,4,5,5,12.8,3.2,2.8,,3.6,512×720,512x720,512×432 (x0 y72–x512 y504 | 10–70% высоты),430×374 (x41 y101–x471 y475),"центр сюжета (256,274) object-position 50% 38%",рука 150–196 · поле 100–142 · коллекция 158–190 · модалка 300–380 · пак 122–164,Выжигание: входящее лечение противника снижено на 1. Рывок.,"«Искра дешевле меча, если знаешь, куда бросать.»",Resources/Cards/Pyromancer/pyr_08.png
pyr_09,Феникс-птенцы,Pyromancer,Creature,Rare,4,6,5,12.87,3.217,1.87,,3.67,512×720,512x720,512×432 (x0 y72–x512 y504 | 10–70% высоты),430×374 (x41 y101–x471 y475),"центр сюжета (256,274) object-position 50% 38%",рука 150–196 · поле 100–142 · коллекция 158–190 · модалка 300–380 · пак 122–164,Предсмертный хрип: Призовите «Пепельный дух» 2/2. Предсмертный хрип.,«Пепел — единственная честная валюта.»,Resources/Cards/Pyromancer/pyr_09.png
pyr_10,Магматический голем,Pyromancer,Creature,Rare,4,3,5,15.41,3.853,7.41,,6.21,512×720,512x720,512×432 (x0 y72–x512 y504 | 10–70% высоты),430×374 (x41 y101–x471 y475),"центр сюжета (256,274) object-position 50% 38%",рука 150–196 · поле 100–142 · коллекция 158–190 · модалка 300–380 · пак 122–164,Боевой клич: Нанесите 2 урона всем вражеским существам. Боевой клич.,«Мы горим изнутри. Снаружи — тоже.»,Resources/Cards/Pyromancer/pyr_10.png
pyr_11,Феникс Возрождённый,Pyromancer,Creature,Rare,5,5,6,14.92,2.984,3.92,,3.72,512×720,512x720,512×432 (x0 y72–x512 y504 | 10–70% высоты),430×374 (x41 y101–x471 y475),"центр сюжета (256,274) object-position 50% 38%",рука 150–196 · поле 100–142 · коллекция 158–190 · модалка 300–380 · пак 122–164,Предсмертный хрип: Призовите «Искра» 1/1; Восстановите 3 здоровья (ваш герой). Предсмертный хрип / Рывок.,«Гори ярко. Живи коротко. Бей первым.»,Resources/Cards/Pyromancer/pyr_11.png
pyr_12,Вулканический колосс,Pyromancer,Creature,Epic,6,7,7,24.71,4.118,10.71,,11.51,512×720,512x720,512×432 (x0 y72–x512 y504 | 10–70% высоты),430×374 (x41 y101–x471 y475),"центр сюжета (256,274) object-position 50% 38%",рука 150–196 · поле 100–142 · коллекция 158–190 · модалка 300–380 · пак 122–164,Боевой клич: Нанесите 2 урона всем вражеским существам. Выжигание: входящее лечение противника снижено на 1. Рывок / Прорыв.,«Гори ярко. Живи коротко. Бей первым.»,Resources/Cards/Pyromancer/pyr_12.png
pyr_13,Пепельный титан,Pyromancer,Creature,Rare,6,6,7,18.0,3.0,5.0,,4.8,512×720,512x720,512×432 (x0 y72–x512 y504 | 10–70% высоты),430×374 (x41 y101–x471 y475),"центр сюжета (256,274) object-position 50% 38%",рука 150–196 · поле 100–142 · коллекция 158–190 · модалка 300–380 · пак 122–164,Когда вы разыгрываете заклинание: Наносит 2 урона (вражеский герой). Ваши заклинания наносят на 1 урон больше. Урон заклинаний +1.,«Пепел — единственная честная валюта.»,Resources/Cards/Pyromancer/pyr_13.png
pyr_14,Избранник Огня,Pyromancer,Creature,Legendary,7,6,8,26.87,3.839,12.87,,11.67,512×720,512x720,512×432 (x0 y72–x512 y504 | 10–70% высоты),430×374 (x41 y101–x471 y475),"центр сюжета (256,274) object-position 50% 38%",рука 150–196 · поле 100–142 · коллекция 158–190 · модалка 300–380 · пак 122–164,Боевой клич: Нанесите 3 урона всем вражеским существам. Рывок / Вампиризм.,«Магма не спрашивает разрешения подняться.»,Resources/Cards/Pyromancer/pyr_14.png
pyr_15,Горнило Ярости,Pyromancer,Creature,Rare,5,4,6,16.6,3.32,6.6,,5.4,512×720,512x720,512×432 (x0 y72–x512 y504 | 10–70% высоты),430×374 (x41 y101–x471 y475),"центр сюжета (256,274) object-position 50% 38%",рука 150–196 · поле 100–142 · коллекция 158–190 · модалка 300–380 · пак 122–164,Когда вы разыгрываете заклинание: Наносит 2 урона (вражеский герой). Ваши заклинания наносят на 1 урон больше. Выжигание: входящее лечение противника снижено на 1. Урон заклинаний +1.,«Огонь не лечит. Огонь объясняет.»,Resources/Cards/Pyromancer/pyr_15.png
pyr_31,Огнерождённый элементаль,Pyromancer,Creature,Common,3,2,4,7.2,2.4,1.2,,0.0,512×720,512x720,512×432 (x0 y72–x512 y504 | 10–70% высоты),430×374 (x41 y101–x471 y475),"центр сюжета (256,274) object-position 50% 38%",рука 150–196 · поле 100–142 · коллекция 158–190 · модалка 300–380 · пак 122–164,Рывок.,«Пепел честнее золота: он не притворяется.»,Resources/Cards/Pyromancer/pyr_31.png
pyr_32,Угольный жернов,Pyromancer,Creature,Legendary,7,4,4,20.87,2.981,12.87,,5.67,512×720,512x720,512×432 (x0 y72–x512 y504 | 10–70% высоты),430×374 (x41 y101–x471 y475),"центр сюжета (256,274) object-position 50% 38%",рука 150–196 · поле 100–142 · коллекция 158–190 · модалка 300–380 · пак 122–164,Боевой клич: Нанесите 3 урона всем вражеским существам. Рывок / Вампиризм.,«Корни глубже стен. Всегда глубже.»,Resources/Cards/Pyromancer/pyr_32.png
pyr_33,Пылающий вимпел,Pyromancer,Creature,Epic,2,2,2,5.4,2.7,1.4,,0.2,512×720,512x720,512×432 (x0 y72–x512 y504 | 10–70% высоты),430×374 (x41 y101–x471 y475),"центр сюжета (256,274) object-position 50% 38%",рука 150–196 · поле 100–142 · коллекция 158–190 · модалка 300–380 · пак 122–164,Боевой клич: Наносит 1 урона (вражеский герой). Боевой клич.,«Руины — это не конец. Это черновик.»,Resources/Cards/Pyromancer/pyr_33.png
pyr_34,Огнерождённый жернов,Pyromancer,Creature,Rare,7,8,6,19.0,2.714,5.0,,3.8,512×720,512x720,512×432 (x0 y72–x512 y504 | 10–70% высоты),430×374 (x41 y101–x471 y475),"центр сюжета (256,274) object-position 50% 38%",рука 150–196 · поле 100–142 · коллекция 158–190 · модалка 300–380 · пак 122–164,Когда вы разыгрываете заклинание: Наносит 2 урона (вражеский герой). Ваши заклинания наносят на 1 урон больше. Урон заклинаний +1.,«Руины — это не конец. Это черновик.»,Resources/Cards/Pyromancer/pyr_34.png
pyr_35,Дымный факельщик,Pyromancer,Creature,Common,7,3,5,20.87,2.981,12.87,,5.67,512×720,512x720,512×432 (x0 y72–x512 y504 | 10–70% высоты),430×374 (x41 y101–x471 y475),"центр сюжета (256,274) object-position 50% 38%",рука 150–196 · поле 100–142 · коллекция 158–190 · модалка 300–380 · пак 122–164,Боевой клич: Нанесите 3 урона всем вражеским существам. Рывок / Вампиризм.,«Между ударами сердца есть дверь. Я видел её.»,Resources/Cards/Pyromancer/pyr_35.png
pyr_36,Искровой вулкан,Pyromancer,Creature,Common,6,3,5,18.71,3.118,10.71,,5.51,512×720,512x720,512×432 (x0 y72–x512 y504 | 10–70% высоты),430×374 (x41 y101–x471 y475),"центр сюжета (256,274) object-position 50% 38%",рука 150–196 · поле 100–142 · коллекция 158–190 · модалка 300–380 · пак 122–164,Боевой клич: Нанесите 2 урона всем вражеским существам. Выжигание: входящее лечение противника снижено на 1. Рывок / Прорыв.,«Свет не спорит с тьмой. Он просто приходит.»,Resources/Cards/Pyromancer/pyr_36.png
pyr_37,Угольный саламандр,Pyromancer,Creature,Legendary,6,3,5,18.71,3.118,10.71,,5.51,512×720,512x720,512×432 (x0 y72–x512 y504 | 10–70% высоты),430×374 (x41 y101–x471 y475),"центр сюжета (256,274) object-position 50% 38%",рука 150–196 · поле 100–142 · коллекция 158–190 · модалка 300–380 · пак 122–164,Боевой клич: Нанесите 2 урона всем вражеским существам. Выжигание: входящее лечение противника снижено на 1. Рывок / Прорыв.,«Тишина перед бурей — это тоже буря.»,Resources/Cards/Pyromancer/pyr_37.png
pyr_38,Искровой жернов,Pyromancer,Creature,Epic,5,5,5,11.87,2.374,1.87,,0.67,512×720,512x720,512×432 (x0 y72–x512 y504 | 10–70% высоты),430×374 (x41 y101–x471 y475),"центр сюжета (256,274) object-position 50% 38%",рука 150–196 · поле 100–142 · коллекция 158–190 · модалка 300–380 · пак 122–164,Предсмертный хрип: Призовите «Пепельный дух» 2/2. Предсмертный хрип.,«Пепел честнее золота: он не притворяется.»,Resources/Cards/Pyromancer/pyr_38.png
pyr_39,Лавовый факельщик,Pyromancer,Creature,Rare,5,4,5,12.96,2.592,3.96,,1.76,512×720,512x720,512×432 (x0 y72–x512 y504 | 10–70% высоты),430×374 (x41 y101–x471 y475),"центр сюжета (256,274) object-position 50% 38%",рука 150–196 · поле 100–142 · коллекция 158–190 · модалка 300–380 · пак 122–164,Боевой клич: Нанесите 2 урона всем вражеским существам. Боевой клич.,«Руины — это не конец. Это черновик.»,Resources/Cards/Pyromancer/pyr_39.png
pyr_40,Пиромантийный вимпел,Pyromancer,Creature,Epic,7,7,4,18.26,2.609,7.26,,3.06,512×720,512x720,512×432 (x0 y72–x512 y504 | 10–70% высоты),430×374 (x41 y101–x471 y475),"центр сюжета (256,274) object-position 50% 38%",рука 150–196 · поле 100–142 · коллекция 158–190 · модалка 300–380 · пак 122–164,Боевой клич: Нанесите 2 урона всем вражеским существам. Выжигание: входящее лечение противника снижено на 1. Рывок / Прорыв.,«Свет не спорит с тьмой. Он просто приходит.»,Resources/Cards/Pyromancer/pyr_40.png
pyr_41,Пылающий саламандр,Pyromancer,Creature,Common,3,2,4,8.8,2.933,2.8,,1.6,512×720,512x720,512×432 (x0 y72–x512 y504 | 10–70% высоты),430×374 (x41 y101–x471 y475),"центр сюжета (256,274) object-position 50% 38%",рука 150–196 · поле 100–142 · коллекция 158–190 · модалка 300–380 · пак 122–164,Выжигание: входящее лечение противника снижено на 1. Рывок.,«Свет не спорит с тьмой. Он просто приходит.»,Resources/Cards/Pyromancer/pyr_41.png
pyr_42,Пиромантийный поджигатель,Pyromancer,Creature,Common,3,3,3,7.2,2.4,1.2,,0.0,512×720,512x720,512×432 (x0 y72–x512 y504 | 10–70% высоты),430×374 (x41 y101–x471 y475),"центр сюжета (256,274) object-position 50% 38%",рука 150–196 · поле 100–142 · коллекция 158–190 · модалка 300–380 · пак 122–164,Рывок.,«Руины — это не конец. Это черновик.»,Resources/Cards/Pyromancer/pyr_42.png
pyr_43,Факельный факельщик,Pyromancer,Creature,Epic,3,3,3,8.8,2.933,2.8,,1.6,512×720,512x720,512×432 (x0 y72–x512 y504 | 10–70% высоты),430×374 (x41 y101–x471 y475),"центр сюжета (256,274) object-position 50% 38%",рука 150–196 · поле 100–142 · коллекция 158–190 · модалка 300–380 · пак 122–164,Выжигание: входящее лечение противника снижено на 1. Рывок.,«Корни глубже стен. Всегда глубже.»,Resources/Cards/Pyromancer/pyr_43.png
pyr_44,Огнерождённый вулкан,Pyromancer,Creature,Common,3,3,3,9.4,3.133,3.4,,2.2,512×720,512x720,512×432 (x0 y72–x512 y504 | 10–70% высоты),430×374 (x41 y101–x471 y475),"центр сюжета (256,274) object-position 50% 38%",рука 150–196 · поле 100–142 · коллекция 158–190 · модалка 300–380 · пак 122–164,Ваши заклинания наносят на 1 урон больше. Выжигание: входящее лечение противника снижено на 1. Урон заклинаний +1.,«Руины — это не конец. Это черновик.»,Resources/Cards/Pyromancer/pyr_44.png
pyr_r01,Руна Жара,Pyromancer,Rune,Common,2,,,2.4,1.2,2.4,,-2.8,512×720,512x720,512×432 (x0 y72–x512 y504 | 10–70% высоты),430×374 (x41 y101–x471 y475),"центр сюжета (256,274) object-position 50% 38%",рука 150–196 · поле 100–142 · коллекция 158–190 · модалка 300–380 · пак 122–164,Аура: ваши заклинания наносят на 1 урона больше. Действует до конца игры. Руну нельзя уничтожить обычными заклинаниями.,«Магма не спрашивает разрешения подняться.»,Resources/Cards/Pyromancer/pyr_r01.png
pyr_r02,Руна Пепла,Pyromancer,Rune,Common,3,,,5.2,1.733,5.2,,-2.0,512×720,512x720,512×432 (x0 y72–x512 y504 | 10–70% высоты),430×374 (x41 y101–x471 y475),"центр сюжета (256,274) object-position 50% 38%",рука 150–196 · поле 100–142 · коллекция 158–190 · модалка 300–380 · пак 122–164,В начале вашего хода: Наносит 2 урона (вражеский герой). Действует до конца игры. Руну нельзя уничтожить обычными заклинаниями.,«Мы горим изнутри. Снаружи — тоже.»,Resources/Cards/Pyromancer/pyr_r02.png
pyr_r03,Руна Горения,Pyromancer,Rune,Common,4,,,2.6,0.65,2.6,,-6.6,512×720,512x720,512×432 (x0 y72–x512 y504 | 10–70% высоты),430×374 (x41 y101–x471 y475),"центр сюжета (256,274) object-position 50% 38%",рука 150–196 · поле 100–142 · коллекция 158–190 · модалка 300–380 · пак 122–164,"В начале вашего хода: Подожгите всех врагов (1 урона, 2 ход(а)). Действует до конца игры. Руну нельзя уничтожить обычными заклинаниями.",«Огонь не лечит. Огонь объясняет.»,Resources/Cards/Pyromancer/pyr_r03.png
pyr_r04,Руна Великого Горна,Pyromancer,Rune,Rare,5,,,4.6,0.92,4.6,,-6.6,512×720,512x720,512×432 (x0 y72–x512 y504 | 10–70% высоты),430×374 (x41 y101–x471 y475),"центр сюжета (256,274) object-position 50% 38%",рука 150–196 · поле 100–142 · коллекция 158–190 · модалка 300–380 · пак 122–164,Аура: ваши заклинания наносят на 1 урона больше. Действует до конца игры. Руну нельзя уничтожить обычными заклинаниями. Выжигание: входящее лечение противника снижено на 1.,«Огонь не лечит. Огонь объясняет.»,Resources/Cards/Pyromancer/pyr_r04.png
pyr_r05,Руна Извержения,Pyromancer,Rune,Epic,6,,,19.97,3.328,19.97,,6.77,512×720,512x720,512×432 (x0 y72–x512 y504 | 10–70% высоты),430×374 (x41 y101–x471 y475),"центр сюжета (256,274) object-position 50% 38%",рука 150–196 · поле 100–142 · коллекция 158–190 · модалка 300–380 · пак 122–164,В начале вашего хода: Нанесите 2 урона всем вражеским существам. Действует до конца игры. Руну нельзя уничтожить обычными заклинаниями.,«Мы горим изнутри. Снаружи — тоже.»,Resources/Cards/Pyromancer/pyr_r05.png
pyr_r06,Руна Вечного Пламени,Pyromancer,Rune,Legendary,7,,,22.58,3.226,22.58,,7.38,512×720,512x720,512×432 (x0 y72–x512 y504 | 10–70% высоты),430×374 (x41 y101–x471 y475),"центр сюжета (256,274) object-position 50% 38%",рука 150–196 · поле 100–142 · коллекция 158–190 · модалка 300–380 · пак 122–164,Аура: ваши заклинания наносят на 2 урона больше. В начале вашего хода: Наносит 3 урона (вражеский герой); Нанесите 1 урона всем вражеским существам. Действует до конца игры. Руну нельзя уничтожить обычными заклинаниями.,"«Искра дешевле меча, если знаешь, куда бросать.»",Resources/Cards/Pyromancer/pyr_r06.png
pyr_r07,Искровой поджигатель,Pyromancer,Rune,Rare,1,,,4.6,4.6,4.6,,1.4,512×720,512x720,512×432 (x0 y72–x512 y504 | 10–70% высоты),430×374 (x41 y101–x471 y475),"центр сюжета (256,274) object-position 50% 38%",рука 150–196 · поле 100–142 · коллекция 158–190 · модалка 300–380 · пак 122–164,Аура: ваши заклинания наносят на 1 урона больше. Действует до конца игры. Руну нельзя уничтожить обычными заклинаниями. Выжигание: входящее лечение противника снижено на 1.,«Руины — это не конец. Это черновик.»,Resources/Cards/Pyromancer/pyr_r07.png
pyr_r08,Пиромантийный элементаль,Pyromancer,Rune,Rare,1,,,19.97,19.97,19.97,,16.77,512×720,512x720,512×432 (x0 y72–x512 y504 | 10–70% высоты),430×374 (x41 y101–x471 y475),"центр сюжета (256,274) object-position 50% 38%",рука 150–196 · поле 100–142 · коллекция 158–190 · модалка 300–380 · пак 122–164,В начале вашего хода: Нанесите 2 урона всем вражеским существам. Действует до конца игры. Руну нельзя уничтожить обычными заклинаниями.,«Тишина перед бурей — это тоже буря.»,Resources/Cards/Pyromancer/pyr_r08.png
pyr_r09,Пылающий вулкан,Pyromancer,Rune,Rare,1,,,4.6,4.6,4.6,,1.4,512×720,512x720,512×432 (x0 y72–x512 y504 | 10–70% высоты),430×374 (x41 y101–x471 y475),"центр сюжета (256,274) object-position 50% 38%",рука 150–196 · поле 100–142 · коллекция 158–190 · модалка 300–380 · пак 122–164,Аура: ваши заклинания наносят на 1 урона больше. Действует до конца игры. Руну нельзя уничтожить обычными заклинаниями. Выжигание: входящее лечение противника снижено на 1.,«Свет не спорит с тьмой. Он просто приходит.»,Resources/Cards/Pyromancer/pyr_r09.png
pyr_r10,Пылающий феникс,Pyromancer,Rune,Common,1,,,2.6,2.6,2.6,,-0.6,512×720,512x720,512×432 (x0 y72–x512 y504 | 10–70% высоты),430×374 (x41 y101–x471 y475),"центр сюжета (256,274) object-position 50% 38%",рука 150–196 · поле 100–142 · коллекция 158–190 · модалка 300–380 · пак 122–164,"В начале вашего хода: Подожгите всех врагов (1 урона, 2 ход(а)). Действует до конца игры. Руну нельзя уничтожить обычными заклинаниями.","«Цена силы — след, который она оставляет.»",Resources/Cards/Pyromancer/pyr_r10.png
pyr_r11,Огнерождённый факельщик,Pyromancer,Rune,Common,1,,,2.4,2.4,2.4,,-0.8,512×720,512x720,512×432 (x0 y72–x512 y504 | 10–70% высоты),430×374 (x41 y101–x471 y475),"центр сюжета (256,274) object-position 50% 38%",рука 150–196 · поле 100–142 · коллекция 158–190 · модалка 300–380 · пак 122–164,Аура: ваши заклинания наносят на 1 урона больше. Действует до конца игры. Руну нельзя уничтожить обычными заклинаниями.,«Тишина перед бурей — это тоже буря.»,Resources/Cards/Pyromancer/pyr_r11.png
pyr_s01,Огненный снаряд,Pyromancer,Spell,Common,1,,,2.0,2.0,2.0,,-1.2,512×720,512x720,512×432 (x0 y72–x512 y504 | 10–70% высоты),430×374 (x41 y101–x471 y475),"центр сюжета (256,274) object-position 50% 38%",рука 150–196 · поле 100–142 · коллекция 158–190 · модалка 300–380 · пак 122–164,Нанесите 2 урона.,«Гори ярко. Живи коротко. Бей первым.»,Resources/Cards/Pyromancer/pyr_s01.png
pyr_s02,Вспышка,Pyromancer,Spell,Common,2,,,3.0,1.5,3.0,,-2.2,512×720,512x720,512×432 (x0 y72–x512 y504 | 10–70% высоты),430×374 (x41 y101–x471 y475),"центр сюжета (256,274) object-position 50% 38%",рука 150–196 · поле 100–142 · коллекция 158–190 · модалка 300–380 · пак 122–164,Наносит 3 урона (вражеский герой).,«Мы горим изнутри. Снаружи — тоже.»,Resources/Cards/Pyromancer/pyr_s02.png
pyr_s03,Поджог,Pyromancer,Spell,Common,2,,,3.49,1.745,3.49,,-1.71,512×720,512x720,512×432 (x0 y72–x512 y504 | 10–70% высоты),430×374 (x41 y101–x471 y475),"центр сюжета (256,274) object-position 50% 38%",рука 150–196 · поле 100–142 · коллекция 158–190 · модалка 300–380 · пак 122–164,Наносит 2 урона (вражеское существо); Горение 1 на 2 ход(а) (вражеское существо).,«Мы платим своей кровью. Мелочью.»,Resources/Cards/Pyromancer/pyr_s03.png
pyr_s04,Огненный шар,Pyromancer,Spell,Common,3,,,5.0,1.667,5.0,,-2.2,512×720,512x720,512×432 (x0 y72–x512 y504 | 10–70% высоты),430×374 (x41 y101–x471 y475),"центр сюжета (256,274) object-position 50% 38%",рука 150–196 · поле 100–142 · коллекция 158–190 · модалка 300–380 · пак 122–164,Наносит 5 урона (вражеский герой).,"«Жар спорит только с тем, кто ещё дышит.»",Resources/Cards/Pyromancer/pyr_s04.png
pyr_s06,Пепельный ливень,Pyromancer,Spell,Common,4,,,3.0,0.75,3.0,,-6.2,512×720,512x720,512×432 (x0 y72–x512 y504 | 10–70% высоты),430×374 (x41 y101–x471 y475),"центр сюжета (256,274) object-position 50% 38%",рука 150–196 · поле 100–142 · коллекция 158–190 · модалка 300–380 · пак 122–164,"Наносит 2 урона (вражеский герой); Подожгите всех врагов (1 урона, 2 ход(а)).",«Пепел — единственная честная валюта.»,Resources/Cards/Pyromancer/pyr_s06.png
pyr_s07,Метеоритный дождь,Pyromancer,Spell,Rare,5,,,5.4,1.08,5.4,,-5.8,512×720,512x720,512×432 (x0 y72–x512 y504 | 10–70% высоты),430×374 (x41 y101–x471 y475),"центр сюжета (256,274) object-position 50% 38%",рука 150–196 · поле 100–142 · коллекция 158–190 · модалка 300–380 · пак 122–164,"Наносит 2 урона (вражеский герой), 3 раза.",«Мы горим изнутри. Снаружи — тоже.»,Resources/Cards/Pyromancer/pyr_s07.png
pyr_s08,Инферно,Pyromancer,Spell,Epic,6,,,16.95,2.825,16.95,,3.75,512×720,512x720,512×432 (x0 y72–x512 y504 | 10–70% высоты),430×374 (x41 y101–x471 y475),"центр сюжета (256,274) object-position 50% 38%",рука 150–196 · поле 100–142 · коллекция 158–190 · модалка 300–380 · пак 122–164,Ритуал: разрешается в начале вашего следующего хода. Нанесите 4 урона всем существам; Наносит 3 урона (вражеский герой).,"«Жар спорит только с тем, кто ещё дышит.»",Resources/Cards/Pyromancer/pyr_s08.png
pyr_s09,Зов Вулкана,Pyromancer,Spell,Legendary,7,,,20.65,2.95,20.65,,5.45,512×720,512x720,512×432 (x0 y72–x512 y504 | 10–70% высоты),430×374 (x41 y101–x471 y475),"центр сюжета (256,274) object-position 50% 38%",рука 150–196 · поле 100–142 · коллекция 158–190 · модалка 300–380 · пак 122–164,Ритуал: разрешается в начале вашего следующего хода. Наносит 5 урона (вражеский герой); Нанесите 3 урона всем вражеским существам.,«Мы платим своей кровью. Мелочью.»,Resources/Cards/Pyromancer/pyr_s09.png
pyr_s10,Раскалённые угли,Pyromancer,Spell,Common,2,,,5.84,2.92,5.84,,0.64,512×720,512x720,512×432 (x0 y72–x512 y504 | 10–70% высоты),430×374 (x41 y101–x471 y475),"центр сюжета (256,274) object-position 50% 38%",рука 150–196 · поле 100–142 · коллекция 158–190 · модалка 300–380 · пак 122–164,Наносит 2 урона (вражеский герой); Нанесите 1 урона всем вражеским существам.,«Каждое заклинание стоит одного удара сердца.»,Resources/Cards/Pyromancer/pyr_s10.png
pyr_s11,Угольный поджигатель,Terramorph,Spell,Epic,5,,,11.88,2.376,11.88,,0.68,512×720,512x720,512×432 (x0 y72–x512 y504 | 10–70% высоты),430×374 (x41 y101–x471 y475),"центр сюжета (256,274) object-position 50% 38%",рука 150–196 · поле 100–142 · коллекция 158–190 · модалка 300–380 · пак 122–164,Ритуал: разрешается в начале вашего следующего хода. Нанесите 2 урона всем существам; +2 к максимуму маны; Возьмите 2 карт(у).,"«Эхо помнит даже то, что Цитадель предпочла забыть.»",Resources/Cards/Terramorph/pyr_s11.png
pyr_s12,Дымный вулкан,Necrus,Spell,Epic,4,,,10.2,2.55,10.2,,1.0,512×720,512x720,512×432 (x0 y72–x512 y504 | 10–70% высоты),430×374 (x41 y101–x471 y475),"центр сюжета (256,274) object-position 50% 38%",рука 150–196 · поле 100–142 · коллекция 158–190 · модалка 300–380 · пак 122–164,Уничтожьте с наименьшим здоровьем (любое существо); Возьмите 2 карт(у); Восстановите 4 здоровья (ваш герой).,«Тишина перед бурей — это тоже буря.»,Resources/Cards/Necrus/pyr_s12.png
pyr_s13,Пиромантийный вулкан,Ethereal,Spell,Common,1,,,4.0,4.0,4.0,,0.8,512×720,512x720,512×432 (x0 y72–x512 y504 | 10–70% высоты),430×374 (x41 y101–x471 y475),"центр сюжета (256,274) object-position 50% 38%",рука 150–196 · поле 100–142 · коллекция 158–190 · модалка 300–380 · пак 122–164,Украдите 2 случайную(ых) карту(ы) из руки противника.,«Между ударами сердца есть дверь. Я видел её.»,Resources/Cards/Ethereal/pyr_s13.png
pyr_s14,Лавовый элементаль,Aurites,Spell,Common,2,,,8.38,4.19,8.38,,3.18,512×720,512x720,512×432 (x0 y72–x512 y504 | 10–70% высоты),430×374 (x41 y101–x471 y475),"центр сюжета (256,274) object-position 50% 38%",рука 150–196 · поле 100–142 · коллекция 158–190 · модалка 300–380 · пак 122–164,Нанесите 2 урона всем вражеским существам; Восстановите 2 здоровья (ваш герой).,«Пепел честнее золота: он не притворяется.»,Resources/Cards/Aurites/pyr_s14.png
pyr_s15,Лавовый саламандр,Pyromancer,Spell,Common,2,,,6.09,3.045,6.09,,0.89,512×720,512x720,512×432 (x0 y72–x512 y504 | 10–70% высоты),430×374 (x41 y101–x471 y475),"центр сюжета (256,274) object-position 50% 38%",рука 150–196 · поле 100–142 · коллекция 158–190 · модалка 300–380 · пак 122–164,Наносит 2 урона (вражеское существо); Горение 1 на 2 ход(а) (вражеское существо).,«Руины — это не конец. Это черновик.»,Resources/Cards/Pyromancer/pyr_s15.png
pyr_s16,Лавовый жернов,Pyromancer,Spell,Epic,1,,,3.1,3.1,3.1,,-0.1,512×720,512x720,512×432 (x0 y72–x512 y504 | 10–70% высоты),430×374 (x41 y101–x471 y475),"центр сюжета (256,274) object-position 50% 38%",рука 150–196 · поле 100–142 · коллекция 158–190 · модалка 300–380 · пак 122–164,Наносит 2 урона (вражеское существо); Горение 1 на 2 ход(а) (вражеское существо).,"«Цена силы — след, который она оставляет.»",Resources/Cards/Pyromancer/pyr_s16.png
pyr_s17,Дымный жернов,Pyromancer,Spell,Rare,1,,,6.05,6.05,6.05,,2.85,512×720,512x720,512×432 (x0 y72–x512 y504 | 10–70% высоты),430×374 (x41 y101–x471 y475),"центр сюжета (256,274) object-position 50% 38%",рука 150–196 · поле 100–142 · коллекция 158–190 · модалка 300–380 · пак 122–164,Наносит 2 урона (вражеский герой); Нанесите 1 урона всем вражеским существам.,"«Цена силы — след, который она оставляет.»",Resources/Cards/Pyromancer/pyr_s17.png
pyr_s18,Огнерождённый феникс,Pyromancer,Spell,Common,1,,,3.0,3.0,3.0,,-0.2,512×720,512x720,512×432 (x0 y72–x512 y504 | 10–70% высоты),430×374 (x41 y101–x471 y475),"центр сюжета (256,274) object-position 50% 38%",рука 150–196 · поле 100–142 · коллекция 158–190 · модалка 300–380 · пак 122–164,Наносит 3 урона (вражеский герой).,«Пепел честнее золота: он не притворяется.»,Resources/Cards/Pyromancer/pyr_s18.png
pyr_s19,Факельный феникс,Pyromancer,Spell,Common,4,,,10.92,2.73,10.92,,1.72,512×720,512x720,512×432 (x0 y72–x512 y504 | 10–70% высоты),430×374 (x41 y101–x471 y475),"центр сюжета (256,274) object-position 50% 38%",рука 150–196 · поле 100–142 · коллекция 158–190 · модалка 300–380 · пак 122–164,Ритуал: разрешается в начале вашего следующего хода. Нанесите 4 урона всем существам; Наносит 3 урона (вражеский герой).,«Между ударами сердца есть дверь. Я видел её.»,Resources/Cards/Pyromancer/pyr_s19.png
sbd_01,Послушник свечи,Neutral,Creature,Common,1,1,1,3.13,3.13,1.13,,-0.07,512×720,512x720,512×432 (x0 y72–x512 y504 | 10–70% высоты),430×374 (x41 y101–x471 y475),"центр сюжета (256,274) object-position 50% 38%",рука 150–196 · поле 100–142 · коллекция 158–190 · модалка 300–380 · пак 122–164,Боевой клич: 1 здоровье вашему герою.,"«Цена силы — след, который она оставляет.»",Resources/Cards/Neutral/sbd_01.png
sbd_02,Брат-привратник,Neutral,Creature,Common,2,1,3,4.7,2.35,0.7,,-0.5,512×720,512x720,512×432 (x0 y72–x512 y504 | 10–70% высоты),430×374 (x41 y101–x471 y475),"центр сюжета (256,274) object-position 50% 38%",рука 150–196 · поле 100–142 · коллекция 158–190 · модалка 300–380 · пак 122–164,Таунт. Дверь храма — его епархия.,«Свет не спорит с тьмой. Он просто приходит.»,Resources/Cards/Neutral/sbd_02.png
sbd_03,Странствующий проповедник,Neutral,Creature,Common,2,2,1,4.49,2.245,1.49,,-0.71,512×720,512x720,512×432 (x0 y72–x512 y504 | 10–70% высоты),430×374 (x41 y101–x471 y475),"центр сюжета (256,274) object-position 50% 38%",рука 150–196 · поле 100–142 · коллекция 158–190 · модалка 300–380 · пак 122–164,Боевой клич: призовите «Послушник» 1/1.,«Пепел честнее золота: он не притворяется.»,Resources/Cards/Neutral/sbd_03.png
sbd_04,Хоральный брат,Neutral,Creature,Common,3,2,3,6.49,2.163,1.49,,-0.71,512×720,512x720,512×432 (x0 y72–x512 y504 | 10–70% высоты),430×374 (x41 y101–x471 y475),"центр сюжета (256,274) object-position 50% 38%",рука 150–196 · поле 100–142 · коллекция 158–190 · модалка 300–380 · пак 122–164,Боевой клич: призовите «Послушник» 1/1.,"«Яд не спешит: он знает, куда идёт.»",Resources/Cards/Neutral/sbd_04.png
sbd_05,Наставник новиция,Neutral,Creature,Common,4,3,3,8.75,2.188,2.75,,-0.45,512×720,512x720,512×432 (x0 y72–x512 y504 | 10–70% высоты),430×374 (x41 y101–x471 y475),"центр сюжета (256,274) object-position 50% 38%",рука 150–196 · поле 100–142 · коллекция 158–190 · модалка 300–380 · пак 122–164,Боевой клич: «Послушник» 1/1 и 2 здоровья герою.,"«Цена силы — след, который она оставляет.»",Resources/Cards/Neutral/sbd_05.png
sbd_06,Мученик веры,Neutral,Creature,Common,3,2,2,4.94,1.647,0.94,,-2.26,512×720,512x720,512×432 (x0 y72–x512 y504 | 10–70% высоты),430×374 (x41 y101–x471 y475),"центр сюжета (256,274) object-position 50% 38%",рука 150–196 · поле 100–142 · коллекция 158–190 · модалка 300–380 · пак 122–164,Предсмертный хрип: призовите «Послушник» 1/1.,«Свет не спорит с тьмой. Он просто приходит.»,Resources/Cards/Neutral/sbd_06.png
sbd_07,Целитель обители,Neutral,Creature,Uncommon,4,3,4,10.09,2.522,3.09,,0.89,512×720,512x720,512×432 (x0 y72–x512 y504 | 10–70% высоты),430×374 (x41 y101–x471 y475),"центр сюжета (256,274) object-position 50% 38%",рука 150–196 · поле 100–142 · коллекция 158–190 · модалка 300–380 · пак 122–164,Боевой клич: 2 здоровья всем вашим существам.,«Пепел честнее золота: он не притворяется.»,Resources/Cards/Neutral/sbd_07.png
sbd_08,Архимандрит,Neutral,Creature,Uncommon,5,4,4,10.48,2.096,2.48,,-0.72,512×720,512x720,512×432 (x0 y72–x512 y504 | 10–70% высоты),430×374 (x41 y101–x471 y475),"центр сюжета (256,274) object-position 50% 38%",рука 150–196 · поле 100–142 · коллекция 158–190 · модалка 300–380 · пак 122–164,Боевой клич: два «Послушник» 1/1.,"«Яд не спешит: он знает, куда идёт.»",Resources/Cards/Neutral/sbd_08.png
sbd_09,Светоч братства,Neutral,Creature,Rare,4,2,4,9.09,2.272,3.09,,-0.11,512×720,512x720,512×432 (x0 y72–x512 y504 | 10–70% высоты),430×374 (x41 y101–x471 y475),"центр сюжета (256,274) object-position 50% 38%",рука 150–196 · поле 100–142 · коллекция 158–190 · модалка 300–380 · пак 122–164,Таунт. Боевой клич: 3 здоровья вашему герою.,"«Цена силы — след, который она оставляет.»",Resources/Cards/Neutral/sbd_09.png
sbd_10,Игумен процессий,Neutral,Creature,Rare,5,4,5,13.08,2.616,4.08,,1.88,512×720,512x720,512×432 (x0 y72–x512 y504 | 10–70% высоты),430×374 (x41 y101–x471 y475),"центр сюжета (256,274) object-position 50% 38%",рука 150–196 · поле 100–142 · коллекция 158–190 · модалка 300–380 · пак 122–164,Боевой клич: «Послушник» 1/1 и 2 здоровья всем вашим существам.,«Свет не спорит с тьмой. Он просто приходит.»,Resources/Cards/Neutral/sbd_10.png
sbd_11,Великая процессия,Neutral,Spell,Rare,6,,,4.12,0.687,4.12,,-9.08,512×720,512x720,512×432 (x0 y72–x512 y504 | 10–70% высоты),430×374 (x41 y101–x471 y475),"центр сюжета (256,274) object-position 50% 38%",рука 150–196 · поле 100–142 · коллекция 158–190 · модалка 300–380 · пак 122–164,Призовите трёх «Послушник» 1/1. Пение слышно в Цитадели.,«Пепел честнее золота: он не притворяется.»,Resources/Cards/Neutral/sbd_11.png
sbd_12,Патриарх Братства,Neutral,Creature,Legendary,7,5,6,17.26,2.466,6.26,,2.06,512×720,512x720,512×432 (x0 y72–x512 y504 | 10–70% высоты),430×374 (x41 y101–x471 y475),"центр сюжета (256,274) object-position 50% 38%",рука 150–196 · поле 100–142 · коллекция 158–190 · модалка 300–380 · пак 122–164,Боевой клич: 6 здоровья герою и два «Послушник» 1/1.,"«Яд не спешит: он знает, куда идёт.»",Resources/Cards/Neutral/sbd_12.png
sbd_13,Милостыня и молитва,Neutral,Spell,Common,2,,,3.9,1.95,3.9,,-1.3,512×720,512x720,512×432 (x0 y72–x512 y504 | 10–70% высоты),430×374 (x41 y101–x471 y475),"центр сюжета (256,274) object-position 50% 38%",рука 150–196 · поле 100–142 · коллекция 158–190 · модалка 300–380 · пак 122–164,3 здоровья герою и 1 карта. Братство делится.,"«Цена силы — след, который она оставляет.»",Resources/Cards/Neutral/sbd_13.png
sbd_14,Елеосвящение,Neutral,Spell,Uncommon,3,,,5.76,1.92,5.76,,-1.44,512×720,512x720,512×432 (x0 y72–x512 y504 | 10–70% высоты),430×374 (x41 y101–x471 y475),"центр сюжета (256,274) object-position 50% 38%",рука 150–196 · поле 100–142 · коллекция 158–190 · модалка 300–380 · пак 122–164,4 здоровья всем вашим существам. Елей и слово.,«Свет не спорит с тьмой. Он просто приходит.»,Resources/Cards/Neutral/sbd_14.png
scc_01,Суккуб-лихорадка,Ethereal,Creature,Common,1,1,2,4.3,4.3,1.3,,1.1,512×720,512x720,512×432 (x0 y72–x512 y504 | 10–70% высоты),430×374 (x41 y101–x471 y475),"центр сюжета (256,274) object-position 50% 38%",рука 150–196 · поле 100–142 · коллекция 158–190 · модалка 300–380 · пак 122–164,Вампиризм. Лёгкий жар в крови.,"«Яд не спешит: он знает, куда идёт.»",Resources/Cards/Ethereal/scc_01.png
scc_02,Суккуб-полуночница,Ethereal,Creature,Common,2,2,2,5.3,2.65,1.3,,0.1,512×720,512x720,512×432 (x0 y72–x512 y504 | 10–70% высоты),430×374 (x41 y101–x471 y475),"центр сюжета (256,274) object-position 50% 38%",рука 150–196 · поле 100–142 · коллекция 158–190 · модалка 300–380 · пак 122–164,Вампиризм. Приходит на второй удар сердца.,"«Цена силы — след, который она оставляет.»",Resources/Cards/Ethereal/scc_02.png
scc_03,Чаровница вздохов,Ethereal,Creature,Common,3,3,2,7.7,2.567,2.7,,0.5,512×720,512x720,512×432 (x0 y72–x512 y504 | 10–70% высоты),430×374 (x41 y101–x471 y475),"центр сюжета (256,274) object-position 50% 38%",рука 150–196 · поле 100–142 · коллекция 158–190 · модалка 300–380 · пак 122–164,Вампиризм. Боевой клич: сбросьте 1 карту противника.,«Свет не спорит с тьмой. Он просто приходит.»,Resources/Cards/Ethereal/scc_03.png
scc_04,Демонесса-обет,Ethereal,Creature,Common,4,3,4,8.3,2.075,1.3,,-0.9,512×720,512x720,512×432 (x0 y72–x512 y504 | 10–70% высоты),430×374 (x41 y101–x471 y475),"центр сюжета (256,274) object-position 50% 38%",рука 150–196 · поле 100–142 · коллекция 158–190 · модалка 300–380 · пак 122–164,"Вампиризм. Обет, скреплённый поцелуем.",«Пепел честнее золота: он не притворяется.»,Resources/Cards/Ethereal/scc_04.png
scc_05,Суккуб-целительница,Ethereal,Creature,Common,5,5,5,11.3,2.26,1.3,,0.1,512×720,512x720,512×432 (x0 y72–x512 y504 | 10–70% высоты),430×374 (x41 y101–x471 y475),"центр сюжета (256,274) object-position 50% 38%",рука 150–196 · поле 100–142 · коллекция 158–190 · модалка 300–380 · пак 122–164,"Вампиризм. Лечит своих, питаясь чужими.","«Яд не спешит: он знает, куда идёт.»",Resources/Cards/Ethereal/scc_05.png
scc_06,Шёпот искушения,Ethereal,Creature,Uncommon,3,2,3,8.06,2.687,3.06,,0.86,512×720,512x720,512×432 (x0 y72–x512 y504 | 10–70% высоты),430×374 (x41 y101–x471 y475),"центр сюжета (256,274) object-position 50% 38%",рука 150–196 · поле 100–142 · коллекция 158–190 · модалка 300–380 · пак 122–164,Вампиризм. Боевой клич: 2 здоровья герою.,"«Цена силы — след, который она оставляет.»",Resources/Cards/Ethereal/scc_06.png
scc_07,Госпожа Вуали,Ethereal,Creature,Uncommon,4,4,3,9.88,2.47,2.88,,0.68,512×720,512x720,512×432 (x0 y72–x512 y504 | 10–70% высоты),430×374 (x41 y101–x471 y475),"центр сюжета (256,274) object-position 50% 38%",рука 150–196 · поле 100–142 · коллекция 158–190 · модалка 300–380 · пак 122–164,Вампиризм. Боевой клич: немота существу противника.,«Свет не спорит с тьмой. Он просто приходит.»,Resources/Cards/Ethereal/scc_07.png
scc_08,Суккуб-баронесса,Ethereal,Creature,Uncommon,6,6,6,14.0,2.333,2.0,,0.8,512×720,512x720,512×432 (x0 y72–x512 y504 | 10–70% высоты),430×374 (x41 y101–x471 y475),"центр сюжета (256,274) object-position 50% 38%",рука 150–196 · поле 100–142 · коллекция 158–190 · модалка 300–380 · пак 122–164,"Вампиризм, Таунт. Двор держит её голод.",«Пепел честнее золота: он не притворяется.»,Resources/Cards/Ethereal/scc_08.png
scc_09,Поцелуй лихорадки,Ethereal,Creature,Rare,4,3,3,10.86,2.715,4.86,,1.66,512×720,512x720,512×432 (x0 y72–x512 y504 | 10–70% высоты),430×374 (x41 y101–x471 y475),"центр сюжета (256,274) object-position 50% 38%",рука 150–196 · поле 100–142 · коллекция 158–190 · модалка 300–380 · пак 122–164,"Вампиризм. Боевой клич: 2 урона герою противника, 2 здоровья вашему.","«Яд не спешит: он знает, куда идёт.»",Resources/Cards/Ethereal/scc_09.png
scc_10,Ночная госпожа,Ethereal,Creature,Rare,6,6,5,14.5,2.417,3.5,,1.3,512×720,512x720,512×432 (x0 y72–x512 y504 | 10–70% высоты),430×374 (x41 y101–x471 y475),"центр сюжета (256,274) object-position 50% 38%",рука 150–196 · поле 100–142 · коллекция 158–190 · модалка 300–380 · пак 122–164,"Вампиризм, Буря. Две ночи за одну.","«Цена силы — след, который она оставляет.»",Resources/Cards/Ethereal/scc_10.png
scc_11,Украденный сон,Ethereal,Spell,Common,2,,,2.0,1.0,2.0,,-3.2,512×720,512x720,512×432 (x0 y72–x512 y504 | 10–70% высоты),430×374 (x41 y101–x471 y475),"центр сюжета (256,274) object-position 50% 38%",рука 150–196 · поле 100–142 · коллекция 158–190 · модалка 300–380 · пак 122–164,Сбросьте 2 карты противника. Пусть досматривает в могиле.,«Свет не спорит с тьмой. Он просто приходит.»,Resources/Cards/Ethereal/scc_11.png
scc_12,Чары подчинения,Ethereal,Spell,Uncommon,3,,,3.2,1.067,3.2,,-4.0,512×720,512x720,512×432 (x0 y72–x512 y504 | 10–70% высоты),430×374 (x41 y101–x471 y475),"центр сюжета (256,274) object-position 50% 38%",рука 150–196 · поле 100–142 · коллекция 158–190 · модалка 300–380 · пак 122–164,Немота и 2 урона существу. Воля тает.,«Пепел честнее золота: он не притворяется.»,Resources/Cards/Ethereal/scc_12.png
scc_13,Матерь Искушений,Ethereal,Creature,Legendary,9,8,8,22.3,2.478,6.3,,3.1,512×720,512x720,512×432 (x0 y72–x512 y504 | 10–70% высоты),430×374 (x41 y101–x471 y475),"центр сюжета (256,274) object-position 50% 38%",рука 150–196 · поле 100–142 · коллекция 158–190 · модалка 300–380 · пак 122–164,Вампиризм. Боевой клич: перехватите слабейшее существо противника.,"«Яд не спешит: он знает, куда идёт.»",Resources/Cards/Ethereal/scc_13.png
scc_14,Обет крови,Ethereal,Spell,Rare,5,,,5.1,1.02,5.1,,-6.1,512×720,512x720,512×432 (x0 y72–x512 y504 | 10–70% высоты),430×374 (x41 y101–x471 y475),"центр сюжета (256,274) object-position 50% 38%",рука 150–196 · поле 100–142 · коллекция 158–190 · модалка 300–380 · пак 122–164,3 урона герою противника и 3 здоровья вашему.,"«Цена силы — след, который она оставляет.»",Resources/Cards/Ethereal/scc_14.png
spr_01,Спрайт-мерцание,Ethereal,Creature,Common,1,1,1,3.1,3.1,1.1,,-0.1,512×720,512x720,512×432 (x0 y72–x512 y504 | 10–70% высоты),430×374 (x41 y101–x471 y475),"центр сюжета (256,274) object-position 50% 38%",рука 150–196 · поле 100–142 · коллекция 158–190 · модалка 300–380 · пак 122–164,Неуловимость. Его не поймать взглядом.,«Пепел честнее золота: он не притворяется.»,Resources/Cards/Ethereal/spr_01.png
spr_02,Спрайт-осколок,Ethereal,Creature,Common,1,2,2,4.0,4.0,0.0,,0.8,512×720,512x720,512×432 (x0 y72–x512 y504 | 10–70% высоты),430×374 (x41 y101–x471 y475),"центр сюжета (256,274) object-position 50% 38%",рука 150–196 · поле 100–142 · коллекция 158–190 · модалка 300–380 · пак 122–164,Быстрый осколок звёздной пыли.,"«Яд не спешит: он знает, куда идёт.»",Resources/Cards/Ethereal/spr_02.png
spr_03,Ночной шептун,Ethereal,Creature,Common,2,2,2,5.1,2.55,1.1,,-0.1,512×720,512x720,512×432 (x0 y72–x512 y504 | 10–70% высоты),430×374 (x41 y101–x471 y475),"центр сюжета (256,274) object-position 50% 38%",рука 150–196 · поле 100–142 · коллекция 158–190 · модалка 300–380 · пак 122–164,Неуловимость. Шепчет во сне.,"«Цена силы — след, который она оставляет.»",Resources/Cards/Ethereal/spr_03.png
spr_04,Спрайт-завеса,Ethereal,Creature,Common,2,2,2,5.1,2.55,1.1,,-0.1,512×720,512x720,512×432 (x0 y72–x512 y504 | 10–70% высоты),430×374 (x41 y101–x471 y475),"центр сюжета (256,274) object-position 50% 38%",рука 150–196 · поле 100–142 · коллекция 158–190 · модалка 300–380 · пак 122–164,Неуловимость. Держит край завесы.,«Свет не спорит с тьмой. Он просто приходит.»,Resources/Cards/Ethereal/spr_04.png
spr_05,Звёздный налётчик,Ethereal,Creature,Common,3,4,3,8.1,2.7,1.1,,0.9,512×720,512x720,512×432 (x0 y72–x512 y504 | 10–70% высоты),430×374 (x41 y101–x471 y475),"центр сюжета (256,274) object-position 50% 38%",рука 150–196 · поле 100–142 · коллекция 158–190 · модалка 300–380 · пак 122–164,Неуловимость. Пикирует сквозь свет.,«Пепел честнее золота: он не притворяется.»,Resources/Cards/Ethereal/spr_05.png
spr_06,Хранительница мерцания,Ethereal,Creature,Common,3,3,3,9.58,3.193,3.58,,2.38,512×720,512x720,512×432 (x0 y72–x512 y504 | 10–70% высоты),430×374 (x41 y101–x471 y475),"центр сюжета (256,274) object-position 50% 38%",рука 150–196 · поле 100–142 · коллекция 158–190 · модалка 300–380 · пак 122–164,Неуловимость. Боевой клич: получите 1 Эхо.,"«Яд не спешит: он знает, куда идёт.»",Resources/Cards/Ethereal/spr_06.png
spr_07,Спрайт-весть,Ethereal,Creature,Uncommon,2,2,1,6.22,3.11,3.22,,1.02,512×720,512x720,512×432 (x0 y72–x512 y504 | 10–70% высоты),430×374 (x41 y101–x471 y475),"центр сюжета (256,274) object-position 50% 38%",рука 150–196 · поле 100–142 · коллекция 158–190 · модалка 300–380 · пак 122–164,Неуловимость. Боевой клич: возьмите 1 карту.,"«Цена силы — след, который она оставляет.»",Resources/Cards/Ethereal/spr_07.png
spr_08,Сумеречный клинок,Ethereal,Creature,Uncommon,4,5,4,10.1,2.525,1.1,,0.9,512×720,512x720,512×432 (x0 y72–x512 y504 | 10–70% высоты),430×374 (x41 y101–x471 y475),"центр сюжета (256,274) object-position 50% 38%",рука 150–196 · поле 100–142 · коллекция 158–190 · модалка 300–380 · пак 122–164,Неуловимость. Режет по сумраку.,«Свет не спорит с тьмой. Он просто приходит.»,Resources/Cards/Ethereal/spr_08.png
spr_09,Двойная вспышка,Ethereal,Creature,Rare,3,2,2,7.3,2.433,3.3,,0.1,512×720,512x720,512×432 (x0 y72–x512 y504 | 10–70% высоты),430×374 (x41 y101–x471 y475),"центр сюжета (256,274) object-position 50% 38%",рука 150–196 · поле 100–142 · коллекция 158–190 · модалка 300–380 · пак 122–164,"Неуловимость, Буря. Две вспышки — одна рана.",«Пепел честнее золота: он не притворяется.»,Resources/Cards/Ethereal/spr_09.png
spr_10,Спрайт-похититель,Ethereal,Creature,Rare,5,4,4,11.4,2.28,3.4,,0.2,512×720,512x720,512×432 (x0 y72–x512 y504 | 10–70% высоты),430×374 (x41 y101–x471 y475),"центр сюжета (256,274) object-position 50% 38%",рука 150–196 · поле 100–142 · коллекция 158–190 · модалка 300–380 · пак 122–164,Неуловимость. Боевой клич: сбросьте 2 карты противника.,"«Яд не спешит: он знает, куда идёт.»",Resources/Cards/Ethereal/spr_10.png
spr_11,Поток звёзд,Ethereal,Spell,Rare,4,,,3.6,0.9,3.6,,-5.6,512×720,512x720,512×432 (x0 y72–x512 y504 | 10–70% высоты),430×374 (x41 y101–x471 y475),"центр сюжета (256,274) object-position 50% 38%",рука 150–196 · поле 100–142 · коллекция 158–190 · модалка 300–380 · пак 122–164,Возьмите 2 карты. Небо течёт сквозь рукав.,"«Цена силы — след, который она оставляет.»",Resources/Cards/Ethereal/spr_11.png
spr_12,Фантом-прилива,Ethereal,Creature,Legendary,6,5,5,12.1,2.017,2.1,,-1.1,512×720,512x720,512×432 (x0 y72–x512 y504 | 10–70% высоты),430×374 (x41 y101–x471 y475),"центр сюжета (256,274) object-position 50% 38%",рука 150–196 · поле 100–142 · коллекция 158–190 · модалка 300–380 · пак 122–164,"Неуловимость, Прорыв. Волна, которой нет.",«Свет не спорит с тьмой. Он просто приходит.»,Resources/Cards/Ethereal/spr_12.png
spr_13,Стремительность,Ethereal,Spell,Common,2,,,3.0,1.5,3.0,,-2.2,512×720,512x720,512×432 (x0 y72–x512 y504 | 10–70% высоты),430×374 (x41 y101–x471 y475),"центр сюжета (256,274) object-position 50% 38%",рука 150–196 · поле 100–142 · коллекция 158–190 · модалка 300–380 · пак 122–164,+3 атаки вашему существу. Миг — и нет его.,«Пепел честнее золота: он не притворяется.»,Resources/Cards/Ethereal/spr_13.png
spr_14,Лунная стрела,Ethereal,Spell,Uncommon,3,,,3.0,1.0,3.0,,-4.2,512×720,512x720,512×432 (x0 y72–x512 y504 | 10–70% высоты),430×374 (x41 y101–x471 y475),"центр сюжета (256,274) object-position 50% 38%",рука 150–196 · поле 100–142 · коллекция 158–190 · модалка 300–380 · пак 122–164,3 урона существу. Свет бьёт точнее стали.,"«Яд не спешит: он знает, куда идёт.»",Resources/Cards/Ethereal/spr_14.png
ter_01,Каменный росток,Terramorph,Creature,Common,1,1,2,3.7,3.7,0.7,,0.5,512×720,512x720,512×432 (x0 y72–x512 y504 | 10–70% высоты),430×374 (x41 y101–x471 y475),"центр сюжета (256,274) object-position 50% 38%",рука 150–196 · поле 100–142 · коллекция 158–190 · модалка 300–380 · пак 122–164,Провокация.,«Три хода молчания — и земля заговорит.»,Resources/Cards/Terramorph/ter_01.png
ter_02,Глиняный страж,Terramorph,Creature,Common,2,1,4,5.7,2.85,0.7,,0.5,512×720,512x720,512×432 (x0 y72–x512 y504 | 10–70% высоты),430×374 (x41 y101–x471 y475),"центр сюжета (256,274) object-position 50% 38%",рука 150–196 · поле 100–142 · коллекция 158–190 · модалка 300–380 · пак 122–164,Провокация.,«Посади одного — получишь лес.»,Resources/Cards/Terramorph/ter_02.png
ter_03,Корневой опутыватель,Terramorph,Creature,Common,2,2,3,6.85,3.425,1.85,,1.65,512×720,512x720,512×432 (x0 y72–x512 y504 | 10–70% высоты),430×374 (x41 y101–x471 y475),"центр сюжета (256,274) object-position 50% 38%",рука 150–196 · поле 100–142 · коллекция 158–190 · модалка 300–380 · пак 122–164,Боевой клич: Заморозка на 1 ход(а) (вражеское существо). Боевой клич.,"«Корни глубже, чем башни.»",Resources/Cards/Terramorph/ter_03.png
ter_04,Янтарный жук,Terramorph,Creature,Common,3,4,4,8.0,2.667,0.0,,0.8,512×720,512x720,512×432 (x0 y72–x512 y504 | 10–70% высоты),430×374 (x41 y101–x471 y475),"центр сюжета (256,274) object-position 50% 38%",рука 150–196 · поле 100–142 · коллекция 158–190 · модалка 300–380 · пак 122–164,,«Гора не спешит. Гора просто есть.»,Resources/Cards/Terramorph/ter_04.png
ter_05,Мшистый великан,Terramorph,Creature,Common,3,3,5,8.0,2.667,0.0,,0.8,512×720,512x720,512×432 (x0 y72–x512 y504 | 10–70% высоты),430×374 (x41 y101–x471 y475),"центр сюжета (256,274) object-position 50% 38%",рука 150–196 · поле 100–142 · коллекция 158–190 · модалка 300–380 · пак 122–164,,«Мы растём медленно. Зато нас не вырубить.»,Resources/Cards/Terramorph/ter_05.png
ter_06,Сейсмический шаман,Terramorph,Creature,Common,3,3,4,8.76,2.92,1.76,,1.56,512×720,512x720,512×432 (x0 y72–x512 y504 | 10–70% высоты),430×374 (x41 y101–x471 y475),"центр сюжета (256,274) object-position 50% 38%",рука 150–196 · поле 100–142 · коллекция 158–190 · модалка 300–380 · пак 122–164,Боевой клич: Получите 1 маны. Боевой клич.,"«Мох растёт на всём, включая амбиции.»",Resources/Cards/Terramorph/ter_06.png
ter_07,Гранитный колосс,Terramorph,Creature,Common,4,4,6,10.7,2.675,0.7,,1.5,512×720,512x720,512×432 (x0 y72–x512 y504 | 10–70% высоты),430×374 (x41 y101–x471 y475),"центр сюжета (256,274) object-position 50% 38%",рука 150–196 · поле 100–142 · коллекция 158–190 · модалка 300–380 · пак 122–164,Провокация.,"«Янтарь хранит то, что время не смогло съесть.»",Resources/Cards/Terramorph/ter_07.png
ter_08,Древний энт,Terramorph,Creature,Common,4,4,6,10.0,2.5,0.0,,0.8,512×720,512x720,512×432 (x0 y72–x512 y504 | 10–70% высоты),430×374 (x41 y101–x471 y475),"центр сюжета (256,274) object-position 50% 38%",рука 150–196 · поле 100–142 · коллекция 158–190 · модалка 300–380 · пак 122–164,,"«Сейсм — это земля, которая вспомнила обиду.»",Resources/Cards/Terramorph/ter_08.png
ter_09,Матёрый древень,Terramorph,Creature,Common,4,3,5,10.9,2.725,2.9,,1.7,512×720,512x720,512×432 (x0 y72–x512 y504 | 10–70% высоты),430×374 (x41 y101–x471 y475),"центр сюжета (256,274) object-position 50% 38%",рука 150–196 · поле 100–142 · коллекция 158–190 · модалка 300–380 · пак 122–164,В начале вашего хода: +1 к здоровью (ваше существо). Провокация.,«Терпение — тоже оружие. Просто очень тяжёлое.»,Resources/Cards/Terramorph/ter_09.png
ter_10,Тектонический страж,Terramorph,Creature,Common,5,4,7,12.7,2.54,1.7,,1.5,512×720,512x720,512×432 (x0 y72–x512 y504 | 10–70% высоты),430×374 (x41 y101–x471 y475),"центр сюжета (256,274) object-position 50% 38%",рука 150–196 · поле 100–142 · коллекция 158–190 · модалка 300–380 · пак 122–164,Провокация / Прорыв.,"«Мох растёт на всём, включая амбиции.»",Resources/Cards/Terramorph/ter_10.png
ter_11,Первозданный титан,Terramorph,Creature,Rare,5,8,6,15.0,3.0,1.0,,3.8,512×720,512x720,512×432 (x0 y72–x512 y504 | 10–70% высоты),430×374 (x41 y101–x471 y475),"центр сюжета (256,274) object-position 50% 38%",рука 150–196 · поле 100–142 · коллекция 158–190 · модалка 300–380 · пак 122–164,Прорыв.,"«Сейсм — это земля, которая вспомнила обиду.»",Resources/Cards/Terramorph/ter_11.png
ter_12,Утёсный исполин,Terramorph,Creature,Rare,6,6,7,14.7,2.45,1.7,,1.5,512×720,512x720,512×432 (x0 y72–x512 y504 | 10–70% высоты),430×374 (x41 y101–x471 y475),"центр сюжета (256,274) object-position 50% 38%",рука 150–196 · поле 100–142 · коллекция 158–190 · модалка 300–380 · пак 122–164,Провокация / Прорыв.,«Гора не спешит. Гора просто есть.»,Resources/Cards/Terramorph/ter_12.png
ter_13,Мать Леса,Terramorph,Creature,Epic,6,5,7,16.23,2.705,4.23,,3.03,512×720,512x720,512×432 (x0 y72–x512 y504 | 10–70% высоты),430×374 (x41 y101–x471 y475),"центр сюжета (256,274) object-position 50% 38%",рука 150–196 · поле 100–142 · коллекция 158–190 · модалка 300–380 · пак 122–164,Боевой клич: Призовите «Росток» 1/2; Призовите «Росток» 1/2. Боевой клич.,"«Янтарь хранит то, что время не смогло съесть.»",Resources/Cards/Terramorph/ter_13.png
ter_14,Владыка Недр,Terramorph,Creature,Legendary,7,6,8,18.78,2.683,4.78,,3.58,512×720,512x720,512×432 (x0 y72–x512 y504 | 10–70% высоты),430×374 (x41 y101–x471 y475),"центр сюжета (256,274) object-position 50% 38%",рука 150–196 · поле 100–142 · коллекция 158–190 · модалка 300–380 · пак 122–164,В начале вашего хода: Получите 1 маны. Провокация / Прорыв.,«Гора не спешит. Гора просто есть.»,Resources/Cards/Terramorph/ter_14.png
ter_15,Сердце Горы,Terramorph,Creature,Rare,7,4,8,19.61,2.801,7.61,,4.41,512×720,512x720,512×432 (x0 y72–x512 y504 | 10–70% высоты),430×374 (x41 y101–x471 y475),"центр сюжета (256,274) object-position 50% 38%",рука 150–196 · поле 100–142 · коллекция 158–190 · модалка 300–380 · пак 122–164,Боевой клич: Нанесите 2 урона всем вражеским существам. Провокация.,"«Янтарь хранит то, что время не смогло съесть.»",Resources/Cards/Terramorph/ter_15.png
ter_31,Корневой панцирь,Terramorph,Creature,Common,1,1,1,4.32,4.32,2.32,,1.12,512×720,512x720,512×432 (x0 y72–x512 y504 | 10–70% высоты),430×374 (x41 y101–x471 y475),"центр сюжета (256,274) object-position 50% 38%",рука 150–196 · поле 100–142 · коллекция 158–190 · модалка 300–380 · пак 122–164,Боевой клич: Заморозка на 1 ход(а) (вражеское существо). Боевой клич.,«Свет не спорит с тьмой. Он просто приходит.»,Resources/Cards/Terramorph/ter_31.png
ter_32,Гранитный голем,Terramorph,Creature,Common,6,5,4,16.61,2.768,7.61,,3.41,512×720,512x720,512×432 (x0 y72–x512 y504 | 10–70% высоты),430×374 (x41 y101–x471 y475),"центр сюжета (256,274) object-position 50% 38%",рука 150–196 · поле 100–142 · коллекция 158–190 · модалка 300–380 · пак 122–164,Боевой клич: Нанесите 2 урона всем вражеским существам. Провокация.,«Руины — это не конец. Это черновик.»,Resources/Cards/Terramorph/ter_32.png
ter_33,Железняковый панцирь,Terramorph,Creature,Rare,6,6,6,16.78,2.797,4.78,,3.58,512×720,512x720,512×432 (x0 y72–x512 y504 | 10–70% высоты),430×374 (x41 y101–x471 y475),"центр сюжета (256,274) object-position 50% 38%",рука 150–196 · поле 100–142 · коллекция 158–190 · модалка 300–380 · пак 122–164,В начале вашего хода: Получите 1 маны. Провокация / Прорыв.,"«Цена силы — след, который она оставляет.»",Resources/Cards/Terramorph/ter_33.png
ter_34,Каменный грибник,Terramorph,Creature,Epic,4,4,5,11.9,2.975,2.9,,2.7,512×720,512x720,512×432 (x0 y72–x512 y504 | 10–70% высоты),430×374 (x41 y101–x471 y475),"центр сюжета (256,274) object-position 50% 38%",рука 150–196 · поле 100–142 · коллекция 158–190 · модалка 300–380 · пак 122–164,В начале вашего хода: +1 к здоровью (ваше существо). Провокация.,«Свет не спорит с тьмой. Он просто приходит.»,Resources/Cards/Terramorph/ter_34.png
ter_35,Корневой древень,Terramorph,Creature,Rare,2,2,1,4.85,2.425,1.85,,-0.35,512×720,512x720,512×432 (x0 y72–x512 y504 | 10–70% высоты),430×374 (x41 y101–x471 y475),"центр сюжета (256,274) object-position 50% 38%",рука 150–196 · поле 100–142 · коллекция 158–190 · модалка 300–380 · пак 122–164,Боевой клич: Заморозка на 1 ход(а) (вражеское существо). Боевой клич.,«Между ударами сердца есть дверь. Я видел её.»,Resources/Cards/Terramorph/ter_35.png
ter_36,Каменный голем,Terramorph,Creature,Common,4,5,4,9.7,2.425,0.7,,0.5,512×720,512x720,512×432 (x0 y72–x512 y504 | 10–70% высоты),430×374 (x41 y101–x471 y475),"центр сюжета (256,274) object-position 50% 38%",рука 150–196 · поле 100–142 · коллекция 158–190 · модалка 300–380 · пак 122–164,Провокация.,"«Эхо помнит даже то, что Цитадель предпочла забыть.»",Resources/Cards/Terramorph/ter_36.png
ter_37,Железняковый валун,Terramorph,Creature,Common,4,5,4,9.0,2.25,0.0,,-0.2,512×720,512x720,512×432 (x0 y72–x512 y504 | 10–70% высоты),430×374 (x41 y101–x471 y475),"центр сюжета (256,274) object-position 50% 38%",рука 150–196 · поле 100–142 · коллекция 158–190 · модалка 300–380 · пак 122–164,,«Руины — это не конец. Это черновик.»,Resources/Cards/Terramorph/ter_37.png
ter_38,Тектонический корнеплёт,Terramorph,Creature,Rare,3,4,3,9.9,3.3,2.9,,2.7,512×720,512x720,512×432 (x0 y72–x512 y504 | 10–70% высоты),430×374 (x41 y101–x471 y475),"центр сюжета (256,274) object-position 50% 38%",рука 150–196 · поле 100–142 · коллекция 158–190 · модалка 300–380 · пак 122–164,В начале вашего хода: +1 к здоровью (ваше существо). Провокация.,«Тишина перед бурей — это тоже буря.»,Resources/Cards/Terramorph/ter_38.png
ter_39,Тектонический голем,Terramorph,Creature,Rare,4,4,4,9.7,2.425,1.7,,0.5,512×720,512x720,512×432 (x0 y72–x512 y504 | 10–70% высоты),430×374 (x41 y101–x471 y475),"центр сюжета (256,274) object-position 50% 38%",рука 150–196 · поле 100–142 · коллекция 158–190 · модалка 300–380 · пак 122–164,Провокация / Прорыв.,"«Цена силы — след, который она оставляет.»",Resources/Cards/Terramorph/ter_39.png
ter_40,Дубравный древень,Terramorph,Creature,Rare,3,3,4,7.0,2.333,0.0,,-0.2,512×720,512x720,512×432 (x0 y72–x512 y504 | 10–70% высоты),430×374 (x41 y101–x471 y475),"центр сюжета (256,274) object-position 50% 38%",рука 150–196 · поле 100–142 · коллекция 158–190 · модалка 300–380 · пак 122–164,,«Руины — это не конец. Это черновик.»,Resources/Cards/Terramorph/ter_40.png
ter_41,Каменный корнеплёт,Terramorph,Creature,Common,4,5,4,9.0,2.25,0.0,,-0.2,512×720,512x720,512×432 (x0 y72–x512 y504 | 10–70% высоты),430×374 (x41 y101–x471 y475),"центр сюжета (256,274) object-position 50% 38%",рука 150–196 · поле 100–142 · коллекция 158–190 · модалка 300–380 · пак 122–164,,«Свет не спорит с тьмой. Он просто приходит.»,Resources/Cards/Terramorph/ter_41.png
ter_42,Железняковый грибник,Terramorph,Creature,Common,6,4,4,19.07,3.178,11.07,,5.87,512×720,512x720,512×432 (x0 y72–x512 y504 | 10–70% высоты),430×374 (x41 y101–x471 y475),"центр сюжета (256,274) object-position 50% 38%",рука 150–196 · поле 100–142 · коллекция 158–190 · модалка 300–380 · пак 122–164,Боевой клич: Нанесите 2 урона всем вражеским существам. Провокация.,«Тишина перед бурей — это тоже буря.»,Resources/Cards/Terramorph/ter_42.png
ter_43,Железняковый корнеплёт,Terramorph,Creature,Common,4,3,5,9.0,2.25,1.0,,-0.2,512×720,512x720,512×432 (x0 y72–x512 y504 | 10–70% высоты),430×374 (x41 y101–x471 y475),"центр сюжета (256,274) object-position 50% 38%",рука 150–196 · поле 100–142 · коллекция 158–190 · модалка 300–380 · пак 122–164,Прорыв.,«Корни глубже стен. Всегда глубже.»,Resources/Cards/Terramorph/ter_43.png
ter_44,Глиняный панцирь,Terramorph,Creature,Common,4,4,5,9.7,2.425,0.7,,0.5,512×720,512x720,512×432 (x0 y72–x512 y504 | 10–70% высоты),430×374 (x41 y101–x471 y475),"центр сюжета (256,274) object-position 50% 38%",рука 150–196 · поле 100–142 · коллекция 158–190 · модалка 300–380 · пак 122–164,Провокация.,«Корни глубже стен. Всегда глубже.»,Resources/Cards/Terramorph/ter_44.png
ter_r01,Руна Плодородия,Terramorph,Rune,Common,2,,,0.0,0.0,0.0,,-5.2,512×720,512x720,512×432 (x0 y72–x512 y504 | 10–70% высоты),430×374 (x41 y101–x471 y475),"центр сюжета (256,274) object-position 50% 38%",рука 150–196 · поле 100–142 · коллекция 158–190 · модалка 300–380 · пак 122–164,Аура: +0 к максимуму маны. Действует до конца игры. Руну нельзя уничтожить обычными заклинаниями.,«Мы растём медленно. Зато нас не вырубить.»,Resources/Cards/Terramorph/ter_r01.png
ter_r02,Руна Коры,Terramorph,Rune,Common,3,,,1.25,0.417,1.25,,-5.95,512×720,512x720,512×432 (x0 y72–x512 y504 | 10–70% высоты),430×374 (x41 y101–x471 y475),"центр сюжета (256,274) object-position 50% 38%",рука 150–196 · поле 100–142 · коллекция 158–190 · модалка 300–380 · пак 122–164,Аура: +1 к здоровью ваших существ. Действует до конца игры. Руну нельзя уничтожить обычными заклинаниями.,"«Сейсм — это земля, которая вспомнила обиду.»",Resources/Cards/Terramorph/ter_r02.png
ter_r03,Руна Тяжести,Terramorph,Rune,Common,4,,,1.15,0.287,1.15,,-8.05,512×720,512x720,512×432 (x0 y72–x512 y504 | 10–70% высоты),430×374 (x41 y101–x471 y475),"центр сюжета (256,274) object-position 50% 38%",рука 150–196 · поле 100–142 · коллекция 158–190 · модалка 300–380 · пак 122–164,Аура: -1 к атаке вражеских существ. Действует до конца игры. Руну нельзя уничтожить обычными заклинаниями.,«Посади одного — получишь лес.»,Resources/Cards/Terramorph/ter_r03.png
ter_r04,Руна Янтаря,Terramorph,Rune,Rare,5,,,2.5,0.5,2.5,,-8.7,512×720,512x720,512×432 (x0 y72–x512 y504 | 10–70% высоты),430×374 (x41 y101–x471 y475),"центр сюжета (256,274) object-position 50% 38%",рука 150–196 · поле 100–142 · коллекция 158–190 · модалка 300–380 · пак 122–164,Аура: ваши существа получают +1/+1. Действует до конца игры. Руну нельзя уничтожить обычными заклинаниями.,"«Корни глубже, чем башни.»",Resources/Cards/Terramorph/ter_r04.png
ter_r05,Руна Глубинных Корней,Terramorph,Rune,Rare,6,,,7.28,1.213,7.28,,-5.92,512×720,512x720,512×432 (x0 y72–x512 y504 | 10–70% высоты),430×374 (x41 y101–x471 y475),"центр сюжета (256,274) object-position 50% 38%",рука 150–196 · поле 100–142 · коллекция 158–190 · модалка 300–380 · пак 122–164,Аура: +1 к максимуму маны. В начале вашего хода: Возьмите 1 карт(у). Действует до конца игры. Руну нельзя уничтожить обычными заклинаниями.,"«Мох растёт на всём, включая амбиции.»",Resources/Cards/Terramorph/ter_r05.png
ter_r06,Руна Первозданной Земли,Terramorph,Rune,Rare,7,,,5.0,0.714,5.0,,-10.2,512×720,512x720,512×432 (x0 y72–x512 y504 | 10–70% высоты),430×374 (x41 y101–x471 y475),"центр сюжета (256,274) object-position 50% 38%",рука 150–196 · поле 100–142 · коллекция 158–190 · модалка 300–380 · пак 122–164,Аура: ваши существа получают +2/+2. Действует до конца игры. Руну нельзя уничтожить обычными заклинаниями.,«Камень терпеливее любого меча.»,Resources/Cards/Terramorph/ter_r06.png
ter_r07,Глиняный валун,Terramorph,Rune,Rare,3,,,7.28,2.427,7.28,,0.08,512×720,512x720,512×432 (x0 y72–x512 y504 | 10–70% высоты),430×374 (x41 y101–x471 y475),"центр сюжета (256,274) object-position 50% 38%",рука 150–196 · поле 100–142 · коллекция 158–190 · модалка 300–380 · пак 122–164,Аура: +1 к максимуму маны. В начале вашего хода: Возьмите 1 карт(у). Действует до конца игры. Руну нельзя уничтожить обычными заклинаниями.,«Корни глубже стен. Всегда глубже.»,Resources/Cards/Terramorph/ter_r07.png
ter_r08,Корневой корнеплёт,Terramorph,Rune,Common,1,,,1.15,1.15,1.15,,-2.05,512×720,512x720,512×432 (x0 y72–x512 y504 | 10–70% высоты),430×374 (x41 y101–x471 y475),"центр сюжета (256,274) object-position 50% 38%",рука 150–196 · поле 100–142 · коллекция 158–190 · модалка 300–380 · пак 122–164,Аура: -1 к атаке вражеских существ. Действует до конца игры. Руну нельзя уничтожить обычными заклинаниями.,«Корни глубже стен. Всегда глубже.»,Resources/Cards/Terramorph/ter_r08.png
ter_r09,Глиняный древень,Terramorph,Rune,Common,1,,,5.0,5.0,5.0,,1.8,512×720,512x720,512×432 (x0 y72–x512 y504 | 10–70% высоты),430×374 (x41 y101–x471 y475),"центр сюжета (256,274) object-position 50% 38%",рука 150–196 · поле 100–142 · коллекция 158–190 · модалка 300–380 · пак 122–164,Аура: ваши существа получают +2/+2. Действует до конца игры. Руну нельзя уничтожить обычными заклинаниями.,«Между ударами сердца есть дверь. Я видел её.»,Resources/Cards/Terramorph/ter_r09.png
ter_r10,Корневой валун,Terramorph,Rune,Common,1,,,2.5,2.5,2.5,,-0.7,512×720,512x720,512×432 (x0 y72–x512 y504 | 10–70% высоты),430×374 (x41 y101–x471 y475),"центр сюжета (256,274) object-position 50% 38%",рука 150–196 · поле 100–142 · коллекция 158–190 · модалка 300–380 · пак 122–164,Аура: ваши существа получают +1/+1. Действует до конца игры. Руну нельзя уничтожить обычными заклинаниями.,«Тишина перед бурей — это тоже буря.»,Resources/Cards/Terramorph/ter_r10.png
ter_r11,Дубравный валун,Terramorph,Rune,Common,1,,,1.25,1.25,1.25,,-1.95,512×720,512x720,512×432 (x0 y72–x512 y504 | 10–70% высоты),430×374 (x41 y101–x471 y475),"центр сюжета (256,274) object-position 50% 38%",рука 150–196 · поле 100–142 · коллекция 158–190 · модалка 300–380 · пак 122–164,Аура: +1 к здоровью ваших существ. Действует до конца игры. Руну нельзя уничтожить обычными заклинаниями.,«Тишина перед бурей — это тоже буря.»,Resources/Cards/Terramorph/ter_r11.png
ter_s01,Дар Земли,Terramorph,Spell,Common,1,,,2.8,2.8,2.8,,-0.4,512×720,512x720,512×432 (x0 y72–x512 y504 | 10–70% высоты),430×374 (x41 y101–x471 y475),"центр сюжета (256,274) object-position 50% 38%",рука 150–196 · поле 100–142 · коллекция 158–190 · модалка 300–380 · пак 122–164,Получите 2 маны.,"«Мох растёт на всём, включая амбиции.»",Resources/Cards/Terramorph/ter_s01.png
ter_s02,Корневая хватка,Terramorph,Spell,Common,2,,,4.0,2.0,4.0,,-1.2,512×720,512x720,512×432 (x0 y72–x512 y504 | 10–70% высоты),430×374 (x41 y101–x471 y475),"центр сюжета (256,274) object-position 50% 38%",рука 150–196 · поле 100–142 · коллекция 158–190 · модалка 300–380 · пак 122–164,+1 к атаке (ваше существо); +3 к здоровью (ваше существо).,«Три хода молчания — и земля заговорит.»,Resources/Cards/Terramorph/ter_s02.png
ter_s03,Пробуждение корней,Terramorph,Spell,Common,3,,,2.0,0.667,2.0,,-5.2,512×720,512x720,512×432 (x0 y72–x512 y504 | 10–70% высоты),430×374 (x41 y101–x471 y475),"центр сюжета (256,274) object-position 50% 38%",рука 150–196 · поле 100–142 · коллекция 158–190 · модалка 300–380 · пак 122–164,+1 к атаке (всех ваших существ); +1 к здоровью (всех ваших существ).,«Камень терпеливее любого меча.»,Resources/Cards/Terramorph/ter_s03.png
ter_s04,Сейсмический толчок,Terramorph,Spell,Common,3,,,9.18,3.06,9.18,,1.98,512×720,512x720,512×432 (x0 y72–x512 y504 | 10–70% высоты),430×374 (x41 y101–x471 y475),"центр сюжета (256,274) object-position 50% 38%",рука 150–196 · поле 100–142 · коллекция 158–190 · модалка 300–380 · пак 122–164,Нанесите 2 урона всем вражеским существам; Заморозка на 1 ход(а) (всех врагов).,«Три хода молчания — и земля заговорит.»,Resources/Cards/Terramorph/ter_s04.png
ter_s05,Каменная кожа,Terramorph,Spell,Common,4,,,7.0,1.75,7.0,,-2.2,512×720,512x720,512×432 (x0 y72–x512 y504 | 10–70% высоты),430×374 (x41 y101–x471 y475),"центр сюжета (256,274) object-position 50% 38%",рука 150–196 · поле 100–142 · коллекция 158–190 · модалка 300–380 · пак 122–164,+6 к здоровью (ваше существо); Щит на 1 ход(а) (ваше существо).,"«Корни глубже, чем башни.»",Resources/Cards/Terramorph/ter_s05.png
ter_s06,Зов Предков,Terramorph,Spell,Common,5,,,5.4,1.08,5.4,,-5.8,512×720,512x720,512×432 (x0 y72–x512 y504 | 10–70% высоты),430×374 (x41 y101–x471 y475),"центр сюжета (256,274) object-position 50% 38%",рука 150–196 · поле 100–142 · коллекция 158–190 · модалка 300–380 · пак 122–164,Возьмите 3 карт(у).,«Терпение — тоже оружие. Просто очень тяжёлое.»,Resources/Cards/Terramorph/ter_s06.png
ter_s07,Пробуждение Колосса,Terramorph,Spell,Rare,6,,,8.4,1.4,8.4,,-4.8,512×720,512x720,512×432 (x0 y72–x512 y504 | 10–70% высоты),430×374 (x41 y101–x471 y475),"центр сюжета (256,274) object-position 50% 38%",рука 150–196 · поле 100–142 · коллекция 158–190 · модалка 300–380 · пак 122–164,Ритуал: разрешается в начале вашего следующего хода. Призовите «Каменный страж» 3/3; +1 к максимуму маны.,«Посади одного — получишь лес.»,Resources/Cards/Terramorph/ter_s07.png
ter_s08,Гнев Недр,Terramorph,Spell,Epic,6,,,17.03,2.838,17.03,,3.83,512×720,512x720,512×432 (x0 y72–x512 y504 | 10–70% высоты),430×374 (x41 y101–x471 y475),"центр сюжета (256,274) object-position 50% 38%",рука 150–196 · поле 100–142 · коллекция 158–190 · модалка 300–380 · пак 122–164,Ритуал: разрешается в начале вашего следующего хода. Нанесите 3 урона всем вражеским существам; Восстановите 3 здоровья (ваш герой).,"«Сейсм — это земля, которая вспомнила обиду.»",Resources/Cards/Terramorph/ter_s08.png
ter_s09,Сердце Мира,Terramorph,Spell,Legendary,7,,,18.6,2.657,18.6,,3.4,512×720,512x720,512×432 (x0 y72–x512 y504 | 10–70% высоты),430×374 (x41 y101–x471 y475),"центр сюжета (256,274) object-position 50% 38%",рука 150–196 · поле 100–142 · коллекция 158–190 · модалка 300–380 · пак 122–164,Ритуал: разрешается в начале вашего следующего хода. Нанесите 2 урона всем существам; +2 к максимуму маны; Возьмите 2 карт(у).,«Мы растём медленно. Зато нас не вырубить.»,Resources/Cards/Terramorph/ter_s09.png
ter_s10,Споровый голем,Pyromancer,Spell,Epic,3,7,7,11.52,3.84,11.52,,4.32,512×720,512x720,512×432 (x0 y72–x512 y504 | 10–70% высоты),430×374 (x41 y101–x471 y475),"центр сюжета (256,274) object-position 50% 38%",рука 150–196 · поле 100–142 · коллекция 158–190 · модалка 300–380 · пак 122–164,Боевой клич: Нанесите 2 урона всем вражеским существам. Выжигание: входящее лечение противника снижено на 1. Рывок / Прорыв.,"«Цена силы — след, который она оставляет.»",Resources/Cards/Pyromancer/ter_s10.png
ter_s11,Споровый колосс,Necrus,Spell,Rare,1,,,5.51,5.51,5.51,,2.31,512×720,512x720,512×432 (x0 y72–x512 y504 | 10–70% высоты),430×374 (x41 y101–x471 y475),"центр сюжета (256,274) object-position 50% 38%",рука 150–196 · поле 100–142 · коллекция 158–190 · модалка 300–380 · пак 122–164,Наносит 3 урона (вражеское существо); Яд на 1 ход(а) (вражеское существо).,«Свет не спорит с тьмой. Он просто приходит.»,Resources/Cards/Necrus/ter_s11.png
ter_s12,Споровый рудокоп,Ethereal,Spell,Legendary,1,,,1.0,1.0,1.0,,-2.2,512×720,512x720,512×432 (x0 y72–x512 y504 | 10–70% высоты),430×374 (x41 y101–x471 y475),"центр сюжета (256,274) object-position 50% 38%",рука 150–196 · поле 100–142 · коллекция 158–190 · модалка 300–380 · пак 122–164,Возьмите 1 карт(у); Противник берёт 1 карт(у).,«Свет не спорит с тьмой. Он просто приходит.»,Resources/Cards/Ethereal/ter_s12.png
ter_s13,Споровый корнеплёт,Necrus,Spell,Common,2,,,5.8,2.9,5.8,,0.6,512×720,512x720,512×432 (x0 y72–x512 y504 | 10–70% высоты),430×374 (x41 y101–x471 y475),"центр сюжета (256,274) object-position 50% 38%",рука 150–196 · поле 100–142 · коллекция 158–190 · модалка 300–380 · пак 122–164,Наносит 2 урона (вражеское существо); Восстановите 3 здоровья (ваш герой).,«Пепел честнее золота: он не притворяется.»,Resources/Cards/Necrus/ter_s13.png
ter_s14,Тектонический грибник,Terramorph,Spell,Epic,2,,,9.18,4.59,9.18,,3.98,512×720,512x720,512×432 (x0 y72–x512 y504 | 10–70% высоты),430×374 (x41 y101–x471 y475),"центр сюжета (256,274) object-position 50% 38%",рука 150–196 · поле 100–142 · коллекция 158–190 · модалка 300–380 · пак 122–164,Нанесите 2 урона всем вражеским существам; Заморозка на 1 ход(а) (всех врагов).,"«Цена силы — след, который она оставляет.»",Resources/Cards/Terramorph/ter_s14.png
ter_s15,Корневой голем,Terramorph,Spell,Rare,4,,,20.95,5.237,20.95,,11.75,512×720,512x720,512×432 (x0 y72–x512 y504 | 10–70% высоты),430×374 (x41 y101–x471 y475),"центр сюжета (256,274) object-position 50% 38%",рука 150–196 · поле 100–142 · коллекция 158–190 · модалка 300–380 · пак 122–164,Ритуал: разрешается в начале вашего следующего хода. Нанесите 3 урона всем вражеским существам; Восстановите 3 здоровья (ваш герой).,"«Эхо помнит даже то, что Цитадель предпочла забыть.»",Resources/Cards/Terramorph/ter_s15.png
ter_s16,Каменный рудокоп,Terramorph,Spell,Common,2,,,4.5,2.25,4.5,,-0.7,512×720,512x720,512×432 (x0 y72–x512 y504 | 10–70% высоты),430×374 (x41 y101–x471 y475),"центр сюжета (256,274) object-position 50% 38%",рука 150–196 · поле 100–142 · коллекция 158–190 · модалка 300–380 · пак 122–164,Возьмите 3 карт(у).,"«Цена силы — след, который она оставляет.»",Resources/Cards/Terramorph/ter_s16.png
ter_s17,Дубравный колосс,Terramorph,Spell,Epic,3,,,13.1,4.367,13.1,,5.9,512×720,512x720,512×432 (x0 y72–x512 y504 | 10–70% высоты),430×374 (x41 y101–x471 y475),"центр сюжета (256,274) object-position 50% 38%",рука 150–196 · поле 100–142 · коллекция 158–190 · модалка 300–380 · пак 122–164,Ритуал: разрешается в начале вашего следующего хода. Нанесите 3 урона всем вражеским существам; Восстановите 3 здоровья (ваш герой).,"«Эхо помнит даже то, что Цитадель предпочла забыть.»",Resources/Cards/Terramorph/ter_s17.png
ter_s18,Дубравный грибник,Terramorph,Spell,Common,2,,,6.67,3.335,6.67,,1.47,512×720,512x720,512×432 (x0 y72–x512 y504 | 10–70% высоты),430×374 (x41 y101–x471 y475),"центр сюжета (256,274) object-position 50% 38%",рука 150–196 · поле 100–142 · коллекция 158–190 · модалка 300–380 · пак 122–164,Нанесите 2 урона всем вражеским существам; Заморозка на 1 ход(а) (всех врагов).,«Свет не спорит с тьмой. Он просто приходит.»,Resources/Cards/Terramorph/ter_s18.png
vmp_01,Полуночный ловчий,Necrus,Creature,Common,2,2,3,6.3,3.15,1.3,,1.1,512×720,512x720,512×432 (x0 y72–x512 y504 | 10–70% высоты),430×374 (x41 y101–x471 y475),"центр сюжета (256,274) object-position 50% 38%",рука 150–196 · поле 100–142 · коллекция 158–190 · модалка 300–380 · пак 122–164,Вампиризм: урон лечит вашего героя.,«Свет не спорит с тьмой. Он просто приходит.»,Resources/Cards/Necrus/vmp_01.png
vmp_02,Вурдалак-следопыт,Necrus,Creature,Common,3,4,3,8.3,2.767,1.3,,1.1,512×720,512x720,512×432 (x0 y72–x512 y504 | 10–70% высоты),430×374 (x41 y101–x471 y475),"центр сюжета (256,274) object-position 50% 38%",рука 150–196 · поле 100–142 · коллекция 158–190 · модалка 300–380 · пак 122–164,Вампиризм. Знает цену каждой капле.,«Пепел честнее золота: он не притворяется.»,Resources/Cards/Necrus/vmp_02.png
vmp_03,Княжий отпрыск,Necrus,Creature,Common,4,4,4,9.3,2.325,1.3,,0.1,512×720,512x720,512×432 (x0 y72–x512 y504 | 10–70% высоты),430×374 (x41 y101–x471 y475),"центр сюжета (256,274) object-position 50% 38%",рука 150–196 · поле 100–142 · коллекция 158–190 · модалка 300–380 · пак 122–164,Вампиризм. Наследник жажды.,"«Яд не спешит: он знает, куда идёт.»",Resources/Cards/Necrus/vmp_03.png
vmp_04,Кровавый привратник,Necrus,Creature,Common,2,1,3,6.0,3.0,2.0,,0.8,512×720,512x720,512×432 (x0 y72–x512 y504 | 10–70% высоты),430×374 (x41 y101–x471 y475),"центр сюжета (256,274) object-position 50% 38%",рука 150–196 · поле 100–142 · коллекция 158–190 · модалка 300–380 · пак 122–164,"Вампиризм, Таунт. Кровь — его пошлина.","«Цена силы — след, который она оставляет.»",Resources/Cards/Necrus/vmp_04.png
vmp_05,Старейший жнец,Necrus,Creature,Common,4,4,4,9.3,2.325,1.3,,0.1,512×720,512x720,512×432 (x0 y72–x512 y504 | 10–70% высоты),430×374 (x41 y101–x471 y475),"центр сюжета (256,274) object-position 50% 38%",рука 150–196 · поле 100–142 · коллекция 158–190 · модалка 300–380 · пак 122–164,Вампиризм. Жнёт и делится с родом.,«Свет не спорит с тьмой. Он просто приходит.»,Resources/Cards/Necrus/vmp_05.png
vmp_06,Нетопырь-резун,Necrus,Creature,Uncommon,3,3,2,7.5,2.5,2.5,,0.3,512×720,512x720,512×432 (x0 y72–x512 y504 | 10–70% высоты),430×374 (x41 y101–x471 y475),"центр сюжета (256,274) object-position 50% 38%",рука 150–196 · поле 100–142 · коллекция 158–190 · модалка 300–380 · пак 122–164,"Вампиризм, Рывок. Пикирует к шее.",«Пепел честнее золота: он не притворяется.»,Resources/Cards/Necrus/vmp_06.png
vmp_07,Целительница склепа,Necrus,Creature,Uncommon,4,2,4,9.69,2.422,3.69,,0.49,512×720,512x720,512×432 (x0 y72–x512 y504 | 10–70% высоты),430×374 (x41 y101–x471 y475),"центр сюжета (256,274) object-position 50% 38%",рука 150–196 · поле 100–142 · коллекция 158–190 · модалка 300–380 · пак 122–164,Вампиризм. Боевой клич: 3 здоровья герою.,"«Яд не спешит: он знает, куда идёт.»",Resources/Cards/Necrus/vmp_07.png
vmp_08,Барон Багровой Луны,Necrus,Creature,Uncommon,6,6,6,13.3,2.217,1.3,,0.1,512×720,512x720,512×432 (x0 y72–x512 y504 | 10–70% высоты),430×374 (x41 y101–x471 y475),"центр сюжета (256,274) object-position 50% 38%",рука 150–196 · поле 100–142 · коллекция 158–190 · модалка 300–380 · пак 122–164,Вампиризм. Луна наливается вместе с ним.,"«Цена силы — след, который она оставляет.»",Resources/Cards/Necrus/vmp_08.png
vmp_09,Ламия-чревовещательница,Necrus,Creature,Rare,3,2,2,6.7,2.233,2.7,,-0.5,512×720,512x720,512×432 (x0 y72–x512 y504 | 10–70% высоты),430×374 (x41 y101–x471 y475),"центр сюжета (256,274) object-position 50% 38%",рука 150–196 · поле 100–142 · коллекция 158–190 · модалка 300–380 · пак 122–164,"Боевой клич: лечение героя, равное атаке цели.",«Свет не спорит с тьмой. Он просто приходит.»,Resources/Cards/Necrus/vmp_09.png
vmp_10,Капеллан Жажды,Necrus,Creature,Rare,5,4,5,11.0,2.2,2.0,,-0.2,512×720,512x720,512×432 (x0 y72–x512 y504 | 10–70% высоты),430×374 (x41 y101–x471 y475),"центр сюжета (256,274) object-position 50% 38%",рука 150–196 · поле 100–142 · коллекция 158–190 · модалка 300–380 · пак 122–164,"Вампиризм, Таунт. Молится кровью.",«Пепел честнее золота: он не притворяется.»,Resources/Cards/Necrus/vmp_10.png
vmp_11,Патриарх Рода,Necrus,Creature,Rare,7,7,7,15.3,2.186,1.3,,0.1,512×720,512x720,512×432 (x0 y72–x512 y504 | 10–70% высоты),430×374 (x41 y101–x471 y475),"центр сюжета (256,274) object-position 50% 38%",рука 150–196 · поле 100–142 · коллекция 158–190 · модалка 300–380 · пак 122–164,Вампиризм. Род пьёт вместе с ним.,"«Яд не спешит: он знает, куда идёт.»",Resources/Cards/Necrus/vmp_11.png
vmp_12,Сумрачная графиня,Necrus,Creature,Legendary,6,5,6,15.5,2.583,4.5,,2.3,512×720,512x720,512×432 (x0 y72–x512 y504 | 10–70% высоты),430×374 (x41 y101–x471 y475),"центр сюжета (256,274) object-position 50% 38%",рука 150–196 · поле 100–142 · коллекция 158–190 · модалка 300–380 · пак 122–164,Вампиризм. Боевой клич: сбросьте 3 карты противника.,"«Цена силы — след, который она оставляет.»",Resources/Cards/Necrus/vmp_12.png
vmp_13,Глоток крови,Necrus,Spell,Common,2,,,3.5,1.75,3.5,,-1.7,512×720,512x720,512×432 (x0 y72–x512 y504 | 10–70% высоты),430×374 (x41 y101–x471 y475),"центр сюжета (256,274) object-position 50% 38%",рука 150–196 · поле 100–142 · коллекция 158–190 · модалка 300–380 · пак 122–164,"5 здоровья вашему герою. Тёплый, железный привкус.",«Свет не спорит с тьмой. Он просто приходит.»,Resources/Cards/Necrus/vmp_13.png
vmp_14,Сифон души,Necrus,Spell,Uncommon,4,,,5.1,1.275,5.1,,-4.1,512×720,512x720,512×432 (x0 y72–x512 y504 | 10–70% высоты),430×374 (x41 y101–x471 y475),"центр сюжета (256,274) object-position 50% 38%",рука 150–196 · поле 100–142 · коллекция 158–190 · модалка 300–380 · пак 122–164,3 урона существу и 3 здоровья вашему герою.,«Пепел честнее золота: он не притворяется.»,Resources/Cards/Necrus/vmp_14.png
wtc_01,Ведьма-полуночница,Necrus,Creature,Common,2,2,2,7.66,3.83,3.66,,2.46,512×720,512x720,512×432 (x0 y72–x512 y504 | 10–70% высоты),430×374 (x41 y101–x471 y475),"центр сюжета (256,274) object-position 50% 38%",рука 150–196 · поле 100–142 · коллекция 158–190 · модалка 300–380 · пак 122–164,Боевой клич: Яд на случайное существо противника.,"«Яд не спешит: он знает, куда идёт.»",Resources/Cards/Necrus/wtc_01.png
wtc_02,Травница котла,Necrus,Creature,Common,3,2,3,8.17,2.723,3.17,,0.97,512×720,512x720,512×432 (x0 y72–x512 y504 | 10–70% высоты),430×374 (x41 y101–x471 y475),"центр сюжета (256,274) object-position 50% 38%",рука 150–196 · поле 100–142 · коллекция 158–190 · модалка 300–380 · пак 122–164,Боевой клич: Горение 2 на случайное существо противника.,"«Цена силы — след, который она оставляет.»",Resources/Cards/Necrus/wtc_02.png
wtc_03,Сглаз-шептунья,Necrus,Creature,Common,4,3,3,9.66,2.415,3.66,,0.46,512×720,512x720,512×432 (x0 y72–x512 y504 | 10–70% высоты),430×374 (x41 y101–x471 y475),"центр сюжета (256,274) object-position 50% 38%",рука 150–196 · поле 100–142 · коллекция 158–190 · модалка 300–380 · пак 122–164,Боевой клич: Яд на существо противника.,«Свет не спорит с тьмой. Он просто приходит.»,Resources/Cards/Necrus/wtc_03.png
wtc_04,Жаба-фамильяр,Necrus,Creature,Common,3,1,1,7.0,2.333,5.0,,-0.2,512×720,512x720,512×432 (x0 y72–x512 y504 | 10–70% высоты),430×374 (x41 y101–x471 y475),"центр сюжета (256,274) object-position 50% 38%",рука 150–196 · поле 100–142 · коллекция 158–190 · модалка 300–380 · пак 122–164,Боевой клич: Яд на существо и Горение 1 на случайное.,«Пепел честнее золота: он не притворяется.»,Resources/Cards/Necrus/wtc_04.png
wtc_05,Котельная бабка,Necrus,Creature,Common,5,4,4,14.82,2.964,6.82,,3.62,512×720,512x720,512×432 (x0 y72–x512 y504 | 10–70% высоты),430×374 (x41 y101–x471 y475),"центр сюжета (256,274) object-position 50% 38%",рука 150–196 · поле 100–142 · коллекция 158–190 · модалка 300–380 · пак 122–164,Боевой клич: Яд на 2 случайных существа противника.,"«Яд не спешит: он знает, куда идёт.»",Resources/Cards/Necrus/wtc_05.png
wtc_06,Гнилая повитуха,Necrus,Creature,Common,2,1,3,7.68,3.84,3.68,,2.48,512×720,512x720,512×432 (x0 y72–x512 y504 | 10–70% высоты),430×374 (x41 y101–x471 y475),"центр сюжета (256,274) object-position 50% 38%",рука 150–196 · поле 100–142 · коллекция 158–190 · модалка 300–380 · пак 122–164,Таунт. Предсмертный хрип: Яд на случайное существо противника.,"«Цена силы — след, который она оставляет.»",Resources/Cards/Necrus/wtc_06.png
wtc_07,Ведьма-сухорука,Necrus,Creature,Uncommon,3,3,2,6.58,2.193,1.58,,-0.62,512×720,512x720,512×432 (x0 y72–x512 y504 | 10–70% высоты),430×374 (x41 y101–x471 y475),"центр сюжета (256,274) object-position 50% 38%",рука 150–196 · поле 100–142 · коллекция 158–190 · модалка 300–380 · пак 122–164,Боевой клич: немота существу противника.,«Свет не спорит с тьмой. Он просто приходит.»,Resources/Cards/Necrus/wtc_07.png
wtc_08,Полынная знахарка,Necrus,Creature,Uncommon,5,4,4,13.55,2.71,5.55,,2.35,512×720,512x720,512×432 (x0 y72–x512 y504 | 10–70% высоты),430×374 (x41 y101–x471 y475),"центр сюжета (256,274) object-position 50% 38%",рука 150–196 · поле 100–142 · коллекция 158–190 · модалка 300–380 · пак 122–164,Боевой клич: Горение 3 на случайное существо противника.,«Пепел честнее золота: он не притворяется.»,Resources/Cards/Necrus/wtc_08.png
wtc_09,Полуночная шептуха,Necrus,Creature,Rare,3,2,2,8.76,2.92,4.76,,1.56,512×720,512x720,512×432 (x0 y72–x512 y504 | 10–70% высоты),430×374 (x41 y101–x471 y475),"центр сюжета (256,274) object-position 50% 38%",рука 150–196 · поле 100–142 · коллекция 158–190 · модалка 300–380 · пак 122–164,Неуловимость. Боевой клич: Яд на существо противника.,"«Яд не спешит: он знает, куда идёт.»",Resources/Cards/Necrus/wtc_09.png
wtc_10,Мать жабьего котла,Necrus,Creature,Rare,5,4,3,13.33,2.666,6.33,,2.13,512×720,512x720,512×432 (x0 y72–x512 y504 | 10–70% высоты),430×374 (x41 y101–x471 y475),"центр сюжета (256,274) object-position 50% 38%",рука 150–196 · поле 100–142 · коллекция 158–190 · модалка 300–380 · пак 122–164,Боевой клич: Яд на существо и Горение 2 на случайное.,"«Цена силы — след, который она оставляет.»",Resources/Cards/Necrus/wtc_10.png
wtc_11,Моровая заря,Necrus,Spell,Rare,6,,,4.39,0.732,4.39,,-8.81,512×720,512x720,512×432 (x0 y72–x512 y504 | 10–70% высоты),430×374 (x41 y101–x471 y475),"центр сюжета (256,274) object-position 50% 38%",рука 150–196 · поле 100–142 · коллекция 158–190 · модалка 300–380 · пак 122–164,Яд на все существа противника: любая рана станет смертельной.,«Свет не спорит с тьмой. Он просто приходит.»,Resources/Cards/Necrus/wtc_11.png
wtc_12,Матерь Ковена,Necrus,Creature,Legendary,6,5,6,16.55,2.758,5.55,,3.35,512×720,512x720,512×432 (x0 y72–x512 y504 | 10–70% высоты),430×374 (x41 y101–x471 y475),"центр сюжета (256,274) object-position 50% 38%",рука 150–196 · поле 100–142 · коллекция 158–190 · модалка 300–380 · пак 122–164,Боевой клич: Яд на все существа противника и 3 здоровья герою.,«Пепел честнее золота: он не притворяется.»,Resources/Cards/Necrus/wtc_12.png
wtc_13,Искра сглаза,Necrus,Spell,Common,1,,,2.97,2.97,2.97,,-0.23,512×720,512x720,512×432 (x0 y72–x512 y504 | 10–70% высоты),430×374 (x41 y101–x471 y475),"центр сюжета (256,274) object-position 50% 38%",рука 150–196 · поле 100–142 · коллекция 158–190 · модалка 300–380 · пак 122–164,Горение 2 на существо противника. Тлеет и шепчет.,"«Яд не спешит: он знает, куда идёт.»",Resources/Cards/Necrus/wtc_13.png
wtc_14,Ведьмин яд,Necrus,Spell,Uncommon,2,,,5.31,2.655,5.31,,0.11,512×720,512x720,512×432 (x0 y72–x512 y504 | 10–70% высоты),430×374 (x41 y101–x471 y475),"центр сюжета (256,274) object-position 50% 38%",рука 150–196 · поле 100–142 · коллекция 158–190 · модалка 300–380 · пак 122–164,Яд на существо противника и 1 карта. Рецепт записан.,"«Цена силы — след, который она оставляет.»",Resources/Cards/Necrus/wtc_14.png
wtd_01,Иссохший паломник,Neutral,Creature,Common,1,1,1,3.31,3.31,1.31,,0.11,512×720,512x720,512×432 (x0 y72–x512 y504 | 10–70% высоты),430×374 (x41 y101–x471 y475),"центр сюжета (256,274) object-position 50% 38%",рука 150–196 · поле 100–142 · коллекция 158–190 · модалка 300–380 · пак 122–164,Боевой клич: -1 атаки существу противника.,«Свет не спорит с тьмой. Он просто приходит.»,Resources/Cards/Neutral/wtd_01.png
wtd_02,Носитель порчи,Neutral,Creature,Common,2,2,2,5.22,2.61,1.22,,0.02,512×720,512x720,512×432 (x0 y72–x512 y504 | 10–70% высоты),430×374 (x41 y101–x471 y475),"центр сюжета (256,274) object-position 50% 38%",рука 150–196 · поле 100–142 · коллекция 158–190 · модалка 300–380 · пак 122–164,Боевой клич: Порча — -1 здоровья существу противника.,«Пепел честнее золота: он не притворяется.»,Resources/Cards/Neutral/wtd_02.png
wtd_03,Проклятый землепашец,Neutral,Creature,Common,3,2,3,7.12,2.373,2.12,,-0.08,512×720,512x720,512×432 (x0 y72–x512 y504 | 10–70% высоты),430×374 (x41 y101–x471 y475),"центр сюжета (256,274) object-position 50% 38%",рука 150–196 · поле 100–142 · коллекция 158–190 · модалка 300–380 · пак 122–164,Боевой клич: -2 атаки существу противника.,"«Яд не спешит: он знает, куда идёт.»",Resources/Cards/Neutral/wtd_03.png
wtd_04,Иссохшая вдова,Neutral,Creature,Common,3,3,2,6.94,2.313,1.94,,-0.26,512×720,512x720,512×432 (x0 y72–x512 y504 | 10–70% высоты),430×374 (x41 y101–x471 y475),"центр сюжета (256,274) object-position 50% 38%",рука 150–196 · поле 100–142 · коллекция 158–190 · модалка 300–380 · пак 122–164,Боевой клич: Порча — -2 здоровья случайному существу противника.,"«Цена силы — след, который она оставляет.»",Resources/Cards/Neutral/wtd_04.png
wtd_05,Могильный глашатай,Neutral,Creature,Common,4,3,4,9.03,2.257,2.03,,-0.17,512×720,512x720,512×432 (x0 y72–x512 y504 | 10–70% высоты),430×374 (x41 y101–x471 y475),"центр сюжета (256,274) object-position 50% 38%",рука 150–196 · поле 100–142 · коллекция 158–190 · модалка 300–380 · пак 122–164,Боевой клич: -1/-1 существу противника.,«Свет не спорит с тьмой. Он просто приходит.»,Resources/Cards/Neutral/wtd_05.png
wtd_06,Проклятый колосс,Neutral,Creature,Common,5,4,5,11.66,2.332,2.66,,0.46,512×720,512x720,512×432 (x0 y72–x512 y504 | 10–70% высоты),430×374 (x41 y101–x471 y475),"центр сюжета (256,274) object-position 50% 38%",рука 150–196 · поле 100–142 · коллекция 158–190 · модалка 300–380 · пак 122–164,Боевой клич: Порча — -3 здоровья существу противника.,«Пепел честнее золота: он не притворяется.»,Resources/Cards/Neutral/wtd_06.png
wtd_07,Иссохший хор,Neutral,Creature,Common,2,1,2,3.68,1.84,0.68,,-1.52,512×720,512x720,512×432 (x0 y72–x512 y504 | 10–70% высоты),430×374 (x41 y101–x471 y475),"центр сюжета (256,274) object-position 50% 38%",рука 150–196 · поле 100–142 · коллекция 158–190 · модалка 300–380 · пак 122–164,Предсмертный хрип: все существа противника получают -1 здоровья.,"«Яд не спешит: он знает, куда идёт.»",Resources/Cards/Neutral/wtd_07.png
wtd_08,Сухорукий жнец,Neutral,Creature,Uncommon,4,3,3,8.93,2.232,2.93,,-0.27,512×720,512x720,512×432 (x0 y72–x512 y504 | 10–70% высоты),430×374 (x41 y101–x471 y475),"центр сюжета (256,274) object-position 50% 38%",рука 150–196 · поле 100–142 · коллекция 158–190 · модалка 300–380 · пак 122–164,Боевой клич: -3 атаки существу противника.,"«Цена силы — след, который она оставляет.»",Resources/Cards/Neutral/wtd_08.png
wtd_09,Пророк порчи,Neutral,Creature,Uncommon,5,4,4,11.56,2.312,3.56,,0.36,512×720,512x720,512×432 (x0 y72–x512 y504 | 10–70% высоты),430×374 (x41 y101–x471 y475),"центр сюжета (256,274) object-position 50% 38%",рука 150–196 · поле 100–142 · коллекция 158–190 · модалка 300–380 · пак 122–164,Боевой клич: -2/-2 существу противника.,«Свет не спорит с тьмой. Он просто приходит.»,Resources/Cards/Neutral/wtd_09.png
wtd_10,Иссохший исполин,Neutral,Creature,Rare,6,5,5,12.64,2.107,2.64,,-0.56,512×720,512x720,512×432 (x0 y72–x512 y504 | 10–70% высоты),430×374 (x41 y101–x471 y475),"центр сюжета (256,274) object-position 50% 38%",рука 150–196 · поле 100–142 · коллекция 158–190 · модалка 300–380 · пак 122–164,Таунт. Боевой клич: все существа противника получают -2 здоровья.,«Пепел честнее золота: он не притворяется.»,Resources/Cards/Neutral/wtd_10.png
wtd_11,Вестник проклятия,Neutral,Creature,Rare,5,4,4,11.65,2.33,3.65,,0.45,512×720,512x720,512×432 (x0 y72–x512 y504 | 10–70% высоты),430×374 (x41 y101–x471 y475),"центр сюжета (256,274) object-position 50% 38%",рука 150–196 · поле 100–142 · коллекция 158–190 · модалка 300–380 · пак 122–164,Боевой клич: Порча -3 здоровья и Горение 1 существу противника.,"«Яд не спешит: он знает, куда идёт.»",Resources/Cards/Neutral/wtd_11.png
wtd_12,Великое проклятие,Neutral,Spell,Rare,7,,,3.2,0.457,3.2,,-12.0,512×720,512x720,512×432 (x0 y72–x512 y504 | 10–70% высоты),430×374 (x41 y101–x471 y475),"центр сюжета (256,274) object-position 50% 38%",рука 150–196 · поле 100–142 · коллекция 158–190 · модалка 300–380 · пак 122–164,Порча: -4 здоровья существу противника. Земля сохнет под ним.,"«Цена силы — след, который она оставляет.»",Resources/Cards/Neutral/wtd_12.png
wtd_13,Патриарх Иссохших,Neutral,Creature,Legendary,8,7,7,17.83,2.229,3.83,,0.63,512×720,512x720,512×432 (x0 y72–x512 y504 | 10–70% высоты),430×374 (x41 y101–x471 y475),"центр сюжета (256,274) object-position 50% 38%",рука 150–196 · поле 100–142 · коллекция 158–190 · модалка 300–380 · пак 122–164,"Боевой клич: -2 здоровья всем существам противника, 3 здоровья вашему герою.",«Свет не спорит с тьмой. Он просто приходит.»,Resources/Cards/Neutral/wtd_13.png
wtd_14,Слабость,Neutral,Spell,Common,1,,,1.8,1.8,1.8,,-1.4,512×720,512x720,512×432 (x0 y72–x512 y504 | 10–70% высоты),430×374 (x41 y101–x471 y475),"центр сюжета (256,274) object-position 50% 38%",рука 150–196 · поле 100–142 · коллекция 158–190 · модалка 300–380 · пак 122–164,-2 атаки существу противника. Руки опускаются.,«Пепел честнее золота: он не притворяется.»,Resources/Cards/Neutral/wtd_14.png
