id,name,faction,rarity,size,folder,file,prompt,negative
aur_01,Послушник Света,Aurites,Common,512x720,Resources/Cards/Aurites,Resources/Cards/Aurites/aur_01.png,"dark fantasy trading card game illustration, a single heroic creature character: 'Послушник Света', radiant white marble citadel, golden filigree, soft god-rays, pale blue holy light, feathered wings, polished brass armor, luminous runes floating in air, centered composition, rich color grading, painterly brushwork, high detail --ar 3:4 --style raw --v 6","text, letters, watermark, signature, ui, frame, border, extra limbs, deformed hands, lowres, blurry, jpeg artifacts, modern clothing, photograph, 3d render plastic look"
aur_02,Златокрылый страж,Aurites,Common,512x720,Resources/Cards/Aurites,Resources/Cards/Aurites/aur_02.png,"dark fantasy trading card game illustration, a single heroic creature character: 'Златокрылый страж', radiant white marble citadel, golden filigree, soft god-rays, pale blue holy light, feathered wings, polished brass armor, luminous runes floating in air, centered composition, rich color grading, painterly brushwork, high detail --ar 3:4 --style raw --v 6","text, letters, watermark, signature, ui, frame, border, extra limbs, deformed hands, lowres, blurry, jpeg artifacts, modern clothing, photograph, 3d render plastic look"
aur_03,Рассветный капеллан,Aurites,Common,512x720,Resources/Cards/Aurites,Resources/Cards/Aurites/aur_03.png,"dark fantasy trading card game illustration, a single heroic creature character: 'Рассветный капеллан', radiant white marble citadel, golden filigree, soft god-rays, pale blue holy light, feathered wings, polished brass armor, luminous runes floating in air, centered composition, rich color grading, painterly brushwork, high detail --ar 3:4 --style raw --v 6","text, letters, watermark, signature, ui, frame, border, extra limbs, deformed hands, lowres, blurry, jpeg artifacts, modern clothing, photograph, 3d render plastic look"
aur_04,Хранитель реликвий,Aurites,Common,512x720,Resources/Cards/Aurites,Resources/Cards/Aurites/aur_04.png,"dark fantasy trading card game illustration, a single heroic creature character: 'Хранитель реликвий', radiant white marble citadel, golden filigree, soft god-rays, pale blue holy light, feathered wings, polished brass armor, luminous runes floating in air, centered composition, rich color grading, painterly brushwork, high detail --ar 3:4 --style raw --v 6","text, letters, watermark, signature, ui, frame, border, extra limbs, deformed hands, lowres, blurry, jpeg artifacts, modern clothing, photograph, 3d render plastic look"
aur_05,Сияющая стража,Aurites,Common,512x720,Resources/Cards/Aurites,Resources/Cards/Aurites/aur_05.png,"dark fantasy trading card game illustration, a single heroic creature character: 'Сияющая стража', radiant white marble citadel, golden filigree, soft god-rays, pale blue holy light, feathered wings, polished brass armor, luminous runes floating in air, centered composition, rich color grading, painterly brushwork, high detail --ar 3:4 --style raw --v 6","text, letters, watermark, signature, ui, frame, border, extra limbs, deformed hands, lowres, blurry, jpeg artifacts, modern clothing, photograph, 3d render plastic look"
aur_06,Купольный маг,Aurites,Common,512x720,Resources/Cards/Aurites,Resources/Cards/Aurites/aur_06.png,"dark fantasy trading card game illustration, a single heroic creature character: 'Купольный маг', radiant white marble citadel, golden filigree, soft god-rays, pale blue holy light, feathered wings, polished brass armor, luminous runes floating in air, centered composition, rich color grading, painterly brushwork, high detail --ar 3:4 --style raw --v 6","text, letters, watermark, signature, ui, frame, border, extra limbs, deformed hands, lowres, blurry, jpeg artifacts, modern clothing, photograph, 3d render plastic look"
aur_07,Небесный центурион,Aurites,Common,512x720,Resources/Cards/Aurites,Resources/Cards/Aurites/aur_07.png,"dark fantasy trading card game illustration, a single heroic creature character: 'Небесный центурион', radiant white marble citadel, golden filigree, soft god-rays, pale blue holy light, feathered wings, polished brass armor, luminous runes floating in air, centered composition, rich color grading, painterly brushwork, high detail --ar 3:4 --style raw --v 6","text, letters, watermark, signature, ui, frame, border, extra limbs, deformed hands, lowres, blurry, jpeg artifacts, modern clothing, photograph, 3d render plastic look"
aur_08,Безмолвный арбитр,Aurites,Common,512x720,Resources/Cards/Aurites,Resources/Cards/Aurites/aur_08.png,"dark fantasy trading card game illustration, a single heroic creature character: 'Безмолвный арбитр', radiant white marble citadel, golden filigree, soft god-rays, pale blue holy light, feathered wings, polished brass armor, luminous runes floating in air, air element, centered composition, rich color grading, painterly brushwork, high detail --ar 3:4 --style raw --v 6","text, letters, watermark, signature, ui, frame, border, extra limbs, deformed hands, lowres, blurry, jpeg artifacts, modern clothing, photograph, 3d render plastic look"
aur_09,Серафим Зари,Aurites,Common,512x720,Resources/Cards/Aurites,Resources/Cards/Aurites/aur_09.png,"dark fantasy trading card game illustration, a single heroic creature character: 'Серафим Зари', radiant white marble citadel, golden filigree, soft god-rays, pale blue holy light, feathered wings, polished brass armor, luminous runes floating in air, air element, centered composition, rich color grading, painterly brushwork, high detail --ar 3:4 --style raw --v 6","text, letters, watermark, signature, ui, frame, border, extra limbs, deformed hands, lowres, blurry, jpeg artifacts, modern clothing, photograph, 3d render plastic look"
aur_10,Гранитный бастион,Aurites,Common,512x720,Resources/Cards/Aurites,Resources/Cards/Aurites/aur_10.png,"dark fantasy trading card game illustration, a single heroic creature character: 'Гранитный бастион', radiant white marble citadel, golden filigree, soft god-rays, pale blue holy light, feathered wings, polished brass armor, luminous runes floating in air, centered composition, rich color grading, painterly brushwork, high detail --ar 3:4 --style raw --v 6","text, letters, watermark, signature, ui, frame, border, extra limbs, deformed hands, lowres, blurry, jpeg artifacts, modern clothing, photograph, 3d render plastic look"
aur_11,Молчаливая монахиня,Aurites,Rare,512x720,Resources/Cards/Aurites,Resources/Cards/Aurites/aur_11.png,"intricate detailing, dark fantasy trading card game illustration, a single heroic creature character: 'Молчаливая монахиня', radiant white marble citadel, golden filigree, soft god-rays, pale blue holy light, feathered wings, polished brass armor, luminous runes floating in air, centered composition, rich color grading, painterly brushwork, high detail --ar 3:4 --style raw --v 6","text, letters, watermark, signature, ui, frame, border, extra limbs, deformed hands, lowres, blurry, jpeg artifacts, modern clothing, photograph, 3d render plastic look"
aur_15,Крылатый страж порога,Aurites,Common,512x720,Resources/Cards/Aurites,Resources/Cards/Aurites/aur_15.png,"dark fantasy trading card game illustration, a single heroic creature character: 'Крылатый страж порога', radiant white marble citadel, golden filigree, soft god-rays, pale blue holy light, feathered wings, polished brass armor, luminous runes floating in air, air element, centered composition, rich color grading, painterly brushwork, high detail --ar 3:4 --style raw --v 6","text, letters, watermark, signature, ui, frame, border, extra limbs, deformed hands, lowres, blurry, jpeg artifacts, modern clothing, photograph, 3d render plastic look"
aur_12,Архангел Завета,Aurites,Rare,512x720,Resources/Cards/Aurites,Resources/Cards/Aurites/aur_12.png,"intricate detailing, dark fantasy trading card game illustration, a single heroic creature character: 'Архангел Завета', radiant white marble citadel, golden filigree, soft god-rays, pale blue holy light, feathered wings, polished brass armor, luminous runes floating in air, air element, centered composition, rich color grading, painterly brushwork, high detail --ar 3:4 --style raw --v 6","text, letters, watermark, signature, ui, frame, border, extra limbs, deformed hands, lowres, blurry, jpeg artifacts, modern clothing, photograph, 3d render plastic look"
aur_13,Первосвященник Ауры,Aurites,Rare,512x720,Resources/Cards/Aurites,Resources/Cards/Aurites/aur_13.png,"intricate detailing, dark fantasy trading card game illustration, a single heroic creature character: 'Первосвященник Ауры', radiant white marble citadel, golden filigree, soft god-rays, pale blue holy light, feathered wings, polished brass armor, luminous runes floating in air, centered composition, rich color grading, painterly brushwork, high detail --ar 3:4 --style raw --v 6","text, letters, watermark, signature, ui, frame, border, extra limbs, deformed hands, lowres, blurry, jpeg artifacts, modern clothing, photograph, 3d render plastic look"
aur_14,Престол Вечного Света,Aurites,Epic,512x720,Resources/Cards/Aurites,Resources/Cards/Aurites/aur_14.png,"epic cinematic composition, volumetric light, dark fantasy trading card game illustration, a single heroic creature character: 'Престол Вечного Света', radiant white marble citadel, golden filigree, soft god-rays, pale blue holy light, feathered wings, polished brass armor, luminous runes floating in air, centered composition, rich color grading, painterly brushwork, high detail --ar 3:4 --style raw --v 6","text, letters, watermark, signature, ui, frame, border, extra limbs, deformed hands, lowres, blurry, jpeg artifacts, modern clothing, photograph, 3d render plastic look"
aur_s01,Луч Рассвета,Aurites,Common,512x720,Resources/Cards/Aurites,Resources/Cards/Aurites/aur_s01.png,"dark fantasy trading card game illustration, a burst of magical energy: 'Луч Рассвета', radiant white marble citadel, golden filigree, soft god-rays, pale blue holy light, feathered wings, polished brass armor, luminous runes floating in air, centered composition, rich color grading, painterly brushwork, high detail --ar 3:4 --style raw --v 6","text, letters, watermark, signature, ui, frame, border, extra limbs, deformed hands, lowres, blurry, jpeg artifacts, modern clothing, photograph, 3d render plastic look"
aur_s02,Освящение,Aurites,Common,512x720,Resources/Cards/Aurites,Resources/Cards/Aurites/aur_s02.png,"dark fantasy trading card game illustration, a burst of magical energy: 'Освящение', radiant white marble citadel, golden filigree, soft god-rays, pale blue holy light, feathered wings, polished brass armor, luminous runes floating in air, centered composition, rich color grading, painterly brushwork, high detail --ar 3:4 --style raw --v 6","text, letters, watermark, signature, ui, frame, border, extra limbs, deformed hands, lowres, blurry, jpeg artifacts, modern clothing, photograph, 3d render plastic look"
aur_s03,Священное вмешательство,Aurites,Common,512x720,Resources/Cards/Aurites,Resources/Cards/Aurites/aur_s03.png,"dark fantasy trading card game illustration, a burst of magical energy: 'Священное вмешательство', radiant white marble citadel, golden filigree, soft god-rays, pale blue holy light, feathered wings, polished brass armor, luminous runes floating in air, centered composition, rich color grading, painterly brushwork, high detail --ar 3:4 --style raw --v 6","text, letters, watermark, signature, ui, frame, border, extra limbs, deformed hands, lowres, blurry, jpeg artifacts, modern clothing, photograph, 3d render plastic look"
aur_s04,Приговор Света,Aurites,Common,512x720,Resources/Cards/Aurites,Resources/Cards/Aurites/aur_s04.png,"dark fantasy trading card game illustration, a burst of magical energy: 'Приговор Света', radiant white marble citadel, golden filigree, soft god-rays, pale blue holy light, feathered wings, polished brass armor, luminous runes floating in air, centered composition, rich color grading, painterly brushwork, high detail --ar 3:4 --style raw --v 6","text, letters, watermark, signature, ui, frame, border, extra limbs, deformed hands, lowres, blurry, jpeg artifacts, modern clothing, photograph, 3d render plastic look"
aur_s05,Благословение Ауры,Aurites,Common,512x720,Resources/Cards/Aurites,Resources/Cards/Aurites/aur_s05.png,"dark fantasy trading card game illustration, a burst of magical energy: 'Благословение Ауры', radiant white marble citadel, golden filigree, soft god-rays, pale blue holy light, feathered wings, polished brass armor, luminous runes floating in air, centered composition, rich color grading, painterly brushwork, high detail --ar 3:4 --style raw --v 6","text, letters, watermark, signature, ui, frame, border, extra limbs, deformed hands, lowres, blurry, jpeg artifacts, modern clothing, photograph, 3d render plastic look"
aur_s06,Молитва Хранителя,Aurites,Common,512x720,Resources/Cards/Aurites,Resources/Cards/Aurites/aur_s06.png,"dark fantasy trading card game illustration, a burst of magical energy: 'Молитва Хранителя', radiant white marble citadel, golden filigree, soft god-rays, pale blue holy light, feathered wings, polished brass armor, luminous runes floating in air, centered composition, rich color grading, painterly brushwork, high detail --ar 3:4 --style raw --v 6","text, letters, watermark, signature, ui, frame, border, extra limbs, deformed hands, lowres, blurry, jpeg artifacts, modern clothing, photograph, 3d render plastic look"
aur_s07,Небесный суд,Aurites,Common,512x720,Resources/Cards/Aurites,Resources/Cards/Aurites/aur_s07.png,"dark fantasy trading card game illustration, a burst of magical energy: 'Небесный суд', radiant white marble citadel, golden filigree, soft god-rays, pale blue holy light, feathered wings, polished brass armor, luminous runes floating in air, centered composition, rich color grading, painterly brushwork, high detail --ar 3:4 --style raw --v 6","text, letters, watermark, signature, ui, frame, border, extra limbs, deformed hands, lowres, blurry, jpeg artifacts, modern clothing, photograph, 3d render plastic look"
aur_s08,Купол Безмолвия,Aurites,Rare,512x720,Resources/Cards/Aurites,Resources/Cards/Aurites/aur_s08.png,"intricate detailing, dark fantasy trading card game illustration, a burst of magical energy: 'Купол Безмолвия', radiant white marble citadel, golden filigree, soft god-rays, pale blue holy light, feathered wings, polished brass armor, luminous runes floating in air, centered composition, rich color grading, painterly brushwork, high detail --ar 3:4 --style raw --v 6","text, letters, watermark, signature, ui, frame, border, extra limbs, deformed hands, lowres, blurry, jpeg artifacts, modern clothing, photograph, 3d render plastic look"
aur_s09,Откровение Вечности,Aurites,Epic,512x720,Resources/Cards/Aurites,Resources/Cards/Aurites/aur_s09.png,"epic cinematic composition, volumetric light, dark fantasy trading card game illustration, a burst of magical energy: 'Откровение Вечности', radiant white marble citadel, golden filigree, soft god-rays, pale blue holy light, feathered wings, polished brass armor, luminous runes floating in air, centered composition, rich color grading, painterly brushwork, high detail --ar 3:4 --style raw --v 6","text, letters, watermark, signature, ui, frame, border, extra limbs, deformed hands, lowres, blurry, jpeg artifacts, modern clothing, photograph, 3d render plastic look"
aur_r01,Руна Рассвета,Aurites,Common,512x720,Resources/Cards/Aurites,Resources/Cards/Aurites/aur_r01.png,"dark fantasy trading card game illustration, an ancient glowing rune sigil carved on stone: 'Руна Рассвета', radiant white marble citadel, golden filigree, soft god-rays, pale blue holy light, feathered wings, polished brass armor, luminous runes floating in air, centered composition, rich color grading, painterly brushwork, high detail --ar 3:4 --style raw --v 6","text, letters, watermark, signature, ui, frame, border, extra limbs, deformed hands, lowres, blurry, jpeg artifacts, modern clothing, photograph, 3d render plastic look"
aur_r02,Руна Милосердия,Aurites,Common,512x720,Resources/Cards/Aurites,Resources/Cards/Aurites/aur_r02.png,"dark fantasy trading card game illustration, an ancient glowing rune sigil carved on stone: 'Руна Милосердия', radiant white marble citadel, golden filigree, soft god-rays, pale blue holy light, feathered wings, polished brass armor, luminous runes floating in air, centered composition, rich color grading, painterly brushwork, high detail --ar 3:4 --style raw --v 6","text, letters, watermark, signature, ui, frame, border, extra limbs, deformed hands, lowres, blurry, jpeg artifacts, modern clothing, photograph, 3d render plastic look"
aur_r03,Руна Небесного Покрова,Aurites,Common,512x720,Resources/Cards/Aurites,Resources/Cards/Aurites/aur_r03.png,"dark fantasy trading card game illustration, an ancient glowing rune sigil carved on stone: 'Руна Небесного Покрова', radiant white marble citadel, golden filigree, soft god-rays, pale blue holy light, feathered wings, polished brass armor, luminous runes floating in air, air element, centered composition, rich color grading, painterly brushwork, high detail --ar 3:4 --style raw --v 6","text, letters, watermark, signature, ui, frame, border, extra limbs, deformed hands, lowres, blurry, jpeg artifacts, modern clothing, photograph, 3d render plastic look"
aur_r04,Руна Золотого Хора,Aurites,Rare,512x720,Resources/Cards/Aurites,Resources/Cards/Aurites/aur_r04.png,"intricate detailing, dark fantasy trading card game illustration, an ancient glowing rune sigil carved on stone: 'Руна Золотого Хора', radiant white marble citadel, golden filigree, soft god-rays, pale blue holy light, feathered wings, polished brass armor, luminous runes floating in air, centered composition, rich color grading, painterly brushwork, high detail --ar 3:4 --style raw --v 6","text, letters, watermark, signature, ui, frame, border, extra limbs, deformed hands, lowres, blurry, jpeg artifacts, modern clothing, photograph, 3d render plastic look"
aur_r05,Руна Вечного Купола,Aurites,Rare,512x720,Resources/Cards/Aurites,Resources/Cards/Aurites/aur_r05.png,"intricate detailing, dark fantasy trading card game illustration, an ancient glowing rune sigil carved on stone: 'Руна Вечного Купола', radiant white marble citadel, golden filigree, soft god-rays, pale blue holy light, feathered wings, polished brass armor, luminous runes floating in air, centered composition, rich color grading, painterly brushwork, high detail --ar 3:4 --style raw --v 6","text, letters, watermark, signature, ui, frame, border, extra limbs, deformed hands, lowres, blurry, jpeg artifacts, modern clothing, photograph, 3d render plastic look"
aur_r06,Руна Последнего Света,Aurites,Epic,512x720,Resources/Cards/Aurites,Resources/Cards/Aurites/aur_r06.png,"epic cinematic composition, volumetric light, dark fantasy trading card game illustration, an ancient glowing rune sigil carved on stone: 'Руна Последнего Света', radiant white marble citadel, golden filigree, soft god-rays, pale blue holy light, feathered wings, polished brass armor, luminous runes floating in air, centered composition, rich color grading, painterly brushwork, high detail --ar 3:4 --style raw --v 6","text, letters, watermark, signature, ui, frame, border, extra limbs, deformed hands, lowres, blurry, jpeg artifacts, modern clothing, photograph, 3d render plastic look"
nec_01,Костяной прислужник,Necrus,Common,512x720,Resources/Cards/Necrus,Resources/Cards/Necrus/nec_01.png,"dark fantasy trading card game illustration, a single heroic creature character: 'Костяной прислужник', decaying gothic crypt, deep purple and blood red, black mist, bone reliquaries, green necrotic glow, tattered burial shrouds, iron chains, chaos/void element, centered composition, rich color grading, painterly brushwork, high detail --ar 3:4 --style raw --v 6","text, letters, watermark, signature, ui, frame, border, extra limbs, deformed hands, lowres, blurry, jpeg artifacts, modern clothing, photograph, 3d render plastic look"
nec_02,Склеповая крыса,Necrus,Common,512x720,Resources/Cards/Necrus,Resources/Cards/Necrus/nec_02.png,"dark fantasy trading card game illustration, a single heroic creature character: 'Склеповая крыса', decaying gothic crypt, deep purple and blood red, black mist, bone reliquaries, green necrotic glow, tattered burial shrouds, iron chains, chaos/void element, centered composition, rich color grading, painterly brushwork, high detail --ar 3:4 --style raw --v 6","text, letters, watermark, signature, ui, frame, border, extra limbs, deformed hands, lowres, blurry, jpeg artifacts, modern clothing, photograph, 3d render plastic look"
nec_03,Упырь-мародёр,Necrus,Common,512x720,Resources/Cards/Necrus,Resources/Cards/Necrus/nec_03.png,"dark fantasy trading card game illustration, a single heroic creature character: 'Упырь-мародёр', decaying gothic crypt, deep purple and blood red, black mist, bone reliquaries, green necrotic glow, tattered burial shrouds, iron chains, chaos/void element, centered composition, rich color grading, painterly brushwork, high detail --ar 3:4 --style raw --v 6","text, letters, watermark, signature, ui, frame, border, extra limbs, deformed hands, lowres, blurry, jpeg artifacts, modern clothing, photograph, 3d render plastic look"
nec_04,Ламия Скорби,Necrus,Common,512x720,Resources/Cards/Necrus,Resources/Cards/Necrus/nec_04.png,"dark fantasy trading card game illustration, a single heroic creature character: 'Ламия Скорби', decaying gothic crypt, deep purple and blood red, black mist, bone reliquaries, green necrotic glow, tattered burial shrouds, iron chains, chaos/void element, centered composition, rich color grading, painterly brushwork, high detail --ar 3:4 --style raw --v 6","text, letters, watermark, signature, ui, frame, border, extra limbs, deformed hands, lowres, blurry, jpeg artifacts, modern clothing, photograph, 3d render plastic look"
nec_05,Могильный жнец,Necrus,Common,512x720,Resources/Cards/Necrus,Resources/Cards/Necrus/nec_05.png,"dark fantasy trading card game illustration, a single heroic creature character: 'Могильный жнец', decaying gothic crypt, deep purple and blood red, black mist, bone reliquaries, green necrotic glow, tattered burial shrouds, iron chains, chaos/void element, centered composition, rich color grading, painterly brushwork, high detail --ar 3:4 --style raw --v 6","text, letters, watermark, signature, ui, frame, border, extra limbs, deformed hands, lowres, blurry, jpeg artifacts, modern clothing, photograph, 3d render plastic look"
nec_06,Чумной разносчик,Necrus,Common,512x720,Resources/Cards/Necrus,Resources/Cards/Necrus/nec_06.png,"dark fantasy trading card game illustration, a single heroic creature character: 'Чумной разносчик', decaying gothic crypt, deep purple and blood red, black mist, bone reliquaries, green necrotic glow, tattered burial shrouds, iron chains, chaos/void element, centered composition, rich color grading, painterly brushwork, high detail --ar 3:4 --style raw --v 6","text, letters, watermark, signature, ui, frame, border, extra limbs, deformed hands, lowres, blurry, jpeg artifacts, modern clothing, photograph, 3d render plastic look"
nec_07,Полуночный душитель,Necrus,Common,512x720,Resources/Cards/Necrus,Resources/Cards/Necrus/nec_07.png,"dark fantasy trading card game illustration, a single heroic creature character: 'Полуночный душитель', decaying gothic crypt, deep purple and blood red, black mist, bone reliquaries, green necrotic glow, tattered burial shrouds, iron chains, chaos/void element, centered composition, rich color grading, painterly brushwork, high detail --ar 3:4 --style raw --v 6","text, letters, watermark, signature, ui, frame, border, extra limbs, deformed hands, lowres, blurry, jpeg artifacts, modern clothing, photograph, 3d render plastic look"
nec_08,Кровавый архонт,Necrus,Common,512x720,Resources/Cards/Necrus,Resources/Cards/Necrus/nec_08.png,"dark fantasy trading card game illustration, a single heroic creature character: 'Кровавый архонт', decaying gothic crypt, deep purple and blood red, black mist, bone reliquaries, green necrotic glow, tattered burial shrouds, iron chains, chaos/void element, centered composition, rich color grading, painterly brushwork, high detail --ar 3:4 --style raw --v 6","text, letters, watermark, signature, ui, frame, border, extra limbs, deformed hands, lowres, blurry, jpeg artifacts, modern clothing, photograph, 3d render plastic look"
nec_09,Некромант Склепа,Necrus,Common,512x720,Resources/Cards/Necrus,Resources/Cards/Necrus/nec_09.png,"dark fantasy trading card game illustration, a single heroic creature character: 'Некромант Склепа', decaying gothic crypt, deep purple and blood red, black mist, bone reliquaries, green necrotic glow, tattered burial shrouds, iron chains, chaos/void element, centered composition, rich color grading, painterly brushwork, high detail --ar 3:4 --style raw --v 6","text, letters, watermark, signature, ui, frame, border, extra limbs, deformed hands, lowres, blurry, jpeg artifacts, modern clothing, photograph, 3d render plastic look"
nec_10,Пожиратель праха,Necrus,Common,512x720,Resources/Cards/Necrus,Resources/Cards/Necrus/nec_10.png,"dark fantasy trading card game illustration, a single heroic creature character: 'Пожиратель праха', decaying gothic crypt, deep purple and blood red, black mist, bone reliquaries, green necrotic glow, tattered burial shrouds, iron chains, chaos/void element, centered composition, rich color grading, painterly brushwork, high detail --ar 3:4 --style raw --v 6","text, letters, watermark, signature, ui, frame, border, extra limbs, deformed hands, lowres, blurry, jpeg artifacts, modern clothing, photograph, 3d render plastic look"
nec_11,Лихо Болотное,Necrus,Rare,512x720,Resources/Cards/Necrus,Resources/Cards/Necrus/nec_11.png,"intricate detailing, dark fantasy trading card game illustration, a single heroic creature character: 'Лихо Болотное', decaying gothic crypt, deep purple and blood red, black mist, bone reliquaries, green necrotic glow, tattered burial shrouds, iron chains, chaos/void element, centered composition, rich color grading, painterly brushwork, high detail --ar 3:4 --style raw --v 6","text, letters, watermark, signature, ui, frame, border, extra limbs, deformed hands, lowres, blurry, jpeg artifacts, modern clothing, photograph, 3d render plastic look"
nec_12,Вурдалак-охотник,Necrus,Rare,512x720,Resources/Cards/Necrus,Resources/Cards/Necrus/nec_12.png,"intricate detailing, dark fantasy trading card game illustration, a single heroic creature character: 'Вурдалак-охотник', decaying gothic crypt, deep purple and blood red, black mist, bone reliquaries, green necrotic glow, tattered burial shrouds, iron chains, chaos/void element, centered composition, rich color grading, painterly brushwork, high detail --ar 3:4 --style raw --v 6","text, letters, watermark, signature, ui, frame, border, extra limbs, deformed hands, lowres, blurry, jpeg artifacts, modern clothing, photograph, 3d render plastic look"
nec_13,Костяной дракон,Necrus,Rare,512x720,Resources/Cards/Necrus,Resources/Cards/Necrus/nec_13.png,"intricate detailing, dark fantasy trading card game illustration, a single heroic creature character: 'Костяной дракон', decaying gothic crypt, deep purple and blood red, black mist, bone reliquaries, green necrotic glow, tattered burial shrouds, iron chains, chaos/void element, centered composition, rich color grading, painterly brushwork, high detail --ar 3:4 --style raw --v 6","text, letters, watermark, signature, ui, frame, border, extra limbs, deformed hands, lowres, blurry, jpeg artifacts, modern clothing, photograph, 3d render plastic look"
nec_14,Владыка Могильника,Necrus,Epic,512x720,Resources/Cards/Necrus,Resources/Cards/Necrus/nec_14.png,"epic cinematic composition, volumetric light, dark fantasy trading card game illustration, a single heroic creature character: 'Владыка Могильника', decaying gothic crypt, deep purple and blood red, black mist, bone reliquaries, green necrotic glow, tattered burial shrouds, iron chains, chaos/void element, centered composition, rich color grading, painterly brushwork, high detail --ar 3:4 --style raw --v 6","text, letters, watermark, signature, ui, frame, border, extra limbs, deformed hands, lowres, blurry, jpeg artifacts, modern clothing, photograph, 3d render plastic look"
nec_15,Жнец Тысячи Голосов,Necrus,Legendary,512x720,Resources/Cards/Necrus,Resources/Cards/Necrus/nec_15.png,"legendary masterpiece composition, dramatic rim light, particle effects, dark fantasy trading card game illustration, a single heroic creature character: 'Жнец Тысячи Голосов', decaying gothic crypt, deep purple and blood red, black mist, bone reliquaries, green necrotic glow, tattered burial shrouds, iron chains, chaos/void element, centered composition, rich color grading, painterly brushwork, high detail --ar 3:4 --style raw --v 6","text, letters, watermark, signature, ui, frame, border, extra limbs, deformed hands, lowres, blurry, jpeg artifacts, modern clothing, photograph, 3d render plastic look"
nec_s01,Кровавый обмен,Necrus,Common,512x720,Resources/Cards/Necrus,Resources/Cards/Necrus/nec_s01.png,"dark fantasy trading card game illustration, a burst of magical energy: 'Кровавый обмен', decaying gothic crypt, deep purple and blood red, black mist, bone reliquaries, green necrotic glow, tattered burial shrouds, iron chains, chaos/void element, centered composition, rich color grading, painterly brushwork, high detail --ar 3:4 --style raw --v 6","text, letters, watermark, signature, ui, frame, border, extra limbs, deformed hands, lowres, blurry, jpeg artifacts, modern clothing, photograph, 3d render plastic look"
nec_s02,Тлетворное касание,Necrus,Common,512x720,Resources/Cards/Necrus,Resources/Cards/Necrus/nec_s02.png,"dark fantasy trading card game illustration, a burst of magical energy: 'Тлетворное касание', decaying gothic crypt, deep purple and blood red, black mist, bone reliquaries, green necrotic glow, tattered burial shrouds, iron chains, chaos/void element, centered composition, rich color grading, painterly brushwork, high detail --ar 3:4 --style raw --v 6","text, letters, watermark, signature, ui, frame, border, extra limbs, deformed hands, lowres, blurry, jpeg artifacts, modern clothing, photograph, 3d render plastic look"
nec_s03,Кража души,Necrus,Common,512x720,Resources/Cards/Necrus,Resources/Cards/Necrus/nec_s03.png,"dark fantasy trading card game illustration, a burst of magical energy: 'Кража души', decaying gothic crypt, deep purple and blood red, black mist, bone reliquaries, green necrotic glow, tattered burial shrouds, iron chains, chaos/void element, centered composition, rich color grading, painterly brushwork, high detail --ar 3:4 --style raw --v 6","text, letters, watermark, signature, ui, frame, border, extra limbs, deformed hands, lowres, blurry, jpeg artifacts, modern clothing, photograph, 3d render plastic look"
nec_s04,Жатва,Necrus,Rare,512x720,Resources/Cards/Necrus,Resources/Cards/Necrus/nec_s04.png,"intricate detailing, dark fantasy trading card game illustration, a burst of magical energy: 'Жатва', decaying gothic crypt, deep purple and blood red, black mist, bone reliquaries, green necrotic glow, tattered burial shrouds, iron chains, chaos/void element, centered composition, rich color grading, painterly brushwork, high detail --ar 3:4 --style raw --v 6","text, letters, watermark, signature, ui, frame, border, extra limbs, deformed hands, lowres, blurry, jpeg artifacts, modern clothing, photograph, 3d render plastic look"
nec_s05,Чёрный контракт,Necrus,Common,512x720,Resources/Cards/Necrus,Resources/Cards/Necrus/nec_s05.png,"dark fantasy trading card game illustration, a burst of magical energy: 'Чёрный контракт', decaying gothic crypt, deep purple and blood red, black mist, bone reliquaries, green necrotic glow, tattered burial shrouds, iron chains, chaos/void element, centered composition, rich color grading, painterly brushwork, high detail --ar 3:4 --style raw --v 6","text, letters, watermark, signature, ui, frame, border, extra limbs, deformed hands, lowres, blurry, jpeg artifacts, modern clothing, photograph, 3d render plastic look"
nec_s06,Проклятие Тлена,Necrus,Common,512x720,Resources/Cards/Necrus,Resources/Cards/Necrus/nec_s06.png,"dark fantasy trading card game illustration, a burst of magical energy: 'Проклятие Тлена', decaying gothic crypt, deep purple and blood red, black mist, bone reliquaries, green necrotic glow, tattered burial shrouds, iron chains, chaos/void element, centered composition, rich color grading, painterly brushwork, high detail --ar 3:4 --style raw --v 6","text, letters, watermark, signature, ui, frame, border, extra limbs, deformed hands, lowres, blurry, jpeg artifacts, modern clothing, photograph, 3d render plastic look"
nec_s07,Пир Праха,Necrus,Rare,512x720,Resources/Cards/Necrus,Resources/Cards/Necrus/nec_s07.png,"intricate detailing, dark fantasy trading card game illustration, a burst of magical energy: 'Пир Праха', decaying gothic crypt, deep purple and blood red, black mist, bone reliquaries, green necrotic glow, tattered burial shrouds, iron chains, chaos/void element, centered composition, rich color grading, painterly brushwork, high detail --ar 3:4 --style raw --v 6","text, letters, watermark, signature, ui, frame, border, extra limbs, deformed hands, lowres, blurry, jpeg artifacts, modern clothing, photograph, 3d render plastic look"
nec_s08,Полночный реквием,Necrus,Epic,512x720,Resources/Cards/Necrus,Resources/Cards/Necrus/nec_s08.png,"epic cinematic composition, volumetric light, dark fantasy trading card game illustration, a burst of magical energy: 'Полночный реквием', decaying gothic crypt, deep purple and blood red, black mist, bone reliquaries, green necrotic glow, tattered burial shrouds, iron chains, chaos/void element, centered composition, rich color grading, painterly brushwork, high detail --ar 3:4 --style raw --v 6","text, letters, watermark, signature, ui, frame, border, extra limbs, deformed hands, lowres, blurry, jpeg artifacts, modern clothing, photograph, 3d render plastic look"
nec_s09,Абсолютная Тьма,Necrus,Rare,512x720,Resources/Cards/Necrus,Resources/Cards/Necrus/nec_s09.png,"intricate detailing, dark fantasy trading card game illustration, a burst of magical energy: 'Абсолютная Тьма', decaying gothic crypt, deep purple and blood red, black mist, bone reliquaries, green necrotic glow, tattered burial shrouds, iron chains, chaos/void element, centered composition, rich color grading, painterly brushwork, high detail --ar 3:4 --style raw --v 6","text, letters, watermark, signature, ui, frame, border, extra limbs, deformed hands, lowres, blurry, jpeg artifacts, modern clothing, photograph, 3d render plastic look"
nec_r01,Руна Крови,Necrus,Common,512x720,Resources/Cards/Necrus,Resources/Cards/Necrus/nec_r01.png,"dark fantasy trading card game illustration, an ancient glowing rune sigil carved on stone: 'Руна Крови', decaying gothic crypt, deep purple and blood red, black mist, bone reliquaries, green necrotic glow, tattered burial shrouds, iron chains, chaos/void element, centered composition, rich color grading, painterly brushwork, high detail --ar 3:4 --style raw --v 6","text, letters, watermark, signature, ui, frame, border, extra limbs, deformed hands, lowres, blurry, jpeg artifacts, modern clothing, photograph, 3d render plastic look"
nec_r02,Руна Тлена,Necrus,Common,512x720,Resources/Cards/Necrus,Resources/Cards/Necrus/nec_r02.png,"dark fantasy trading card game illustration, an ancient glowing rune sigil carved on stone: 'Руна Тлена', decaying gothic crypt, deep purple and blood red, black mist, bone reliquaries, green necrotic glow, tattered burial shrouds, iron chains, chaos/void element, centered composition, rich color grading, painterly brushwork, high detail --ar 3:4 --style raw --v 6","text, letters, watermark, signature, ui, frame, border, extra limbs, deformed hands, lowres, blurry, jpeg artifacts, modern clothing, photograph, 3d render plastic look"
nec_r03,Руна Голода,Necrus,Rare,512x720,Resources/Cards/Necrus,Resources/Cards/Necrus/nec_r03.png,"intricate detailing, dark fantasy trading card game illustration, an ancient glowing rune sigil carved on stone: 'Руна Голода', decaying gothic crypt, deep purple and blood red, black mist, bone reliquaries, green necrotic glow, tattered burial shrouds, iron chains, chaos/void element, centered composition, rich color grading, painterly brushwork, high detail --ar 3:4 --style raw --v 6","text, letters, watermark, signature, ui, frame, border, extra limbs, deformed hands, lowres, blurry, jpeg artifacts, modern clothing, photograph, 3d render plastic look"
nec_r04,Руна Вечной Жатвы,Necrus,Rare,512x720,Resources/Cards/Necrus,Resources/Cards/Necrus/nec_r04.png,"intricate detailing, dark fantasy trading card game illustration, an ancient glowing rune sigil carved on stone: 'Руна Вечной Жатвы', decaying gothic crypt, deep purple and blood red, black mist, bone reliquaries, green necrotic glow, tattered burial shrouds, iron chains, chaos/void element, centered composition, rich color grading, painterly brushwork, high detail --ar 3:4 --style raw --v 6","text, letters, watermark, signature, ui, frame, border, extra limbs, deformed hands, lowres, blurry, jpeg artifacts, modern clothing, photograph, 3d render plastic look"
nec_r05,Руна Некроза,Necrus,Rare,512x720,Resources/Cards/Necrus,Resources/Cards/Necrus/nec_r05.png,"intricate detailing, dark fantasy trading card game illustration, an ancient glowing rune sigil carved on stone: 'Руна Некроза', decaying gothic crypt, deep purple and blood red, black mist, bone reliquaries, green necrotic glow, tattered burial shrouds, iron chains, chaos/void element, centered composition, rich color grading, painterly brushwork, high detail --ar 3:4 --style raw --v 6","text, letters, watermark, signature, ui, frame, border, extra limbs, deformed hands, lowres, blurry, jpeg artifacts, modern clothing, photograph, 3d render plastic look"
nec_r06,Руна Абсолютной Тьмы,Necrus,Rare,512x720,Resources/Cards/Necrus,Resources/Cards/Necrus/nec_r06.png,"intricate detailing, dark fantasy trading card game illustration, an ancient glowing rune sigil carved on stone: 'Руна Абсолютной Тьмы', decaying gothic crypt, deep purple and blood red, black mist, bone reliquaries, green necrotic glow, tattered burial shrouds, iron chains, chaos/void element, centered composition, rich color grading, painterly brushwork, high detail --ar 3:4 --style raw --v 6","text, letters, watermark, signature, ui, frame, border, extra limbs, deformed hands, lowres, blurry, jpeg artifacts, modern clothing, photograph, 3d render plastic look"
ter_01,Каменный росток,Terramorph,Common,512x720,Resources/Cards/Terramorph,Resources/Cards/Terramorph/ter_01.png,"dark fantasy trading card game illustration, a single heroic creature character: 'Каменный росток', ancient moss-covered stone, amber crystals growing from rock, giant roots, emerald forest light, weathered granite, prehistoric trees, earth element, centered composition, rich color grading, painterly brushwork, high detail --ar 3:4 --style raw --v 6","text, letters, watermark, signature, ui, frame, border, extra limbs, deformed hands, lowres, blurry, jpeg artifacts, modern clothing, photograph, 3d render plastic look"
ter_02,Глиняный страж,Terramorph,Common,512x720,Resources/Cards/Terramorph,Resources/Cards/Terramorph/ter_02.png,"dark fantasy trading card game illustration, a single heroic creature character: 'Глиняный страж', ancient moss-covered stone, amber crystals growing from rock, giant roots, emerald forest light, weathered granite, prehistoric trees, earth element, centered composition, rich color grading, painterly brushwork, high detail --ar 3:4 --style raw --v 6","text, letters, watermark, signature, ui, frame, border, extra limbs, deformed hands, lowres, blurry, jpeg artifacts, modern clothing, photograph, 3d render plastic look"
ter_03,Корневой опутыватель,Terramorph,Common,512x720,Resources/Cards/Terramorph,Resources/Cards/Terramorph/ter_03.png,"dark fantasy trading card game illustration, a single heroic creature character: 'Корневой опутыватель', ancient moss-covered stone, amber crystals growing from rock, giant roots, emerald forest light, weathered granite, prehistoric trees, earth element, centered composition, rich color grading, painterly brushwork, high detail --ar 3:4 --style raw --v 6","text, letters, watermark, signature, ui, frame, border, extra limbs, deformed hands, lowres, blurry, jpeg artifacts, modern clothing, photograph, 3d render plastic look"
ter_04,Янтарный жук,Terramorph,Common,512x720,Resources/Cards/Terramorph,Resources/Cards/Terramorph/ter_04.png,"dark fantasy trading card game illustration, a single heroic creature character: 'Янтарный жук', ancient moss-covered stone, amber crystals growing from rock, giant roots, emerald forest light, weathered granite, prehistoric trees, earth element, centered composition, rich color grading, painterly brushwork, high detail --ar 3:4 --style raw --v 6","text, letters, watermark, signature, ui, frame, border, extra limbs, deformed hands, lowres, blurry, jpeg artifacts, modern clothing, photograph, 3d render plastic look"
ter_05,Мшистый великан,Terramorph,Common,512x720,Resources/Cards/Terramorph,Resources/Cards/Terramorph/ter_05.png,"dark fantasy trading card game illustration, a single heroic creature character: 'Мшистый великан', ancient moss-covered stone, amber crystals growing from rock, giant roots, emerald forest light, weathered granite, prehistoric trees, earth element, centered composition, rich color grading, painterly brushwork, high detail --ar 3:4 --style raw --v 6","text, letters, watermark, signature, ui, frame, border, extra limbs, deformed hands, lowres, blurry, jpeg artifacts, modern clothing, photograph, 3d render plastic look"
ter_06,Сейсмический шаман,Terramorph,Common,512x720,Resources/Cards/Terramorph,Resources/Cards/Terramorph/ter_06.png,"dark fantasy trading card game illustration, a single heroic creature character: 'Сейсмический шаман', ancient moss-covered stone, amber crystals growing from rock, giant roots, emerald forest light, weathered granite, prehistoric trees, earth element, centered composition, rich color grading, painterly brushwork, high detail --ar 3:4 --style raw --v 6","text, letters, watermark, signature, ui, frame, border, extra limbs, deformed hands, lowres, blurry, jpeg artifacts, modern clothing, photograph, 3d render plastic look"
ter_07,Гранитный колосс,Terramorph,Common,512x720,Resources/Cards/Terramorph,Resources/Cards/Terramorph/ter_07.png,"dark fantasy trading card game illustration, a single heroic creature character: 'Гранитный колосс', ancient moss-covered stone, amber crystals growing from rock, giant roots, emerald forest light, weathered granite, prehistoric trees, earth element, centered composition, rich color grading, painterly brushwork, high detail --ar 3:4 --style raw --v 6","text, letters, watermark, signature, ui, frame, border, extra limbs, deformed hands, lowres, blurry, jpeg artifacts, modern clothing, photograph, 3d render plastic look"
ter_08,Древний энт,Terramorph,Common,512x720,Resources/Cards/Terramorph,Resources/Cards/Terramorph/ter_08.png,"dark fantasy trading card game illustration, a single heroic creature character: 'Древний энт', ancient moss-covered stone, amber crystals growing from rock, giant roots, emerald forest light, weathered granite, prehistoric trees, earth element, centered composition, rich color grading, painterly brushwork, high detail --ar 3:4 --style raw --v 6","text, letters, watermark, signature, ui, frame, border, extra limbs, deformed hands, lowres, blurry, jpeg artifacts, modern clothing, photograph, 3d render plastic look"
ter_09,Матёрый древень,Terramorph,Common,512x720,Resources/Cards/Terramorph,Resources/Cards/Terramorph/ter_09.png,"dark fantasy trading card game illustration, a single heroic creature character: 'Матёрый древень', ancient moss-covered stone, amber crystals growing from rock, giant roots, emerald forest light, weathered granite, prehistoric trees, earth element, centered composition, rich color grading, painterly brushwork, high detail --ar 3:4 --style raw --v 6","text, letters, watermark, signature, ui, frame, border, extra limbs, deformed hands, lowres, blurry, jpeg artifacts, modern clothing, photograph, 3d render plastic look"
ter_10,Тектонический страж,Terramorph,Common,512x720,Resources/Cards/Terramorph,Resources/Cards/Terramorph/ter_10.png,"dark fantasy trading card game illustration, a single heroic creature character: 'Тектонический страж', ancient moss-covered stone, amber crystals growing from rock, giant roots, emerald forest light, weathered granite, prehistoric trees, earth element, centered composition, rich color grading, painterly brushwork, high detail --ar 3:4 --style raw --v 6","text, letters, watermark, signature, ui, frame, border, extra limbs, deformed hands, lowres, blurry, jpeg artifacts, modern clothing, photograph, 3d render plastic look"
ter_11,Первозданный титан,Terramorph,Rare,512x720,Resources/Cards/Terramorph,Resources/Cards/Terramorph/ter_11.png,"intricate detailing, dark fantasy trading card game illustration, a single heroic creature character: 'Первозданный титан', ancient moss-covered stone, amber crystals growing from rock, giant roots, emerald forest light, weathered granite, prehistoric trees, earth element, centered composition, rich color grading, painterly brushwork, high detail --ar 3:4 --style raw --v 6","text, letters, watermark, signature, ui, frame, border, extra limbs, deformed hands, lowres, blurry, jpeg artifacts, modern clothing, photograph, 3d render plastic look"
ter_12,Утёсный исполин,Terramorph,Rare,512x720,Resources/Cards/Terramorph,Resources/Cards/Terramorph/ter_12.png,"intricate detailing, dark fantasy trading card game illustration, a single heroic creature character: 'Утёсный исполин', ancient moss-covered stone, amber crystals growing from rock, giant roots, emerald forest light, weathered granite, prehistoric trees, earth element, centered composition, rich color grading, painterly brushwork, high detail --ar 3:4 --style raw --v 6","text, letters, watermark, signature, ui, frame, border, extra limbs, deformed hands, lowres, blurry, jpeg artifacts, modern clothing, photograph, 3d render plastic look"
ter_13,Мать Леса,Terramorph,Epic,512x720,Resources/Cards/Terramorph,Resources/Cards/Terramorph/ter_13.png,"epic cinematic composition, volumetric light, dark fantasy trading card game illustration, a single heroic creature character: 'Мать Леса', ancient moss-covered stone, amber crystals growing from rock, giant roots, emerald forest light, weathered granite, prehistoric trees, earth element, centered composition, rich color grading, painterly brushwork, high detail --ar 3:4 --style raw --v 6","text, letters, watermark, signature, ui, frame, border, extra limbs, deformed hands, lowres, blurry, jpeg artifacts, modern clothing, photograph, 3d render plastic look"
ter_14,Владыка Недр,Terramorph,Legendary,512x720,Resources/Cards/Terramorph,Resources/Cards/Terramorph/ter_14.png,"legendary masterpiece composition, dramatic rim light, particle effects, dark fantasy trading card game illustration, a single heroic creature character: 'Владыка Недр', ancient moss-covered stone, amber crystals growing from rock, giant roots, emerald forest light, weathered granite, prehistoric trees, earth element, centered composition, rich color grading, painterly brushwork, high detail --ar 3:4 --style raw --v 6","text, letters, watermark, signature, ui, frame, border, extra limbs, deformed hands, lowres, blurry, jpeg artifacts, modern clothing, photograph, 3d render plastic look"
ter_15,Сердце Горы,Terramorph,Rare,512x720,Resources/Cards/Terramorph,Resources/Cards/Terramorph/ter_15.png,"intricate detailing, dark fantasy trading card game illustration, a single heroic creature character: 'Сердце Горы', ancient moss-covered stone, amber crystals growing from rock, giant roots, emerald forest light, weathered granite, prehistoric trees, earth element, centered composition, rich color grading, painterly brushwork, high detail --ar 3:4 --style raw --v 6","text, letters, watermark, signature, ui, frame, border, extra limbs, deformed hands, lowres, blurry, jpeg artifacts, modern clothing, photograph, 3d render plastic look"
ter_s01,Дар Земли,Terramorph,Common,512x720,Resources/Cards/Terramorph,Resources/Cards/Terramorph/ter_s01.png,"dark fantasy trading card game illustration, a burst of magical energy: 'Дар Земли', ancient moss-covered stone, amber crystals growing from rock, giant roots, emerald forest light, weathered granite, prehistoric trees, earth element, centered composition, rich color grading, painterly brushwork, high detail --ar 3:4 --style raw --v 6","text, letters, watermark, signature, ui, frame, border, extra limbs, deformed hands, lowres, blurry, jpeg artifacts, modern clothing, photograph, 3d render plastic look"
ter_s02,Корневая хватка,Terramorph,Common,512x720,Resources/Cards/Terramorph,Resources/Cards/Terramorph/ter_s02.png,"dark fantasy trading card game illustration, a burst of magical energy: 'Корневая хватка', ancient moss-covered stone, amber crystals growing from rock, giant roots, emerald forest light, weathered granite, prehistoric trees, earth element, centered composition, rich color grading, painterly brushwork, high detail --ar 3:4 --style raw --v 6","text, letters, watermark, signature, ui, frame, border, extra limbs, deformed hands, lowres, blurry, jpeg artifacts, modern clothing, photograph, 3d render plastic look"
ter_s03,Пробуждение корней,Terramorph,Common,512x720,Resources/Cards/Terramorph,Resources/Cards/Terramorph/ter_s03.png,"dark fantasy trading card game illustration, a burst of magical energy: 'Пробуждение корней', ancient moss-covered stone, amber crystals growing from rock, giant roots, emerald forest light, weathered granite, prehistoric trees, earth element, centered composition, rich color grading, painterly brushwork, high detail --ar 3:4 --style raw --v 6","text, letters, watermark, signature, ui, frame, border, extra limbs, deformed hands, lowres, blurry, jpeg artifacts, modern clothing, photograph, 3d render plastic look"
ter_s04,Сейсмический толчок,Terramorph,Common,512x720,Resources/Cards/Terramorph,Resources/Cards/Terramorph/ter_s04.png,"dark fantasy trading card game illustration, a burst of magical energy: 'Сейсмический толчок', ancient moss-covered stone, amber crystals growing from rock, giant roots, emerald forest light, weathered granite, prehistoric trees, earth element, centered composition, rich color grading, painterly brushwork, high detail --ar 3:4 --style raw --v 6","text, letters, watermark, signature, ui, frame, border, extra limbs, deformed hands, lowres, blurry, jpeg artifacts, modern clothing, photograph, 3d render plastic look"
ter_s05,Каменная кожа,Terramorph,Common,512x720,Resources/Cards/Terramorph,Resources/Cards/Terramorph/ter_s05.png,"dark fantasy trading card game illustration, a burst of magical energy: 'Каменная кожа', ancient moss-covered stone, amber crystals growing from rock, giant roots, emerald forest light, weathered granite, prehistoric trees, earth element, centered composition, rich color grading, painterly brushwork, high detail --ar 3:4 --style raw --v 6","text, letters, watermark, signature, ui, frame, border, extra limbs, deformed hands, lowres, blurry, jpeg artifacts, modern clothing, photograph, 3d render plastic look"
ter_s06,Зов Предков,Terramorph,Common,512x720,Resources/Cards/Terramorph,Resources/Cards/Terramorph/ter_s06.png,"dark fantasy trading card game illustration, a burst of magical energy: 'Зов Предков', ancient moss-covered stone, amber crystals growing from rock, giant roots, emerald forest light, weathered granite, prehistoric trees, earth element, centered composition, rich color grading, painterly brushwork, high detail --ar 3:4 --style raw --v 6","text, letters, watermark, signature, ui, frame, border, extra limbs, deformed hands, lowres, blurry, jpeg artifacts, modern clothing, photograph, 3d render plastic look"
ter_s07,Пробуждение Колосса,Terramorph,Rare,512x720,Resources/Cards/Terramorph,Resources/Cards/Terramorph/ter_s07.png,"intricate detailing, dark fantasy trading card game illustration, a burst of magical energy: 'Пробуждение Колосса', ancient moss-covered stone, amber crystals growing from rock, giant roots, emerald forest light, weathered granite, prehistoric trees, earth element, centered composition, rich color grading, painterly brushwork, high detail --ar 3:4 --style raw --v 6","text, letters, watermark, signature, ui, frame, border, extra limbs, deformed hands, lowres, blurry, jpeg artifacts, modern clothing, photograph, 3d render plastic look"
ter_s08,Гнев Недр,Terramorph,Epic,512x720,Resources/Cards/Terramorph,Resources/Cards/Terramorph/ter_s08.png,"epic cinematic composition, volumetric light, dark fantasy trading card game illustration, a burst of magical energy: 'Гнев Недр', ancient moss-covered stone, amber crystals growing from rock, giant roots, emerald forest light, weathered granite, prehistoric trees, earth element, centered composition, rich color grading, painterly brushwork, high detail --ar 3:4 --style raw --v 6","text, letters, watermark, signature, ui, frame, border, extra limbs, deformed hands, lowres, blurry, jpeg artifacts, modern clothing, photograph, 3d render plastic look"
ter_s09,Сердце Мира,Terramorph,Legendary,512x720,Resources/Cards/Terramorph,Resources/Cards/Terramorph/ter_s09.png,"legendary masterpiece composition, dramatic rim light, particle effects, dark fantasy trading card game illustration, a burst of magical energy: 'Сердце Мира', ancient moss-covered stone, amber crystals growing from rock, giant roots, emerald forest light, weathered granite, prehistoric trees, earth element, centered composition, rich color grading, painterly brushwork, high detail --ar 3:4 --style raw --v 6","text, letters, watermark, signature, ui, frame, border, extra limbs, deformed hands, lowres, blurry, jpeg artifacts, modern clothing, photograph, 3d render plastic look"
ter_r01,Руна Плодородия,Terramorph,Common,512x720,Resources/Cards/Terramorph,Resources/Cards/Terramorph/ter_r01.png,"dark fantasy trading card game illustration, an ancient glowing rune sigil carved on stone: 'Руна Плодородия', ancient moss-covered stone, amber crystals growing from rock, giant roots, emerald forest light, weathered granite, prehistoric trees, earth element, centered composition, rich color grading, painterly brushwork, high detail --ar 3:4 --style raw --v 6","text, letters, watermark, signature, ui, frame, border, extra limbs, deformed hands, lowres, blurry, jpeg artifacts, modern clothing, photograph, 3d render plastic look"
ter_r02,Руна Коры,Terramorph,Common,512x720,Resources/Cards/Terramorph,Resources/Cards/Terramorph/ter_r02.png,"dark fantasy trading card game illustration, an ancient glowing rune sigil carved on stone: 'Руна Коры', ancient moss-covered stone, amber crystals growing from rock, giant roots, emerald forest light, weathered granite, prehistoric trees, earth element, centered composition, rich color grading, painterly brushwork, high detail --ar 3:4 --style raw --v 6","text, letters, watermark, signature, ui, frame, border, extra limbs, deformed hands, lowres, blurry, jpeg artifacts, modern clothing, photograph, 3d render plastic look"
ter_r03,Руна Тяжести,Terramorph,Common,512x720,Resources/Cards/Terramorph,Resources/Cards/Terramorph/ter_r03.png,"dark fantasy trading card game illustration, an ancient glowing rune sigil carved on stone: 'Руна Тяжести', ancient moss-covered stone, amber crystals growing from rock, giant roots, emerald forest light, weathered granite, prehistoric trees, earth element, centered composition, rich color grading, painterly brushwork, high detail --ar 3:4 --style raw --v 6","text, letters, watermark, signature, ui, frame, border, extra limbs, deformed hands, lowres, blurry, jpeg artifacts, modern clothing, photograph, 3d render plastic look"
ter_r04,Руна Янтаря,Terramorph,Rare,512x720,Resources/Cards/Terramorph,Resources/Cards/Terramorph/ter_r04.png,"intricate detailing, dark fantasy trading card game illustration, an ancient glowing rune sigil carved on stone: 'Руна Янтаря', ancient moss-covered stone, amber crystals growing from rock, giant roots, emerald forest light, weathered granite, prehistoric trees, earth element, centered composition, rich color grading, painterly brushwork, high detail --ar 3:4 --style raw --v 6","text, letters, watermark, signature, ui, frame, border, extra limbs, deformed hands, lowres, blurry, jpeg artifacts, modern clothing, photograph, 3d render plastic look"
ter_r05,Руна Глубинных Корней,Terramorph,Rare,512x720,Resources/Cards/Terramorph,Resources/Cards/Terramorph/ter_r05.png,"intricate detailing, dark fantasy trading card game illustration, an ancient glowing rune sigil carved on stone: 'Руна Глубинных Корней', ancient moss-covered stone, amber crystals growing from rock, giant roots, emerald forest light, weathered granite, prehistoric trees, earth element, centered composition, rich color grading, painterly brushwork, high detail --ar 3:4 --style raw --v 6","text, letters, watermark, signature, ui, frame, border, extra limbs, deformed hands, lowres, blurry, jpeg artifacts, modern clothing, photograph, 3d render plastic look"
ter_r06,Руна Первозданной Земли,Terramorph,Rare,512x720,Resources/Cards/Terramorph,Resources/Cards/Terramorph/ter_r06.png,"intricate detailing, dark fantasy trading card game illustration, an ancient glowing rune sigil carved on stone: 'Руна Первозданной Земли', ancient moss-covered stone, amber crystals growing from rock, giant roots, emerald forest light, weathered granite, prehistoric trees, earth element, centered composition, rich color grading, painterly brushwork, high detail --ar 3:4 --style raw --v 6","text, letters, watermark, signature, ui, frame, border, extra limbs, deformed hands, lowres, blurry, jpeg artifacts, modern clothing, photograph, 3d render plastic look"
pyr_01,Ученик искры,Pyromancer,Common,512x720,Resources/Cards/Pyromancer,Resources/Cards/Pyromancer/pyr_01.png,"dark fantasy trading card game illustration, a single heroic creature character: 'Ученик искры', molten lava cracks, ember storm, scorched obsidian, orange-red fire magic, smoke and ash, glowing forge runes, fire element, centered composition, rich color grading, painterly brushwork, high detail --ar 3:4 --style raw --v 6","text, letters, watermark, signature, ui, frame, border, extra limbs, deformed hands, lowres, blurry, jpeg artifacts, modern clothing, photograph, 3d render plastic look"
pyr_02,Пепельный бес,Pyromancer,Common,512x720,Resources/Cards/Pyromancer,Resources/Cards/Pyromancer/pyr_02.png,"dark fantasy trading card game illustration, a single heroic creature character: 'Пепельный бес', molten lava cracks, ember storm, scorched obsidian, orange-red fire magic, smoke and ash, glowing forge runes, fire element, centered composition, rich color grading, painterly brushwork, high detail --ar 3:4 --style raw --v 6","text, letters, watermark, signature, ui, frame, border, extra limbs, deformed hands, lowres, blurry, jpeg artifacts, modern clothing, photograph, 3d render plastic look"
pyr_03,Саламандра-поджигатель,Pyromancer,Common,512x720,Resources/Cards/Pyromancer,Resources/Cards/Pyromancer/pyr_03.png,"dark fantasy trading card game illustration, a single heroic creature character: 'Саламандра-поджигатель', molten lava cracks, ember storm, scorched obsidian, orange-red fire magic, smoke and ash, glowing forge runes, fire element, centered composition, rich color grading, painterly brushwork, high detail --ar 3:4 --style raw --v 6","text, letters, watermark, signature, ui, frame, border, extra limbs, deformed hands, lowres, blurry, jpeg artifacts, modern clothing, photograph, 3d render plastic look"
pyr_04,Угольный элементаль,Pyromancer,Common,512x720,Resources/Cards/Pyromancer,Resources/Cards/Pyromancer/pyr_04.png,"dark fantasy trading card game illustration, a single heroic creature character: 'Угольный элементаль', molten lava cracks, ember storm, scorched obsidian, orange-red fire magic, smoke and ash, glowing forge runes, fire element, centered composition, rich color grading, painterly brushwork, high detail --ar 3:4 --style raw --v 6","text, letters, watermark, signature, ui, frame, border, extra limbs, deformed hands, lowres, blurry, jpeg artifacts, modern clothing, photograph, 3d render plastic look"
pyr_05,Факельщик,Pyromancer,Common,512x720,Resources/Cards/Pyromancer,Resources/Cards/Pyromancer/pyr_05.png,"dark fantasy trading card game illustration, a single heroic creature character: 'Факельщик', molten lava cracks, ember storm, scorched obsidian, orange-red fire magic, smoke and ash, glowing forge runes, fire element, centered composition, rich color grading, painterly brushwork, high detail --ar 3:4 --style raw --v 6","text, letters, watermark, signature, ui, frame, border, extra limbs, deformed hands, lowres, blurry, jpeg artifacts, modern clothing, photograph, 3d render plastic look"
pyr_06,Горнильный мастер,Pyromancer,Common,512x720,Resources/Cards/Pyromancer,Resources/Cards/Pyromancer/pyr_06.png,"dark fantasy trading card game illustration, a single heroic creature character: 'Горнильный мастер', molten lava cracks, ember storm, scorched obsidian, orange-red fire magic, smoke and ash, glowing forge runes, fire element, centered composition, rich color grading, painterly brushwork, high detail --ar 3:4 --style raw --v 6","text, letters, watermark, signature, ui, frame, border, extra limbs, deformed hands, lowres, blurry, jpeg artifacts, modern clothing, photograph, 3d render plastic look"
pyr_07,Огненная стена,Pyromancer,Common,512x720,Resources/Cards/Pyromancer,Resources/Cards/Pyromancer/pyr_07.png,"dark fantasy trading card game illustration, a single heroic creature character: 'Огненная стена', molten lava cracks, ember storm, scorched obsidian, orange-red fire magic, smoke and ash, glowing forge runes, fire element, centered composition, rich color grading, painterly brushwork, high detail --ar 3:4 --style raw --v 6","text, letters, watermark, signature, ui, frame, border, extra limbs, deformed hands, lowres, blurry, jpeg artifacts, modern clothing, photograph, 3d render plastic look"
pyr_08,Ифрит Пепла,Pyromancer,Rare,512x720,Resources/Cards/Pyromancer,Resources/Cards/Pyromancer/pyr_08.png,"intricate detailing, dark fantasy trading card game illustration, a single heroic creature character: 'Ифрит Пепла', molten lava cracks, ember storm, scorched obsidian, orange-red fire magic, smoke and ash, glowing forge runes, fire element, centered composition, rich color grading, painterly brushwork, high detail --ar 3:4 --style raw --v 6","text, letters, watermark, signature, ui, frame, border, extra limbs, deformed hands, lowres, blurry, jpeg artifacts, modern clothing, photograph, 3d render plastic look"
pyr_09,Феникс-птенцы,Pyromancer,Rare,512x720,Resources/Cards/Pyromancer,Resources/Cards/Pyromancer/pyr_09.png,"intricate detailing, dark fantasy trading card game illustration, a single heroic creature character: 'Феникс-птенцы', molten lava cracks, ember storm, scorched obsidian, orange-red fire magic, smoke and ash, glowing forge runes, fire element, centered composition, rich color grading, painterly brushwork, high detail --ar 3:4 --style raw --v 6","text, letters, watermark, signature, ui, frame, border, extra limbs, deformed hands, lowres, blurry, jpeg artifacts, modern clothing, photograph, 3d render plastic look"
pyr_10,Магматический голем,Pyromancer,Rare,512x720,Resources/Cards/Pyromancer,Resources/Cards/Pyromancer/pyr_10.png,"intricate detailing, dark fantasy trading card game illustration, a single heroic creature character: 'Магматический голем', molten lava cracks, ember storm, scorched obsidian, orange-red fire magic, smoke and ash, glowing forge runes, fire element, centered composition, rich color grading, painterly brushwork, high detail --ar 3:4 --style raw --v 6","text, letters, watermark, signature, ui, frame, border, extra limbs, deformed hands, lowres, blurry, jpeg artifacts, modern clothing, photograph, 3d render plastic look"
pyr_11,Феникс Возрождённый,Pyromancer,Rare,512x720,Resources/Cards/Pyromancer,Resources/Cards/Pyromancer/pyr_11.png,"intricate detailing, dark fantasy trading card game illustration, a single heroic creature character: 'Феникс Возрождённый', molten lava cracks, ember storm, scorched obsidian, orange-red fire magic, smoke and ash, glowing forge runes, fire element, centered composition, rich color grading, painterly brushwork, high detail --ar 3:4 --style raw --v 6","text, letters, watermark, signature, ui, frame, border, extra limbs, deformed hands, lowres, blurry, jpeg artifacts, modern clothing, photograph, 3d render plastic look"
pyr_12,Вулканический колосс,Pyromancer,Epic,512x720,Resources/Cards/Pyromancer,Resources/Cards/Pyromancer/pyr_12.png,"epic cinematic composition, volumetric light, dark fantasy trading card game illustration, a single heroic creature character: 'Вулканический колосс', molten lava cracks, ember storm, scorched obsidian, orange-red fire magic, smoke and ash, glowing forge runes, fire element, centered composition, rich color grading, painterly brushwork, high detail --ar 3:4 --style raw --v 6","text, letters, watermark, signature, ui, frame, border, extra limbs, deformed hands, lowres, blurry, jpeg artifacts, modern clothing, photograph, 3d render plastic look"
pyr_13,Пепельный титан,Pyromancer,Rare,512x720,Resources/Cards/Pyromancer,Resources/Cards/Pyromancer/pyr_13.png,"intricate detailing, dark fantasy trading card game illustration, a single heroic creature character: 'Пепельный титан', molten lava cracks, ember storm, scorched obsidian, orange-red fire magic, smoke and ash, glowing forge runes, fire element, centered composition, rich color grading, painterly brushwork, high detail --ar 3:4 --style raw --v 6","text, letters, watermark, signature, ui, frame, border, extra limbs, deformed hands, lowres, blurry, jpeg artifacts, modern clothing, photograph, 3d render plastic look"
pyr_14,Избранник Огня,Pyromancer,Legendary,512x720,Resources/Cards/Pyromancer,Resources/Cards/Pyromancer/pyr_14.png,"legendary masterpiece composition, dramatic rim light, particle effects, dark fantasy trading card game illustration, a single heroic creature character: 'Избранник Огня', molten lava cracks, ember storm, scorched obsidian, orange-red fire magic, smoke and ash, glowing forge runes, fire element, centered composition, rich color grading, painterly brushwork, high detail --ar 3:4 --style raw --v 6","text, letters, watermark, signature, ui, frame, border, extra limbs, deformed hands, lowres, blurry, jpeg artifacts, modern clothing, photograph, 3d render plastic look"
pyr_15,Горнило Ярости,Pyromancer,Rare,512x720,Resources/Cards/Pyromancer,Resources/Cards/Pyromancer/pyr_15.png,"intricate detailing, dark fantasy trading card game illustration, a single heroic creature character: 'Горнило Ярости', molten lava cracks, ember storm, scorched obsidian, orange-red fire magic, smoke and ash, glowing forge runes, fire element, centered composition, rich color grading, painterly brushwork, high detail --ar 3:4 --style raw --v 6","text, letters, watermark, signature, ui, frame, border, extra limbs, deformed hands, lowres, blurry, jpeg artifacts, modern clothing, photograph, 3d render plastic look"
pyr_s01,Огненный снаряд,Pyromancer,Common,512x720,Resources/Cards/Pyromancer,Resources/Cards/Pyromancer/pyr_s01.png,"dark fantasy trading card game illustration, a burst of magical energy: 'Огненный снаряд', molten lava cracks, ember storm, scorched obsidian, orange-red fire magic, smoke and ash, glowing forge runes, fire element, centered composition, rich color grading, painterly brushwork, high detail --ar 3:4 --style raw --v 6","text, letters, watermark, signature, ui, frame, border, extra limbs, deformed hands, lowres, blurry, jpeg artifacts, modern clothing, photograph, 3d render plastic look"
pyr_s02,Вспышка,Pyromancer,Common,512x720,Resources/Cards/Pyromancer,Resources/Cards/Pyromancer/pyr_s02.png,"dark fantasy trading card game illustration, a burst of magical energy: 'Вспышка', molten lava cracks, ember storm, scorched obsidian, orange-red fire magic, smoke and ash, glowing forge runes, fire element, centered composition, rich color grading, painterly brushwork, high detail --ar 3:4 --style raw --v 6","text, letters, watermark, signature, ui, frame, border, extra limbs, deformed hands, lowres, blurry, jpeg artifacts, modern clothing, photograph, 3d render plastic look"
pyr_s03,Поджог,Pyromancer,Common,512x720,Resources/Cards/Pyromancer,Resources/Cards/Pyromancer/pyr_s03.png,"dark fantasy trading card game illustration, a burst of magical energy: 'Поджог', molten lava cracks, ember storm, scorched obsidian, orange-red fire magic, smoke and ash, glowing forge runes, fire element, centered composition, rich color grading, painterly brushwork, high detail --ar 3:4 --style raw --v 6","text, letters, watermark, signature, ui, frame, border, extra limbs, deformed hands, lowres, blurry, jpeg artifacts, modern clothing, photograph, 3d render plastic look"
pyr_s04,Огненный шар,Pyromancer,Common,512x720,Resources/Cards/Pyromancer,Resources/Cards/Pyromancer/pyr_s04.png,"dark fantasy trading card game illustration, a burst of magical energy: 'Огненный шар', molten lava cracks, ember storm, scorched obsidian, orange-red fire magic, smoke and ash, glowing forge runes, fire element, centered composition, rich color grading, painterly brushwork, high detail --ar 3:4 --style raw --v 6","text, letters, watermark, signature, ui, frame, border, extra limbs, deformed hands, lowres, blurry, jpeg artifacts, modern clothing, photograph, 3d render plastic look"
pyr_s10,Раскалённые угли,Pyromancer,Common,512x720,Resources/Cards/Pyromancer,Resources/Cards/Pyromancer/pyr_s10.png,"dark fantasy trading card game illustration, a burst of magical energy: 'Раскалённые угли', molten lava cracks, ember storm, scorched obsidian, orange-red fire magic, smoke and ash, glowing forge runes, fire element, centered composition, rich color grading, painterly brushwork, high detail --ar 3:4 --style raw --v 6","text, letters, watermark, signature, ui, frame, border, extra limbs, deformed hands, lowres, blurry, jpeg artifacts, modern clothing, photograph, 3d render plastic look"
pyr_s06,Пепельный ливень,Pyromancer,Common,512x720,Resources/Cards/Pyromancer,Resources/Cards/Pyromancer/pyr_s06.png,"dark fantasy trading card game illustration, a burst of magical energy: 'Пепельный ливень', molten lava cracks, ember storm, scorched obsidian, orange-red fire magic, smoke and ash, glowing forge runes, fire element, centered composition, rich color grading, painterly brushwork, high detail --ar 3:4 --style raw --v 6","text, letters, watermark, signature, ui, frame, border, extra limbs, deformed hands, lowres, blurry, jpeg artifacts, modern clothing, photograph, 3d render plastic look"
pyr_s07,Метеоритный дождь,Pyromancer,Rare,512x720,Resources/Cards/Pyromancer,Resources/Cards/Pyromancer/pyr_s07.png,"intricate detailing, dark fantasy trading card game illustration, a burst of magical energy: 'Метеоритный дождь', molten lava cracks, ember storm, scorched obsidian, orange-red fire magic, smoke and ash, glowing forge runes, fire element, centered composition, rich color grading, painterly brushwork, high detail --ar 3:4 --style raw --v 6","text, letters, watermark, signature, ui, frame, border, extra limbs, deformed hands, lowres, blurry, jpeg artifacts, modern clothing, photograph, 3d render plastic look"
pyr_s08,Инферно,Pyromancer,Epic,512x720,Resources/Cards/Pyromancer,Resources/Cards/Pyromancer/pyr_s08.png,"epic cinematic composition, volumetric light, dark fantasy trading card game illustration, a burst of magical energy: 'Инферно', molten lava cracks, ember storm, scorched obsidian, orange-red fire magic, smoke and ash, glowing forge runes, fire element, centered composition, rich color grading, painterly brushwork, high detail --ar 3:4 --style raw --v 6","text, letters, watermark, signature, ui, frame, border, extra limbs, deformed hands, lowres, blurry, jpeg artifacts, modern clothing, photograph, 3d render plastic look"
pyr_s09,Зов Вулкана,Pyromancer,Legendary,512x720,Resources/Cards/Pyromancer,Resources/Cards/Pyromancer/pyr_s09.png,"legendary masterpiece composition, dramatic rim light, particle effects, dark fantasy trading card game illustration, a burst of magical energy: 'Зов Вулкана', molten lava cracks, ember storm, scorched obsidian, orange-red fire magic, smoke and ash, glowing forge runes, fire element, centered composition, rich color grading, painterly brushwork, high detail --ar 3:4 --style raw --v 6","text, letters, watermark, signature, ui, frame, border, extra limbs, deformed hands, lowres, blurry, jpeg artifacts, modern clothing, photograph, 3d render plastic look"
pyr_r01,Руна Жара,Pyromancer,Common,512x720,Resources/Cards/Pyromancer,Resources/Cards/Pyromancer/pyr_r01.png,"dark fantasy trading card game illustration, an ancient glowing rune sigil carved on stone: 'Руна Жара', molten lava cracks, ember storm, scorched obsidian, orange-red fire magic, smoke and ash, glowing forge runes, fire element, centered composition, rich color grading, painterly brushwork, high detail --ar 3:4 --style raw --v 6","text, letters, watermark, signature, ui, frame, border, extra limbs, deformed hands, lowres, blurry, jpeg artifacts, modern clothing, photograph, 3d render plastic look"
pyr_r02,Руна Пепла,Pyromancer,Common,512x720,Resources/Cards/Pyromancer,Resources/Cards/Pyromancer/pyr_r02.png,"dark fantasy trading card game illustration, an ancient glowing rune sigil carved on stone: 'Руна Пепла', molten lava cracks, ember storm, scorched obsidian, orange-red fire magic, smoke and ash, glowing forge runes, fire element, centered composition, rich color grading, painterly brushwork, high detail --ar 3:4 --style raw --v 6","text, letters, watermark, signature, ui, frame, border, extra limbs, deformed hands, lowres, blurry, jpeg artifacts, modern clothing, photograph, 3d render plastic look"
pyr_r03,Руна Горения,Pyromancer,Common,512x720,Resources/Cards/Pyromancer,Resources/Cards/Pyromancer/pyr_r03.png,"dark fantasy trading card game illustration, an ancient glowing rune sigil carved on stone: 'Руна Горения', molten lava cracks, ember storm, scorched obsidian, orange-red fire magic, smoke and ash, glowing forge runes, fire element, centered composition, rich color grading, painterly brushwork, high detail --ar 3:4 --style raw --v 6","text, letters, watermark, signature, ui, frame, border, extra limbs, deformed hands, lowres, blurry, jpeg artifacts, modern clothing, photograph, 3d render plastic look"
pyr_r04,Руна Великого Горна,Pyromancer,Rare,512x720,Resources/Cards/Pyromancer,Resources/Cards/Pyromancer/pyr_r04.png,"intricate detailing, dark fantasy trading card game illustration, an ancient glowing rune sigil carved on stone: 'Руна Великого Горна', molten lava cracks, ember storm, scorched obsidian, orange-red fire magic, smoke and ash, glowing forge runes, fire element, centered composition, rich color grading, painterly brushwork, high detail --ar 3:4 --style raw --v 6","text, letters, watermark, signature, ui, frame, border, extra limbs, deformed hands, lowres, blurry, jpeg artifacts, modern clothing, photograph, 3d render plastic look"
pyr_r05,Руна Извержения,Pyromancer,Epic,512x720,Resources/Cards/Pyromancer,Resources/Cards/Pyromancer/pyr_r05.png,"epic cinematic composition, volumetric light, dark fantasy trading card game illustration, an ancient glowing rune sigil carved on stone: 'Руна Извержения', molten lava cracks, ember storm, scorched obsidian, orange-red fire magic, smoke and ash, glowing forge runes, fire element, centered composition, rich color grading, painterly brushwork, high detail --ar 3:4 --style raw --v 6","text, letters, watermark, signature, ui, frame, border, extra limbs, deformed hands, lowres, blurry, jpeg artifacts, modern clothing, photograph, 3d render plastic look"
pyr_r06,Руна Вечного Пламени,Pyromancer,Legendary,512x720,Resources/Cards/Pyromancer,Resources/Cards/Pyromancer/pyr_r06.png,"legendary masterpiece composition, dramatic rim light, particle effects, dark fantasy trading card game illustration, an ancient glowing rune sigil carved on stone: 'Руна Вечного Пламени', molten lava cracks, ember storm, scorched obsidian, orange-red fire magic, smoke and ash, glowing forge runes, fire element, centered composition, rich color grading, painterly brushwork, high detail --ar 3:4 --style raw --v 6","text, letters, watermark, signature, ui, frame, border, extra limbs, deformed hands, lowres, blurry, jpeg artifacts, modern clothing, photograph, 3d render plastic look"
eth_01,Эфирный разведчик,Ethereal,Common,512x720,Resources/Cards/Ethereal,Resources/Cards/Ethereal/eth_01.png,"dark fantasy trading card game illustration, a single heroic creature character: 'Эфирный разведчик', silver mist and teal aurora, translucent ghostly forms, floating silk veils, moonlit sky, mirror shards, weightless particles, air element, centered composition, rich color grading, painterly brushwork, high detail --ar 3:4 --style raw --v 6","text, letters, watermark, signature, ui, frame, border, extra limbs, deformed hands, lowres, blurry, jpeg artifacts, modern clothing, photograph, 3d render plastic look"
eth_02,Туманный скиталец,Ethereal,Common,512x720,Resources/Cards/Ethereal,Resources/Cards/Ethereal/eth_02.png,"dark fantasy trading card game illustration, a single heroic creature character: 'Туманный скиталец', silver mist and teal aurora, translucent ghostly forms, floating silk veils, moonlit sky, mirror shards, weightless particles, air element, centered composition, rich color grading, painterly brushwork, high detail --ar 3:4 --style raw --v 6","text, letters, watermark, signature, ui, frame, border, extra limbs, deformed hands, lowres, blurry, jpeg artifacts, modern clothing, photograph, 3d render plastic look"
eth_03,Сильф-вор,Ethereal,Common,512x720,Resources/Cards/Ethereal,Resources/Cards/Ethereal/eth_03.png,"dark fantasy trading card game illustration, a single heroic creature character: 'Сильф-вор', silver mist and teal aurora, translucent ghostly forms, floating silk veils, moonlit sky, mirror shards, weightless particles, air element, centered composition, rich color grading, painterly brushwork, high detail --ar 3:4 --style raw --v 6","text, letters, watermark, signature, ui, frame, border, extra limbs, deformed hands, lowres, blurry, jpeg artifacts, modern clothing, photograph, 3d render plastic look"
eth_04,Ветряной джинн,Ethereal,Common,512x720,Resources/Cards/Ethereal,Resources/Cards/Ethereal/eth_04.png,"dark fantasy trading card game illustration, a single heroic creature character: 'Ветряной джинн', silver mist and teal aurora, translucent ghostly forms, floating silk veils, moonlit sky, mirror shards, weightless particles, air element, centered composition, rich color grading, painterly brushwork, high detail --ar 3:4 --style raw --v 6","text, letters, watermark, signature, ui, frame, border, extra limbs, deformed hands, lowres, blurry, jpeg artifacts, modern clothing, photograph, 3d render plastic look"
eth_05,Ткач иллюзий,Ethereal,Common,512x720,Resources/Cards/Ethereal,Resources/Cards/Ethereal/eth_05.png,"dark fantasy trading card game illustration, a single heroic creature character: 'Ткач иллюзий', silver mist and teal aurora, translucent ghostly forms, floating silk veils, moonlit sky, mirror shards, weightless particles, air element, centered composition, rich color grading, painterly brushwork, high detail --ar 3:4 --style raw --v 6","text, letters, watermark, signature, ui, frame, border, extra limbs, deformed hands, lowres, blurry, jpeg artifacts, modern clothing, photograph, 3d render plastic look"
eth_06,Миражный страж,Ethereal,Common,512x720,Resources/Cards/Ethereal,Resources/Cards/Ethereal/eth_06.png,"dark fantasy trading card game illustration, a single heroic creature character: 'Миражный страж', silver mist and teal aurora, translucent ghostly forms, floating silk veils, moonlit sky, mirror shards, weightless particles, air element, centered composition, rich color grading, painterly brushwork, high detail --ar 3:4 --style raw --v 6","text, letters, watermark, signature, ui, frame, border, extra limbs, deformed hands, lowres, blurry, jpeg artifacts, modern clothing, photograph, 3d render plastic look"
eth_07,Серебристый иллюзионист,Ethereal,Common,512x720,Resources/Cards/Ethereal,Resources/Cards/Ethereal/eth_07.png,"dark fantasy trading card game illustration, a single heroic creature character: 'Серебристый иллюзионист', silver mist and teal aurora, translucent ghostly forms, floating silk veils, moonlit sky, mirror shards, weightless particles, air element, centered composition, rich color grading, painterly brushwork, high detail --ar 3:4 --style raw --v 6","text, letters, watermark, signature, ui, frame, border, extra limbs, deformed hands, lowres, blurry, jpeg artifacts, modern clothing, photograph, 3d render plastic look"
eth_08,Шёпот тумана,Ethereal,Common,512x720,Resources/Cards/Ethereal,Resources/Cards/Ethereal/eth_08.png,"dark fantasy trading card game illustration, a single heroic creature character: 'Шёпот тумана', silver mist and teal aurora, translucent ghostly forms, floating silk veils, moonlit sky, mirror shards, weightless particles, air element, centered composition, rich color grading, painterly brushwork, high detail --ar 3:4 --style raw --v 6","text, letters, watermark, signature, ui, frame, border, extra limbs, deformed hands, lowres, blurry, jpeg artifacts, modern clothing, photograph, 3d render plastic look"
eth_09,Повелитель ветров,Ethereal,Common,512x720,Resources/Cards/Ethereal,Resources/Cards/Ethereal/eth_09.png,"dark fantasy trading card game illustration, a single heroic creature character: 'Повелитель ветров', silver mist and teal aurora, translucent ghostly forms, floating silk veils, moonlit sky, mirror shards, weightless particles, air element, centered composition, rich color grading, painterly brushwork, high detail --ar 3:4 --style raw --v 6","text, letters, watermark, signature, ui, frame, border, extra limbs, deformed hands, lowres, blurry, jpeg artifacts, modern clothing, photograph, 3d render plastic look"
eth_10,Призрачный ассасин,Ethereal,Rare,512x720,Resources/Cards/Ethereal,Resources/Cards/Ethereal/eth_10.png,"intricate detailing, dark fantasy trading card game illustration, a single heroic creature character: 'Призрачный ассасин', silver mist and teal aurora, translucent ghostly forms, floating silk veils, moonlit sky, mirror shards, weightless particles, air element, centered composition, rich color grading, painterly brushwork, high detail --ar 3:4 --style raw --v 6","text, letters, watermark, signature, ui, frame, border, extra limbs, deformed hands, lowres, blurry, jpeg artifacts, modern clothing, photograph, 3d render plastic look"
eth_11,Зеркальный двойник,Ethereal,Rare,512x720,Resources/Cards/Ethereal,Resources/Cards/Ethereal/eth_11.png,"intricate detailing, dark fantasy trading card game illustration, a single heroic creature character: 'Зеркальный двойник', silver mist and teal aurora, translucent ghostly forms, floating silk veils, moonlit sky, mirror shards, weightless particles, water element, centered composition, rich color grading, painterly brushwork, high detail --ar 3:4 --style raw --v 6","text, letters, watermark, signature, ui, frame, border, extra limbs, deformed hands, lowres, blurry, jpeg artifacts, modern clothing, photograph, 3d render plastic look"
eth_12,Эхо-повелитель,Ethereal,Epic,512x720,Resources/Cards/Ethereal,Resources/Cards/Ethereal/eth_12.png,"epic cinematic composition, volumetric light, dark fantasy trading card game illustration, a single heroic creature character: 'Эхо-повелитель', silver mist and teal aurora, translucent ghostly forms, floating silk veils, moonlit sky, mirror shards, weightless particles, air element, centered composition, rich color grading, painterly brushwork, high detail --ar 3:4 --style raw --v 6","text, letters, watermark, signature, ui, frame, border, extra limbs, deformed hands, lowres, blurry, jpeg artifacts, modern clothing, photograph, 3d render plastic look"
eth_13,Фантомный колосс,Ethereal,Epic,512x720,Resources/Cards/Ethereal,Resources/Cards/Ethereal/eth_13.png,"epic cinematic composition, volumetric light, dark fantasy trading card game illustration, a single heroic creature character: 'Фантомный колосс', silver mist and teal aurora, translucent ghostly forms, floating silk veils, moonlit sky, mirror shards, weightless particles, air element, centered composition, rich color grading, painterly brushwork, high detail --ar 3:4 --style raw --v 6","text, letters, watermark, signature, ui, frame, border, extra limbs, deformed hands, lowres, blurry, jpeg artifacts, modern clothing, photograph, 3d render plastic look"
eth_14,Похититель пустоты,Ethereal,Epic,512x720,Resources/Cards/Ethereal,Resources/Cards/Ethereal/eth_14.png,"epic cinematic composition, volumetric light, dark fantasy trading card game illustration, a single heroic creature character: 'Похититель пустоты', silver mist and teal aurora, translucent ghostly forms, floating silk veils, moonlit sky, mirror shards, weightless particles, chaos/void element, centered composition, rich color grading, painterly brushwork, high detail --ar 3:4 --style raw --v 6","text, letters, watermark, signature, ui, frame, border, extra limbs, deformed hands, lowres, blurry, jpeg artifacts, modern clothing, photograph, 3d render plastic look"
eth_15,Серебряный архонт,Ethereal,Legendary,512x720,Resources/Cards/Ethereal,Resources/Cards/Ethereal/eth_15.png,"legendary masterpiece composition, dramatic rim light, particle effects, dark fantasy trading card game illustration, a single heroic creature character: 'Серебряный архонт', silver mist and teal aurora, translucent ghostly forms, floating silk veils, moonlit sky, mirror shards, weightless particles, air element, centered composition, rich color grading, painterly brushwork, high detail --ar 3:4 --style raw --v 6","text, letters, watermark, signature, ui, frame, border, extra limbs, deformed hands, lowres, blurry, jpeg artifacts, modern clothing, photograph, 3d render plastic look"
eth_s01,Шёпот,Ethereal,Common,512x720,Resources/Cards/Ethereal,Resources/Cards/Ethereal/eth_s01.png,"dark fantasy trading card game illustration, a burst of magical energy: 'Шёпот', silver mist and teal aurora, translucent ghostly forms, floating silk veils, moonlit sky, mirror shards, weightless particles, air element, centered composition, rich color grading, painterly brushwork, high detail --ar 3:4 --style raw --v 6","text, letters, watermark, signature, ui, frame, border, extra limbs, deformed hands, lowres, blurry, jpeg artifacts, modern clothing, photograph, 3d render plastic look"
eth_s02,Вуаль тумана,Ethereal,Common,512x720,Resources/Cards/Ethereal,Resources/Cards/Ethereal/eth_s02.png,"dark fantasy trading card game illustration, a burst of magical energy: 'Вуаль тумана', silver mist and teal aurora, translucent ghostly forms, floating silk veils, moonlit sky, mirror shards, weightless particles, air element, centered composition, rich color grading, painterly brushwork, high detail --ar 3:4 --style raw --v 6","text, letters, watermark, signature, ui, frame, border, extra limbs, deformed hands, lowres, blurry, jpeg artifacts, modern clothing, photograph, 3d render plastic look"
eth_s03,Иллюзорный двойник,Ethereal,Common,512x720,Resources/Cards/Ethereal,Resources/Cards/Ethereal/eth_s03.png,"dark fantasy trading card game illustration, a burst of magical energy: 'Иллюзорный двойник', silver mist and teal aurora, translucent ghostly forms, floating silk veils, moonlit sky, mirror shards, weightless particles, air element, centered composition, rich color grading, painterly brushwork, high detail --ar 3:4 --style raw --v 6","text, letters, watermark, signature, ui, frame, border, extra limbs, deformed hands, lowres, blurry, jpeg artifacts, modern clothing, photograph, 3d render plastic look"
eth_s04,Похищение разума,Ethereal,Common,512x720,Resources/Cards/Ethereal,Resources/Cards/Ethereal/eth_s04.png,"dark fantasy trading card game illustration, a burst of magical energy: 'Похищение разума', silver mist and teal aurora, translucent ghostly forms, floating silk veils, moonlit sky, mirror shards, weightless particles, air element, centered composition, rich color grading, painterly brushwork, high detail --ar 3:4 --style raw --v 6","text, letters, watermark, signature, ui, frame, border, extra limbs, deformed hands, lowres, blurry, jpeg artifacts, modern clothing, photograph, 3d render plastic look"
eth_s05,Ледяной ветер,Ethereal,Common,512x720,Resources/Cards/Ethereal,Resources/Cards/Ethereal/eth_s05.png,"dark fantasy trading card game illustration, a burst of magical energy: 'Ледяной ветер', silver mist and teal aurora, translucent ghostly forms, floating silk veils, moonlit sky, mirror shards, weightless particles, water element, centered composition, rich color grading, painterly brushwork, high detail --ar 3:4 --style raw --v 6","text, letters, watermark, signature, ui, frame, border, extra limbs, deformed hands, lowres, blurry, jpeg artifacts, modern clothing, photograph, 3d render plastic look"
eth_s06,Серебряная клетка,Ethereal,Rare,512x720,Resources/Cards/Ethereal,Resources/Cards/Ethereal/eth_s06.png,"intricate detailing, dark fantasy trading card game illustration, a burst of magical energy: 'Серебряная клетка', silver mist and teal aurora, translucent ghostly forms, floating silk veils, moonlit sky, mirror shards, weightless particles, air element, centered composition, rich color grading, painterly brushwork, high detail --ar 3:4 --style raw --v 6","text, letters, watermark, signature, ui, frame, border, extra limbs, deformed hands, lowres, blurry, jpeg artifacts, modern clothing, photograph, 3d render plastic look"
eth_s07,Ветер перемен,Ethereal,Rare,512x720,Resources/Cards/Ethereal,Resources/Cards/Ethereal/eth_s07.png,"intricate detailing, dark fantasy trading card game illustration, a burst of magical energy: 'Ветер перемен', silver mist and teal aurora, translucent ghostly forms, floating silk veils, moonlit sky, mirror shards, weightless particles, air element, centered composition, rich color grading, painterly brushwork, high detail --ar 3:4 --style raw --v 6","text, letters, watermark, signature, ui, frame, border, extra limbs, deformed hands, lowres, blurry, jpeg artifacts, modern clothing, photograph, 3d render plastic look"
eth_s08,Абсолютная иллюзия,Ethereal,Rare,512x720,Resources/Cards/Ethereal,Resources/Cards/Ethereal/eth_s08.png,"intricate detailing, dark fantasy trading card game illustration, a burst of magical energy: 'Абсолютная иллюзия', silver mist and teal aurora, translucent ghostly forms, floating silk veils, moonlit sky, mirror shards, weightless particles, air element, centered composition, rich color grading, painterly brushwork, high detail --ar 3:4 --style raw --v 6","text, letters, watermark, signature, ui, frame, border, extra limbs, deformed hands, lowres, blurry, jpeg artifacts, modern clothing, photograph, 3d render plastic look"
eth_s09,Танец тысячи вуалей,Ethereal,Epic,512x720,Resources/Cards/Ethereal,Resources/Cards/Ethereal/eth_s09.png,"epic cinematic composition, volumetric light, dark fantasy trading card game illustration, a burst of magical energy: 'Танец тысячи вуалей', silver mist and teal aurora, translucent ghostly forms, floating silk veils, moonlit sky, mirror shards, weightless particles, air element, centered composition, rich color grading, painterly brushwork, high detail --ar 3:4 --style raw --v 6","text, letters, watermark, signature, ui, frame, border, extra limbs, deformed hands, lowres, blurry, jpeg artifacts, modern clothing, photograph, 3d render plastic look"
eth_r01,Руна Тумана,Ethereal,Common,512x720,Resources/Cards/Ethereal,Resources/Cards/Ethereal/eth_r01.png,"dark fantasy trading card game illustration, an ancient glowing rune sigil carved on stone: 'Руна Тумана', silver mist and teal aurora, translucent ghostly forms, floating silk veils, moonlit sky, mirror shards, weightless particles, air element, centered composition, rich color grading, painterly brushwork, high detail --ar 3:4 --style raw --v 6","text, letters, watermark, signature, ui, frame, border, extra limbs, deformed hands, lowres, blurry, jpeg artifacts, modern clothing, photograph, 3d render plastic look"
eth_r02,Руна Ветра,Ethereal,Common,512x720,Resources/Cards/Ethereal,Resources/Cards/Ethereal/eth_r02.png,"dark fantasy trading card game illustration, an ancient glowing rune sigil carved on stone: 'Руна Ветра', silver mist and teal aurora, translucent ghostly forms, floating silk veils, moonlit sky, mirror shards, weightless particles, air element, centered composition, rich color grading, painterly brushwork, high detail --ar 3:4 --style raw --v 6","text, letters, watermark, signature, ui, frame, border, extra limbs, deformed hands, lowres, blurry, jpeg artifacts, modern clothing, photograph, 3d render plastic look"
eth_r03,Руна Зеркал,Ethereal,Common,512x720,Resources/Cards/Ethereal,Resources/Cards/Ethereal/eth_r03.png,"dark fantasy trading card game illustration, an ancient glowing rune sigil carved on stone: 'Руна Зеркал', silver mist and teal aurora, translucent ghostly forms, floating silk veils, moonlit sky, mirror shards, weightless particles, air element, centered composition, rich color grading, painterly brushwork, high detail --ar 3:4 --style raw --v 6","text, letters, watermark, signature, ui, frame, border, extra limbs, deformed hands, lowres, blurry, jpeg artifacts, modern clothing, photograph, 3d render plastic look"
eth_r04,Руна Невесомости,Ethereal,Rare,512x720,Resources/Cards/Ethereal,Resources/Cards/Ethereal/eth_r04.png,"intricate detailing, dark fantasy trading card game illustration, an ancient glowing rune sigil carved on stone: 'Руна Невесомости', silver mist and teal aurora, translucent ghostly forms, floating silk veils, moonlit sky, mirror shards, weightless particles, air element, centered composition, rich color grading, painterly brushwork, high detail --ar 3:4 --style raw --v 6","text, letters, watermark, signature, ui, frame, border, extra limbs, deformed hands, lowres, blurry, jpeg artifacts, modern clothing, photograph, 3d render plastic look"
eth_r05,Руна Тысячи Шёпотов,Ethereal,Rare,512x720,Resources/Cards/Ethereal,Resources/Cards/Ethereal/eth_r05.png,"intricate detailing, dark fantasy trading card game illustration, an ancient glowing rune sigil carved on stone: 'Руна Тысячи Шёпотов', silver mist and teal aurora, translucent ghostly forms, floating silk veils, moonlit sky, mirror shards, weightless particles, air element, centered composition, rich color grading, painterly brushwork, high detail --ar 3:4 --style raw --v 6","text, letters, watermark, signature, ui, frame, border, extra limbs, deformed hands, lowres, blurry, jpeg artifacts, modern clothing, photograph, 3d render plastic look"
eth_r06,Руна Абсолютной Иллюзии,Ethereal,Epic,512x720,Resources/Cards/Ethereal,Resources/Cards/Ethereal/eth_r06.png,"epic cinematic composition, volumetric light, dark fantasy trading card game illustration, an ancient glowing rune sigil carved on stone: 'Руна Абсолютной Иллюзии', silver mist and teal aurora, translucent ghostly forms, floating silk veils, moonlit sky, mirror shards, weightless particles, chaos/void element, centered composition, rich color grading, painterly brushwork, high detail --ar 3:4 --style raw --v 6","text, letters, watermark, signature, ui, frame, border, extra limbs, deformed hands, lowres, blurry, jpeg artifacts, modern clothing, photograph, 3d render plastic look"
neu_01,Странник Цитадели,Neutral,Common,512x720,Resources/Cards/Neutral,Resources/Cards/Neutral/neu_01.png,"dark fantasy trading card game illustration, a single heroic creature character: 'Странник Цитадели', weathered stone hall of the Echo Citadel, neutral torchlight, dusty banners, ancient carved reliefs, centered composition, rich color grading, painterly brushwork, high detail --ar 3:4 --style raw --v 6","text, letters, watermark, signature, ui, frame, border, extra limbs, deformed hands, lowres, blurry, jpeg artifacts, modern clothing, photograph, 3d render plastic look"
neu_02,Наёмник Предместья,Neutral,Common,512x720,Resources/Cards/Neutral,Resources/Cards/Neutral/neu_02.png,"dark fantasy trading card game illustration, a single heroic creature character: 'Наёмник Предместья', weathered stone hall of the Echo Citadel, neutral torchlight, dusty banners, ancient carved reliefs, centered composition, rich color grading, painterly brushwork, high detail --ar 3:4 --style raw --v 6","text, letters, watermark, signature, ui, frame, border, extra limbs, deformed hands, lowres, blurry, jpeg artifacts, modern clothing, photograph, 3d render plastic look"
neu_03,Ветеран Осады,Neutral,Common,512x720,Resources/Cards/Neutral,Resources/Cards/Neutral/neu_03.png,"dark fantasy trading card game illustration, a single heroic creature character: 'Ветеран Осады', weathered stone hall of the Echo Citadel, neutral torchlight, dusty banners, ancient carved reliefs, centered composition, rich color grading, painterly brushwork, high detail --ar 3:4 --style raw --v 6","text, letters, watermark, signature, ui, frame, border, extra limbs, deformed hands, lowres, blurry, jpeg artifacts, modern clothing, photograph, 3d render plastic look"
neu_04,Рыцарь Без Знамени,Neutral,Common,512x720,Resources/Cards/Neutral,Resources/Cards/Neutral/neu_04.png,"dark fantasy trading card game illustration, a single heroic creature character: 'Рыцарь Без Знамени', weathered stone hall of the Echo Citadel, neutral torchlight, dusty banners, ancient carved reliefs, centered composition, rich color grading, painterly brushwork, high detail --ar 3:4 --style raw --v 6","text, letters, watermark, signature, ui, frame, border, extra limbs, deformed hands, lowres, blurry, jpeg artifacts, modern clothing, photograph, 3d render plastic look"
neu_05,Стражник Врат,Neutral,Common,512x720,Resources/Cards/Neutral,Resources/Cards/Neutral/neu_05.png,"dark fantasy trading card game illustration, a single heroic creature character: 'Стражник Врат', weathered stone hall of the Echo Citadel, neutral torchlight, dusty banners, ancient carved reliefs, centered composition, rich color grading, painterly brushwork, high detail --ar 3:4 --style raw --v 6","text, letters, watermark, signature, ui, frame, border, extra limbs, deformed hands, lowres, blurry, jpeg artifacts, modern clothing, photograph, 3d render plastic look"
neu_06,Эхо-архивариус,Neutral,Common,512x720,Resources/Cards/Neutral,Resources/Cards/Neutral/neu_06.png,"dark fantasy trading card game illustration, a single heroic creature character: 'Эхо-архивариус', weathered stone hall of the Echo Citadel, neutral torchlight, dusty banners, ancient carved reliefs, centered composition, rich color grading, painterly brushwork, high detail --ar 3:4 --style raw --v 6","text, letters, watermark, signature, ui, frame, border, extra limbs, deformed hands, lowres, blurry, jpeg artifacts, modern clothing, photograph, 3d render plastic look"
tkn_spark,Искра,Pyromancer,Common,512x720,Resources/Cards/_Tokens,Resources/Cards/_Tokens/tkn_spark.png,,
tkn_ash,Пепельный дух,Pyromancer,Common,512x720,Resources/Cards/_Tokens,Resources/Cards/_Tokens/tkn_ash.png,,
tkn_sapling,Росток,Terramorph,Common,512x720,Resources/Cards/_Tokens,Resources/Cards/_Tokens/tkn_sapling.png,,
tkn_golem,Каменный страж,Terramorph,Common,512x720,Resources/Cards/_Tokens,Resources/Cards/_Tokens/tkn_golem.png,,
tkn_light,Лучник света,Aurites,Common,512x720,Resources/Cards/_Tokens,Resources/Cards/_Tokens/tkn_light.png,,
tkn_skeleton,Скелет-прислужник,Necrus,Common,512x720,Resources/Cards/_Tokens,Resources/Cards/_Tokens/tkn_skeleton.png,,
tkn_wisp,Эфирный огонёк,Ethereal,Common,512x720,Resources/Cards/_Tokens,Resources/Cards/_Tokens/tkn_wisp.png,,
